{"type": "FeatureCollection", "features": [{"type": "Feature", "properties": {"route_id": "1A", "from_stop_sequence": 1, "to_stop_sequence": 2, "from_activity_id": "6a86dc1a0235f477d3591718", "to_activity_id": "6a86de220235f477d35918c3", "distance_m": 881.6314689312892, "source": "osm_drive_estimated", "estimated": true}, "geometry": {"type": "LineString", "coordinates": [[110.48986020764943, -7.755608814123619], [110.4898879, -7.7557809], [110.4897419, -7.7558217], [110.4894444, -7.7559047], [110.4892977, -7.7559456], [110.4892663, -7.7559544], [110.4891918, -7.7559752], [110.4891198, -7.7559953], [110.4890292, -7.7560206], [110.4889342, -7.7560471], [110.4889595, -7.7559637], [110.4889333, -7.7558653], [110.4889695, -7.7555991], [110.4886932, -7.7556343], [110.4886195, -7.7556735], [110.4882967, -7.7557299], [110.4882489, -7.7557392], [110.4881523, -7.7557562], [110.487519, -7.7558642], [110.4864429, -7.7560509], [110.486052, -7.7561316], [110.4858673, -7.7561688], [110.4852022, -7.7562898], [110.4849922, -7.756326], [110.4837307, -7.7565438], [110.4829219, -7.7566948], [110.48271546730604, -7.75677283791336]]}}, {"type": "Feature", "properties": {"route_id": "1A", "from_stop_sequence": 2, "to_stop_sequence": 3, "from_activity_id": "6a86de220235f477d35918c3", "to_activity_id": "6a86d589460277aa84152f9e", "distance_m": 1740.7710565880834, "source": "osm_drive_estimated", "estimated": true}, "geometry": {"type": "LineString", "coordinates": [[110.48271546730604, -7.75677283791336], [110.4829219, -7.7566948], [110.482711, -7.7567361], [110.4824058, -7.7567959], [110.4820875, -7.7568522], [110.4814211, -7.7569826], [110.4809762, -7.7571081], [110.4805484, -7.7572866], [110.4803869, -7.757354], [110.4802678, -7.7574441], [110.4800901, -7.7575658], [110.4798084, -7.7577824], [110.4795855, -7.7579833], [110.4793552, -7.7582262], [110.478955, -7.7586925], [110.478384, -7.7593495], [110.4778836, -7.7599434], [110.4777914, -7.7600281], [110.4776017, -7.7601984], [110.4772424, -7.7606024], [110.4771826, -7.7606719], [110.4771009, -7.7607669], [110.4770276, -7.7608497], [110.4766834, -7.7612399], [110.4765509, -7.761389], [110.4764141, -7.7615289], [110.4762673, -7.7617044], [110.475702, -7.7623283], [110.4743923, -7.763792], [110.4738799, -7.7643897], [110.4737994, -7.7644832], [110.473765, -7.7645235], [110.4730584, -7.7653506], [110.4725615, -7.7659384], [110.4725231, -7.7659772], [110.4722937, -7.7662457], [110.4719919, -7.766599], [110.4718436, -7.7667726], [110.47171253495856, -7.766707608845564]]}}, {"type": "Feature", "properties": {"route_id": "1A", "from_stop_sequence": 6, "to_stop_sequence": 7, "from_activity_id": "6a82e3344fd70be4125d2da1", "to_activity_id": "6a8961f652d86e03b5187355", "distance_m": 3109.975839686458, "source": "osm_drive_estimated", "estimated": true}, "geometry": {"type": "LineString", "coordinates": [[110.44874006597814, -7.782562289437621], [110.4485612, -7.7827813], [110.4476421, -7.783282], [110.4473553, -7.7834339], [110.4472699, -7.7834737], [110.4471877, -7.7835089], [110.4470981, -7.783537], [110.4470227, -7.7835541], [110.4469328, -7.7835657], [110.4468401, -7.7835688], [110.4465052, -7.7835628], [110.4449297, -7.783551], [110.4446447, -7.7835625], [110.4439285, -7.7835463], [110.4438464, -7.7835448], [110.4430094, -7.7835418], [110.4417065, -7.7835403], [110.4411491, -7.7835361], [110.4402426, -7.7835323], [110.4399844, -7.7835305], [110.4395372, -7.7835363], [110.4392414, -7.7835375], [110.4388887, -7.7835359], [110.4384776, -7.7835371], [110.4382895, -7.7835371], [110.4382656, -7.7835364], [110.4380328, -7.7835336], [110.438012, -7.7835327], [110.4378061, -7.7835318], [110.4377276, -7.783531], [110.436049, -7.7835233], [110.4359284, -7.7835241], [110.4355459, -7.783522], [110.435289, -7.7835216], [110.4350701, -7.7835217], [110.4349051, -7.7835229], [110.4339145, -7.7835259], [110.433187, -7.7835308], [110.4323996, -7.7835276], [110.430335, -7.783515], [110.4301621, -7.7835129], [110.4301425, -7.7835127], [110.4298073, -7.7835085], [110.4297076, -7.7835063], [110.4297164, -7.7834159], [110.4298121, -7.7834185], [110.4301094, -7.7834294], [110.4301445, -7.7834311], [110.4310179, -7.7834379], [110.4310686, -7.7834385], [110.431622, -7.7834436], [110.4323959, -7.7834465], [110.4331695, -7.7834489], [110.4339943, -7.783443], [110.4345191, -7.7834408], [110.4349136, -7.7834417], [110.4357559, -7.7834404], [110.4362925, -7.7834406], [110.4364758, -7.7834443], [110.4370401, -7.7834471], [110.43609695062298, -7.784580417870302]]}}, {"type": "Feature", "properties": {"route_id": "1A", "from_stop_sequence": 14, "to_stop_sequence": 15, "from_activity_id": "6a8d7398eca288692ef3da8b", "to_activity_id": "6a82a6e438bb192425f4b896", "distance_m": 706.7955246852904, "source": "osm_drive_estimated", "estimated": true}, "geometry": {"type": "LineString", "coordinates": [[110.38428667127943, -7.783115407637396], [110.3836722, -7.7830519], [110.3835945, -7.7830498], [110.383304, -7.7830467], [110.3828302, -7.7830456], [110.3826503, -7.7830438], [110.3826267, -7.7830435], [110.382423, -7.783043], [110.3823671, -7.7830424], [110.3823041, -7.7830421], [110.3814199, -7.7830349], [110.3813123, -7.7830341], [110.3807005, -7.7830285], [110.3804824, -7.7830251], [110.3796062, -7.7830113], [110.3794779, -7.7830099], [110.3794447, -7.7830095], [110.3794182, -7.7830091], [110.3792346, -7.7830085], [110.379062, -7.7830073], [110.3790437, -7.7830072], [110.3786688, -7.7830045], [110.3786422, -7.7830043], [110.3785892, -7.783004], [110.37788045948008, -7.783092673752378]]}}, {"type": "Feature", "properties": {"route_id": "1A", "from_stop_sequence": 15, "to_stop_sequence": 16, "from_activity_id": "6a82a6e438bb192425f4b896", "to_activity_id": "6a8ba3eca4262ae1033d0aed", "distance_m": 1074.2416344655096, "source": "osm_drive_estimated", "estimated": true}, "geometry": {"type": "LineString", "coordinates": [[110.37788045948008, -7.783092673752378], [110.3785892, -7.783004], [110.3785603, -7.7830038], [110.3785488, -7.7830037], [110.3785135, -7.7830034], [110.3783969, -7.7830026], [110.3783305, -7.7830021], [110.3783181, -7.7830021], [110.3779908, -7.7829998], [110.3778727, -7.7829989], [110.3775834, -7.7829969], [110.3774812, -7.7829962], [110.3774608, -7.782996], [110.3772474, -7.7829945], [110.3770006, -7.7829928], [110.3762782, -7.7829877], [110.3761261, -7.7829867], [110.3757742, -7.7829842], [110.3755684, -7.7829827], [110.3753443, -7.7829812], [110.3750966, -7.7829794], [110.3750679, -7.7829792], [110.3749926, -7.7829787], [110.3749033, -7.7829781], [110.3748277, -7.7829778], [110.3748061, -7.7829777], [110.3746159, -7.7829768], [110.3744966, -7.7829763], [110.3737832, -7.7829732], [110.3735929, -7.7829723], [110.3735193, -7.782972], [110.3733423, -7.7829713], [110.3732419, -7.7829708], [110.3730762, -7.7829701], [110.3729987, -7.7829698], [110.3727095, -7.7829685], [110.3726878, -7.7829684], [110.372329, -7.7829909], [110.3722851, -7.7829936], [110.3721366, -7.7829929], [110.3720683, -7.7829925], [110.3720189, -7.7829923], [110.371471, -7.7829896], [110.3713076, -7.7829888], [110.3706488, -7.7829855], [110.3704838, -7.7829472], [110.3702506, -7.7829444], [110.3702229, -7.7829441], [110.36955864583643, -7.782965837983895]]}}, {"type": "Feature", "properties": {"route_id": "1A", "from_stop_sequence": 16, "to_stop_sequence": 17, "from_activity_id": "6a8ba3eca4262ae1033d0aed", "to_activity_id": "6a8c457252d86e03b51a39d3", "distance_m": 618.910764143788, "source": "osm_drive_estimated", "estimated": true}, "geometry": {"type": "LineString", "coordinates": [[110.36955864583643, -7.782965837983895], [110.3702229, -7.7829441], [110.3700677, -7.7829422], [110.3699201, -7.7829405], [110.3697945, -7.782939], [110.3697103, -7.7829379], [110.3695926, -7.7829365], [110.3695465, -7.782936], [110.3694231, -7.7829345], [110.3693918, -7.7829341], [110.3693211, -7.7829333], [110.3692681, -7.7829327], [110.3691789, -7.7829316], [110.3691188, -7.7829309], [110.3690197, -7.7829297], [110.368975, -7.7829292], [110.3688658, -7.7829279], [110.368831, -7.7829274], [110.3687634, -7.7829266], [110.368601, -7.7829247], [110.3684602, -7.782923], [110.3683321, -7.7829561], [110.3678994, -7.7829506], [110.3674561, -7.7829442], [110.367369, -7.782943], [110.3673432, -7.7829425], [110.3672153, -7.7829394], [110.3672005, -7.7829855], [110.3671706, -7.7830238], [110.3671337, -7.7830477], [110.3670912, -7.7830592], [110.3670533, -7.7830612], [110.3670367, -7.7831941], [110.3670296, -7.7832515], [110.3670046, -7.7834522], [110.3669671, -7.7837527], [110.3669353, -7.7840085], [110.3668946, -7.7843351], [110.3668875, -7.7843921], [110.366858, -7.7846282], [110.36683935985099, -7.784749271429504]]}}, {"type": "Feature", "properties": {"route_id": "1A", "from_stop_sequence": 17, "to_stop_sequence": 18, "from_activity_id": "6a8c457252d86e03b51a39d3", "to_activity_id": "6a8bac5fa4262ae1033d0d42", "distance_m": 362.3193316648358, "source": "osm_drive_estimated", "estimated": true}, "geometry": {"type": "LineString", "coordinates": [[110.36683935985099, -7.784749271429504], [110.366858, -7.7846282], [110.3668419, -7.7847574], [110.3668199, -7.7849344], [110.3667509, -7.7854877], [110.366697, -7.7859204], [110.366661, -7.7862091], [110.3666257, -7.7864925], [110.3665898, -7.7867806], [110.3665533, -7.7870735], [110.3665197, -7.7873434], [110.3664799, -7.7876631], [110.3664769, -7.7876871], [110.3665164836438, -7.787650230803976]]}}, {"type": "Feature", "properties": {"route_id": "1A", "from_stop_sequence": 18, "to_stop_sequence": 19, "from_activity_id": "6a8bac5fa4262ae1033d0d42", "to_activity_id": "6a86be25460277aa8415118b", "distance_m": 647.445293403822, "source": "osm_drive_estimated", "estimated": true}, "geometry": {"type": "LineString", "coordinates": [[110.3665164836438, -7.787650230803976], [110.3664769, -7.7876871], [110.3664448, -7.7879442], [110.3664231, -7.7881185], [110.3663983, -7.7883175], [110.3663795, -7.7884683], [110.3663526, -7.7886843], [110.3663352, -7.7888235], [110.3663257, -7.7889001], [110.366316, -7.7889779], [110.3663029, -7.7890834], [110.3663482, -7.789186], [110.3663538, -7.7892064], [110.3663537, -7.7892285], [110.3663165, -7.7895408], [110.3663484, -7.7895578], [110.3663825, -7.789572], [110.3664161, -7.7895794], [110.3675496, -7.7896716], [110.3677163, -7.7896791], [110.3678796, -7.789678], [110.3682897, -7.7896638], [110.3683114, -7.7896644], [110.3684252, -7.7896643], [110.3685449, -7.7896762], [110.368637, -7.7896941], [110.3689199, -7.7897397], [110.3689548, -7.7897258], [110.3690083, -7.7896918], [110.3691857, -7.7895755], [110.3692201, -7.7895601], [110.3692554, -7.7895474], [110.3692961, -7.7895393], [110.3693394, -7.7895342], [110.3695854, -7.7895002], [110.3696318, -7.7894943], [110.3696814, -7.7894856], [110.3697305, -7.7894756], [110.3697737, -7.7894607], [110.3698151, -7.789444], [110.37010514084454, -7.789256599640282]]}}, {"type": "Feature", "properties": {"route_id": "1A", "from_stop_sequence": 19, "to_stop_sequence": 20, "from_activity_id": "6a86be25460277aa8415118b", "to_activity_id": "6a86c045460277aa84151af0", "distance_m": 1028.633696552273, "source": "osm_drive_estimated", "estimated": true}, "geometry": {"type": "LineString", "coordinates": [[110.37010514084454, -7.789256599640282], [110.3698151, -7.789444], [110.3698662, -7.7894225], [110.3700712, -7.7892839], [110.3704924, -7.7889944], [110.3713342, -7.7884179], [110.3714903, -7.7883123], [110.3715791, -7.7882568], [110.371703, -7.7881835], [110.3717716, -7.7881471], [110.3718438, -7.7881106], [110.3719488, -7.7880657], [110.3721709, -7.787984], [110.3722698, -7.7879509], [110.3723458, -7.7879285], [110.3724303, -7.7879104], [110.3725181, -7.7878936], [110.3726104, -7.7878797], [110.3727041, -7.7878671], [110.3730853, -7.7878434], [110.3731108, -7.787834], [110.3731332, -7.7878159], [110.3731489, -7.7877921], [110.3731609, -7.7877585], [110.3731794, -7.7876642], [110.3731687, -7.7874495], [110.3731671, -7.7873097], [110.3731711, -7.7872518], [110.3731786, -7.7871889], [110.3731917, -7.7871294], [110.3732062, -7.7870772], [110.3732217, -7.7870301], [110.3732393, -7.7869883], [110.3732625, -7.7869464], [110.3732872, -7.7869202], [110.3733179, -7.7868893], [110.3734534, -7.7868662], [110.3735448, -7.786853], [110.3736312, -7.786844], [110.3737159, -7.7868399], [110.3738018, -7.7868371], [110.3738659, -7.7868398], [110.373933, -7.7868447], [110.3740135, -7.7868535], [110.3740844, -7.786861], [110.3741459, -7.7868678], [110.3741808, -7.7868576], [110.3742073, -7.7868461], [110.3742268, -7.7868334], [110.3742423, -7.7868204], [110.3742558, -7.7868024], [110.3742638, -7.7867827], [110.3742788, -7.7867037], [110.3743337, -7.7863868], [110.3744272, -7.7858282], [110.3745164, -7.7858651], [110.3744236, -7.7864015], [110.3743979, -7.7865469], [110.3743679, -7.7867166], [110.3743681, -7.7867608], [110.3743721, -7.7867771], [110.3743806, -7.7867925], [110.3743933, -7.7868054], [110.3744093, -7.7868177], [110.3744276, -7.786829], [110.3744478, -7.7868389], [110.374612, -7.7868931], [110.3747054, -7.7869267], [110.3747875, -7.7869613], [110.3748544, -7.7869911], [110.3749174, -7.7870244], [110.3749769, -7.7870621], [110.3750411, -7.787107], [110.375131, -7.7871741], [110.3752071, -7.7872328], [110.375283, -7.7872902], [110.3753372, -7.7873414], [110.3753854, -7.7873942], [110.37537075941361, -7.787363850950726]]}}, {"type": "Feature", "properties": {"route_id": "1A", "from_stop_sequence": 20, "to_stop_sequence": 21, "from_activity_id": "6a86c045460277aa84151af0", "to_activity_id": "6a86be25460277aa8415118b", "distance_m": 1329.3357168255834, "source": "osm_drive_estimated", "estimated": true}, "geometry": {"type": "LineString", "coordinates": [[110.37537075941361, -7.787363850950726], [110.3753854, -7.7873942], [110.3752319, -7.7876675], [110.3751657, -7.7877883], [110.3750712, -7.7879606], [110.375022, -7.7880503], [110.374864, -7.7883515], [110.374832, -7.7883869], [110.3747934, -7.7884173], [110.37473, -7.7884592], [110.374664, -7.7884961], [110.3745943, -7.7885256], [110.3745316, -7.7885458], [110.3744613, -7.788561], [110.3743841, -7.7885693], [110.3742929, -7.7885758], [110.3741994, -7.788573], [110.3740572, -7.7885634], [110.3739748, -7.7885526], [110.3738854, -7.7885252], [110.3735805, -7.7884292], [110.3735076, -7.7883998], [110.3734461, -7.7883739], [110.3733895, -7.7883422], [110.3733434, -7.7883054], [110.3733048, -7.7882636], [110.3732715, -7.7882185], [110.3732434, -7.7881618], [110.3732263, -7.7881088], [110.3732127, -7.78804], [110.3732, -7.7880031], [110.3731846, -7.7879755], [110.3731619, -7.7879506], [110.3731341, -7.7879314], [110.3730977, -7.7879179], [110.3730548, -7.7879088], [110.373004, -7.7879077], [110.3727092, -7.7879261], [110.3726243, -7.787938], [110.3725341, -7.7879516], [110.3724574, -7.7879657], [110.3723765, -7.7879833], [110.3722925, -7.7880073], [110.3722055, -7.788036], [110.3721258, -7.7880648], [110.3720347, -7.7880989], [110.3719533, -7.7881319], [110.3718587, -7.788176], [110.371789, -7.7882102], [110.3717229, -7.7882454], [110.3716389, -7.7882917], [110.3715577, -7.7883434], [110.3713694, -7.7884671], [110.3705235, -7.7890492], [110.3701368, -7.789316], [110.3699183, -7.789464], [110.3698672, -7.7894919], [110.3698137, -7.7895153], [110.369749, -7.7895358], [110.3696885, -7.7895488], [110.3696511, -7.7895539], [110.3694199, -7.7895803], [110.3693737, -7.7895878], [110.3693287, -7.789598], [110.3692311, -7.7896302], [110.3691749, -7.7896622], [110.3691291, -7.7897095], [110.3690921, -7.7897588], [110.369062, -7.789794], [110.3690206, -7.7898214], [110.368995, -7.7898164], [110.3689599, -7.7897878], [110.368927, -7.7897589], [110.3686246, -7.7897113], [110.368582, -7.7897039], [110.3685571, -7.7897097], [110.3685417, -7.7897325], [110.3685309, -7.7897989], [110.3685265, -7.789833], [110.3685214, -7.7898615], [110.3685065, -7.7899463], [110.3684999, -7.7899717], [110.3684705, -7.7900554], [110.3684521, -7.7901044], [110.3684024, -7.7902199], [110.3683503, -7.7903239], [110.3683311, -7.7903461], [110.368312, -7.7903607], [110.3682833, -7.7903766], [110.3682555, -7.790386], [110.3682143, -7.7903915], [110.3681758, -7.7903928], [110.3681377, -7.7903919], [110.3681058, -7.7903889], [110.368076, -7.7903823], [110.3680021, -7.790353], [110.3680617, -7.7903246], [110.3680877, -7.7903179], [110.3681162, -7.7903157], [110.3681501, -7.7903179], [110.3681853, -7.7903187], [110.3682174, -7.7903127], [110.3682478, -7.7903031], [110.36827, -7.7902882], [110.3682862, -7.790263], [110.3683293, -7.790178], [110.3683786, -7.7900757], [110.3683952, -7.790033], [110.3684193, -7.7899708], [110.3684244, -7.7899525], [110.3684286, -7.7899317], [110.3684442, -7.7898474], [110.3684485, -7.7898188], [110.3684544, -7.7897704], [110.3684612, -7.7897412], [110.3684704, -7.7897219], [110.3684808, -7.7897053], [110.3685449, -7.7896762], [110.368637, -7.7896941], [110.3689199, -7.7897397], [110.3689548, -7.7897258], [110.3690083, -7.7896918], [110.3691857, -7.7895755], [110.3692201, -7.7895601], [110.3692554, -7.7895474], [110.3692961, -7.7895393], [110.3693394, -7.7895342], [110.3695854, -7.7895002], [110.3696318, -7.7894943], [110.3696814, -7.7894856], [110.3697305, -7.7894756], [110.3697737, -7.7894607], [110.3698151, -7.789444], [110.37010514084454, -7.789256599640282]]}}, {"type": "Feature", "properties": {"route_id": "1A", "from_stop_sequence": 21, "to_stop_sequence": 22, "from_activity_id": "6a86be25460277aa8415118b", "to_activity_id": "6a854da0bbd0aa678bab5d44", "distance_m": 2306.0762358512243, "source": "osm_drive_estimated", "estimated": true}, "geometry": {"type": "LineString", "coordinates": [[110.37010514084454, -7.789256599640282], [110.3698151, -7.789444], [110.3698662, -7.7894225], [110.3700712, -7.7892839], [110.3704924, -7.7889944], [110.3713342, -7.7884179], [110.3714903, -7.7883123], [110.3715791, -7.7882568], [110.371703, -7.7881835], [110.3717716, -7.7881471], [110.3718438, -7.7881106], [110.3719488, -7.7880657], [110.3721709, -7.787984], [110.3722698, -7.7879509], [110.3723458, -7.7879285], [110.3724303, -7.7879104], [110.3725181, -7.7878936], [110.3726104, -7.7878797], [110.3727041, -7.7878671], [110.3730853, -7.7878434], [110.3731108, -7.787834], [110.3731332, -7.7878159], [110.3731489, -7.7877921], [110.3731609, -7.7877585], [110.3731794, -7.7876642], [110.3731687, -7.7874495], [110.3731671, -7.7873097], [110.3731711, -7.7872518], [110.3731786, -7.7871889], [110.3731917, -7.7871294], [110.3732062, -7.7870772], [110.3732217, -7.7870301], [110.3732393, -7.7869883], [110.3732625, -7.7869464], [110.3732872, -7.7869202], [110.3733179, -7.7868893], [110.3734534, -7.7868662], [110.3735448, -7.786853], [110.3736312, -7.786844], [110.3737159, -7.7868399], [110.3738018, -7.7868371], [110.3738659, -7.7868398], [110.373933, -7.7868447], [110.3740135, -7.7868535], [110.3740844, -7.786861], [110.3741459, -7.7868678], [110.374229, -7.7868774], [110.3742863, -7.786887], [110.374336, -7.7868972], [110.3743875, -7.7869105], [110.3744433, -7.7869274], [110.3745136, -7.7869497], [110.3746355, -7.7869914], [110.3747331, -7.7870306], [110.374825, -7.7870728], [110.3749137, -7.7871216], [110.3750088, -7.7871858], [110.3751514, -7.7872986], [110.375171, -7.7873119], [110.3752026, -7.7873467], [110.3752235, -7.7873774], [110.375241, -7.7874106], [110.3752505, -7.7874441], [110.3752556, -7.7874797], [110.3752576, -7.7875249], [110.3752536, -7.787571], [110.3752463, -7.7876139], [110.3752319, -7.7876675], [110.3751657, -7.7877883], [110.3750712, -7.7879606], [110.375022, -7.7880503], [110.374864, -7.7883515], [110.374832, -7.7883869], [110.3747934, -7.7884173], [110.37473, -7.7884592], [110.374664, -7.7884961], [110.3745943, -7.7885256], [110.3745316, -7.7885458], [110.3744613, -7.788561], [110.3743841, -7.7885693], [110.3742929, -7.7885758], [110.3741994, -7.788573], [110.3740572, -7.7885634], [110.3739748, -7.7885526], [110.3738854, -7.7885252], [110.3735805, -7.7884292], [110.3735076, -7.7883998], [110.3734461, -7.7883739], [110.3733895, -7.7883422], [110.3733434, -7.7883054], [110.3733048, -7.7882636], [110.3732715, -7.7882185], [110.3732434, -7.7881618], [110.3732263, -7.7881088], [110.3732127, -7.78804], [110.3732, -7.7880031], [110.3731846, -7.7879755], [110.3731619, -7.7879506], [110.3731341, -7.7879314], [110.3730977, -7.7879179], [110.3730548, -7.7879088], [110.373004, -7.7879077], [110.3727092, -7.7879261], [110.3726243, -7.787938], [110.3725341, -7.7879516], [110.3724574, -7.7879657], [110.3723765, -7.7879833], [110.3722925, -7.7880073], [110.3722055, -7.788036], [110.3721258, -7.7880648], [110.3720347, -7.7880989], [110.3719533, -7.7881319], [110.3718587, -7.788176], [110.371789, -7.7882102], [110.3717229, -7.7882454], [110.3716389, -7.7882917], [110.3715577, -7.7883434], [110.3713694, -7.7884671], [110.3705235, -7.7890492], [110.3701368, -7.789316], [110.3699183, -7.789464], [110.3698672, -7.7894919], [110.3698137, -7.7895153], [110.369749, -7.7895358], [110.3696885, -7.7895488], [110.3696511, -7.7895539], [110.3694199, -7.7895803], [110.3693737, -7.7895878], [110.3693287, -7.789598], [110.3692311, -7.7896302], [110.3691749, -7.7896622], [110.3691291, -7.7897095], [110.3690921, -7.7897588], [110.369062, -7.789794], [110.3690206, -7.7898214], [110.368995, -7.7898164], [110.3689599, -7.7897878], [110.368927, -7.7897589], [110.3686246, -7.7897113], [110.368582, -7.7897039], [110.3685571, -7.7897097], [110.3685417, -7.7897325], [110.3685309, -7.7897989], [110.3685265, -7.789833], [110.3685214, -7.7898615], [110.3685065, -7.7899463], [110.3684999, -7.7899717], [110.3684705, -7.7900554], [110.3684521, -7.7901044], [110.3684024, -7.7902199], [110.3683503, -7.7903239], [110.3683311, -7.7903461], [110.368312, -7.7903607], [110.3682833, -7.7903766], [110.3682555, -7.790386], [110.3682143, -7.7903915], [110.3681758, -7.7903928], [110.3681377, -7.7903919], [110.3681058, -7.7903889], [110.368076, -7.7903823], [110.3680021, -7.790353], [110.367956, -7.7903025], [110.3679303, -7.7902786], [110.3679051, -7.7902629], [110.3676698, -7.7901607], [110.3676355, -7.7901528], [110.367602, -7.790148], [110.3673772, -7.7901352], [110.3668984, -7.7901076], [110.3668177, -7.7901032], [110.3667364, -7.7900986], [110.3666589, -7.7901187], [110.3666321, -7.7901222], [110.3666062, -7.7901229], [110.3663424, -7.7901111], [110.3662409, -7.790106], [110.3662051, -7.7901043], [110.3661948, -7.7901049], [110.3661847, -7.7901092], [110.3661761, -7.7901165], [110.3661701, -7.790125], [110.3661661, -7.7901355], [110.366114, -7.7905501], [110.3660791, -7.7908276], [110.3660387, -7.7911494], [110.3660157, -7.7913323], [110.3659763, -7.7916462], [110.3659611, -7.7917676], [110.36611832728073, -7.790937054153417]]}}, {"type": "Feature", "properties": {"route_id": "1A", "from_stop_sequence": 22, "to_stop_sequence": 23, "from_activity_id": "6a854da0bbd0aa678bab5d44", "to_activity_id": "6a85506ebbd0aa678bab6390", "distance_m": 476.2677190200377, "source": "osm_drive_estimated", "estimated": true}, "geometry": {"type": "LineString", "coordinates": [[110.36611832728073, -7.790937054153417], [110.3659611, -7.7917676], [110.3659265, -7.7920425], [110.3658892, -7.7923395], [110.3658511, -7.792643], [110.3657116, -7.7937547], [110.3656783, -7.7940203], [110.36559857460782, -7.795185718747462]]}}, {"type": "Feature", "properties": {"route_id": "1A", "from_stop_sequence": 23, "to_stop_sequence": 24, "from_activity_id": "6a85506ebbd0aa678bab6390", "to_activity_id": "6a8555e83dbe4dacc7849c7a", "distance_m": 789.2145458063991, "source": "osm_drive_estimated", "estimated": true}, "geometry": {"type": "LineString", "coordinates": [[110.36559857460782, -7.795185718747462], [110.3656783, -7.7940203], [110.3656488, -7.7942553], [110.365528, -7.795218], [110.365448, -7.7958554], [110.3653845, -7.7963616], [110.3652559, -7.7974366], [110.3651367, -7.7983519], [110.3651059, -7.7985886], [110.3650744, -7.7988304], [110.3650428, -7.7990731], [110.364989, -7.7994861], [110.3649645, -7.799674], [110.36499709175035, -7.79990342392729]]}}, {"type": "Feature", "properties": {"route_id": "1A", "from_stop_sequence": 24, "to_stop_sequence": 25, "from_activity_id": "6a8555e83dbe4dacc7849c7a", "to_activity_id": "6a86b6ff89acf23707a33178", "distance_m": 543.8840157260325, "source": "osm_drive_estimated", "estimated": true}, "geometry": {"type": "LineString", "coordinates": [[110.36499709175035, -7.79990342392729], [110.3649645, -7.799674], [110.3649435, -7.7998427], [110.3648985, -7.8002039], [110.3648936, -7.8002437], [110.3648289, -7.8007629], [110.364814, -7.800883], [110.364792, -7.8010596], [110.3647891, -7.8010829], [110.3647786, -7.8011672], [110.3647527, -7.8013747], [110.3649376, -7.8013683], [110.365023, -7.8013654], [110.3650472, -7.8013662], [110.3656884, -7.8013887], [110.3656856, -7.8014132], [110.3656822, -7.8014432], [110.3656707, -7.8015444], [110.3656613, -7.8016272], [110.3656614, -7.80164], [110.3656659, -7.8016529], [110.3656759, -7.8016625], [110.3656887, -7.8016685], [110.3659536, -7.801688], [110.3665908, -7.8017349], [110.3666876, -7.8017421], [110.3666969, -7.801605], [110.3667053, -7.8014824], [110.36717622423924, -7.801414970393125]]}}, {"type": "Feature", "properties": {"route_id": "1A", "from_stop_sequence": 28, "to_stop_sequence": 29, "from_activity_id": "6a86baac0235f477d358e46e", "to_activity_id": "6a85506ebbd0aa678bab6390", "distance_m": 441.1489859034293, "source": "osm_drive_estimated", "estimated": true}, "geometry": {"type": "LineString", "coordinates": [[110.36803342412259, -7.794265961281729], [110.3678043, -7.7938994], [110.3677895, -7.7938634], [110.3677246, -7.7938599], [110.367717, -7.7938596], [110.3673349, -7.7938397], [110.3658154, -7.7937606], [110.3657878, -7.7937585], [110.3657395, -7.7937561], [110.3657116, -7.7937547], [110.3656783, -7.7940203], [110.36559857460782, -7.795185718747462]]}}, {"type": "Feature", "properties": {"route_id": "1A", "from_stop_sequence": 29, "to_stop_sequence": 30, "from_activity_id": "6a85506ebbd0aa678bab6390", "to_activity_id": "6a86be25460277aa8415118b", "distance_m": 1887.3254726860864, "source": "osm_drive_estimated", "estimated": true}, "geometry": {"type": "LineString", "coordinates": [[110.36559857460782, -7.795185718747462], [110.3656783, -7.7940203], [110.3656488, -7.7942553], [110.365528, -7.795218], [110.365448, -7.7958554], [110.3653845, -7.7963616], [110.3654639, -7.7963682], [110.3668521, -7.7964837], [110.367502, -7.7965377], [110.3676872, -7.7965532], [110.3682372, -7.7965989], [110.3683909, -7.7966116], [110.3688548, -7.7966498], [110.368889, -7.7966526], [110.3691029, -7.7966702], [110.3690379, -7.796599], [110.3690274, -7.7965169], [110.3690278, -7.7965057], [110.3690626, -7.795635], [110.3690577, -7.7954794], [110.3690453, -7.795275], [110.3689395, -7.7948567], [110.3689037, -7.7947739], [110.3688556, -7.7947153], [110.3687943, -7.7946526], [110.3687449, -7.7946199], [110.368208, -7.7943234], [110.3681494, -7.7942639], [110.36788, -7.7939903], [110.3678043, -7.7938994], [110.3677895, -7.7938634], [110.3676987, -7.7936934], [110.3676546, -7.7934812], [110.3676358, -7.7932978], [110.3676138, -7.7930345], [110.3676056, -7.7929372], [110.367593, -7.7927667], [110.3675944, -7.7927072], [110.3675994, -7.7923025], [110.3676084, -7.7915801], [110.3676112, -7.7913535], [110.3676179, -7.7908164], [110.3676604, -7.7906781], [110.3676724, -7.7906452], [110.3676865, -7.7906157], [110.3677056, -7.7905826], [110.3677266, -7.79055], [110.3677438, -7.7905282], [110.3677598, -7.7905079], [110.3677793, -7.7904877], [110.3677958, -7.7904724], [110.3678154, -7.7904562], [110.3678384, -7.7904393], [110.3678606, -7.7904265], [110.3680021, -7.790353], [110.3680617, -7.7903246], [110.3680877, -7.7903179], [110.3681162, -7.7903157], [110.3681501, -7.7903179], [110.3681853, -7.7903187], [110.3682174, -7.7903127], [110.3682478, -7.7903031], [110.36827, -7.7902882], [110.3682862, -7.790263], [110.3683293, -7.790178], [110.3683786, -7.7900757], [110.3683952, -7.790033], [110.3684193, -7.7899708], [110.3684244, -7.7899525], [110.3684286, -7.7899317], [110.3684442, -7.7898474], [110.3684485, -7.7898188], [110.3684544, -7.7897704], [110.3684612, -7.7897412], [110.3684704, -7.7897219], [110.3684808, -7.7897053], [110.3685449, -7.7896762], [110.368637, -7.7896941], [110.3689199, -7.7897397], [110.3689548, -7.7897258], [110.3690083, -7.7896918], [110.3691857, -7.7895755], [110.3692201, -7.7895601], [110.3692554, -7.7895474], [110.3692961, -7.7895393], [110.3693394, -7.7895342], [110.3695854, -7.7895002], [110.3696318, -7.7894943], [110.3696814, -7.7894856], [110.3697305, -7.7894756], [110.3697737, -7.7894607], [110.3698151, -7.789444], [110.37010514084454, -7.789256599640282]]}}, {"type": "Feature", "properties": {"route_id": "1A", "from_stop_sequence": 30, "to_stop_sequence": 31, "from_activity_id": "6a86be25460277aa8415118b", "to_activity_id": "6a86c045460277aa84151af0", "distance_m": 1028.633696552273, "source": "osm_drive_estimated", "estimated": true}, "geometry": {"type": "LineString", "coordinates": [[110.37010514084454, -7.789256599640282], [110.3698151, -7.789444], [110.3698662, -7.7894225], [110.3700712, -7.7892839], [110.3704924, -7.7889944], [110.3713342, -7.7884179], [110.3714903, -7.7883123], [110.3715791, -7.7882568], [110.371703, -7.7881835], [110.3717716, -7.7881471], [110.3718438, -7.7881106], [110.3719488, -7.7880657], [110.3721709, -7.787984], [110.3722698, -7.7879509], [110.3723458, -7.7879285], [110.3724303, -7.7879104], [110.3725181, -7.7878936], [110.3726104, -7.7878797], [110.3727041, -7.7878671], [110.3730853, -7.7878434], [110.3731108, -7.787834], [110.3731332, -7.7878159], [110.3731489, -7.7877921], [110.3731609, -7.7877585], [110.3731794, -7.7876642], [110.3731687, -7.7874495], [110.3731671, -7.7873097], [110.3731711, -7.7872518], [110.3731786, -7.7871889], [110.3731917, -7.7871294], [110.3732062, -7.7870772], [110.3732217, -7.7870301], [110.3732393, -7.7869883], [110.3732625, -7.7869464], [110.3732872, -7.7869202], [110.3733179, -7.7868893], [110.3734534, -7.7868662], [110.3735448, -7.786853], [110.3736312, -7.786844], [110.3737159, -7.7868399], [110.3738018, -7.7868371], [110.3738659, -7.7868398], [110.373933, -7.7868447], [110.3740135, -7.7868535], [110.3740844, -7.786861], [110.3741459, -7.7868678], [110.3741808, -7.7868576], [110.3742073, -7.7868461], [110.3742268, -7.7868334], [110.3742423, -7.7868204], [110.3742558, -7.7868024], [110.3742638, -7.7867827], [110.3742788, -7.7867037], [110.3743337, -7.7863868], [110.3744272, -7.7858282], [110.3745164, -7.7858651], [110.3744236, -7.7864015], [110.3743979, -7.7865469], [110.3743679, -7.7867166], [110.3743681, -7.7867608], [110.3743721, -7.7867771], [110.3743806, -7.7867925], [110.3743933, -7.7868054], [110.3744093, -7.7868177], [110.3744276, -7.786829], [110.3744478, -7.7868389], [110.374612, -7.7868931], [110.3747054, -7.7869267], [110.3747875, -7.7869613], [110.3748544, -7.7869911], [110.3749174, -7.7870244], [110.3749769, -7.7870621], [110.3750411, -7.787107], [110.375131, -7.7871741], [110.3752071, -7.7872328], [110.375283, -7.7872902], [110.3753372, -7.7873414], [110.3753854, -7.7873942], [110.37537075941361, -7.787363850950726]]}}, {"type": "Feature", "properties": {"route_id": "1A", "from_stop_sequence": 31, "to_stop_sequence": 32, "from_activity_id": "6a86c045460277aa84151af0", "to_activity_id": "6a82bca038bb192425f4d1ce", "distance_m": 1055.3529980216167, "source": "osm_drive_estimated", "estimated": true}, "geometry": {"type": "LineString", "coordinates": [[110.37537075941361, -7.787363850950726], [110.3753854, -7.7873942], [110.3754517, -7.7874021], [110.375515, -7.78742], [110.3758135, -7.787518], [110.3760016, -7.7875748], [110.3760521, -7.7875851], [110.3760941, -7.7875861], [110.3761208, -7.7875781], [110.3761492, -7.7875654], [110.3761853, -7.7875454], [110.3762372, -7.7875017], [110.376514, -7.7869837], [110.3765487, -7.7869894], [110.3774067, -7.7871314], [110.3783839, -7.787305], [110.378621, -7.7871727], [110.378638, -7.7870795], [110.378711, -7.7870981], [110.3788742, -7.7871398], [110.3792326, -7.7872456], [110.3794467, -7.7873171], [110.3795542, -7.787349], [110.3800588, -7.7875067], [110.3802261, -7.7875527], [110.3803451, -7.7875813], [110.3804382, -7.7875841], [110.3805342, -7.7875558], [110.3810123, -7.7874173], [110.3811876, -7.7873564], [110.3812746, -7.7873313], [110.3814146, -7.7872908], [110.3817024, -7.7872285], [110.381881, -7.7871813], [110.3819309, -7.7871475], [110.3819761, -7.7871079], [110.3820161, -7.7870631], [110.3820501, -7.7870136], [110.3820777, -7.7869604], [110.3820984, -7.7869041], [110.3821261, -7.7866915], [110.382143, -7.786483], [110.3821519, -7.7863895], [110.3821681, -7.7863215], [110.3821987, -7.7862634], [110.3822863, -7.7861687], [110.3823788, -7.7861228], [110.3830244, -7.7861496], [110.3835311019015, -7.786178490478329]]}}, {"type": "Feature", "properties": {"route_id": "1A", "from_stop_sequence": 32, "to_stop_sequence": 33, "from_activity_id": "6a82bca038bb192425f4d1ce", "to_activity_id": "6a8e9c3b52d86e03b51b5e70", "distance_m": 1378.067195929302, "source": "osm_drive_estimated", "estimated": true}, "geometry": {"type": "LineString", "coordinates": [[110.3835311019015, -7.786178490478329], [110.3830244, -7.7861496], [110.3840591, -7.7861656], [110.3857316, -7.7862052], [110.3864383, -7.7862261], [110.3865854, -7.7862215], [110.386683, -7.786209], [110.386791, -7.7861917], [110.3869035, -7.7861707], [110.3870064, -7.7861303], [110.3871273, -7.7860668], [110.3872395, -7.7859893], [110.3873689, -7.7858949], [110.3874891, -7.7857893], [110.3875982, -7.7856723], [110.3876436, -7.7856222], [110.3877914, -7.7854522], [110.3879067, -7.7853196], [110.3880259, -7.7851474], [110.3881238, -7.784958], [110.3881478, -7.7847726], [110.3881424, -7.784525], [110.3881136, -7.7842131], [110.3880931, -7.7840266], [110.388002, -7.7832801], [110.3879732, -7.7830929], [110.3878742, -7.7830934], [110.3878182, -7.7830667], [110.3877783, -7.7830311], [110.3877602, -7.7830062], [110.387741, -7.7829736], [110.3877435, -7.7827636], [110.3878249, -7.7823021], [110.3879976, -7.7813699], [110.3882056, -7.7802288], [110.3882998, -7.779712], [110.3883566, -7.7794004], [110.3883971, -7.7791784], [110.388472, -7.7791923], [110.38846776345031, -7.779400709828366]]}}, {"type": "Feature", "properties": {"route_id": "1A", "from_stop_sequence": 40, "to_stop_sequence": 41, "from_activity_id": "6a82dd1338bb192425f4f6cf", "to_activity_id": "6a8961f652d86e03b5187355", "distance_m": 1101.5503320055382, "source": "osm_drive_estimated", "estimated": true}, "geometry": {"type": "LineString", "coordinates": [[110.43091366895266, -7.783398800192629], [110.431005, -7.7828699], [110.4313201, -7.7829038], [110.4316655, -7.7829509], [110.4317062, -7.7825324], [110.4317083, -7.7825126], [110.4317577, -7.7820579], [110.4320866, -7.7821267], [110.4325855, -7.7822288], [110.43266, -7.7822402], [110.432905, -7.782291], [110.4332007, -7.7823536], [110.434165, -7.7825738], [110.4340937, -7.7829549], [110.4339943, -7.783443], [110.4345191, -7.7834408], [110.4349136, -7.7834417], [110.4357559, -7.7834404], [110.4362925, -7.7834406], [110.4364758, -7.7834443], [110.4370401, -7.7834471], [110.43609695062298, -7.784580417870302]]}}, {"type": "Feature", "properties": {"route_id": "1A", "from_stop_sequence": 45, "to_stop_sequence": 46, "from_activity_id": "6a82dd1338bb192425f4f6cf", "to_activity_id": "6a86d589460277aa84152f9e", "distance_m": 5644.236918034773, "source": "osm_drive_estimated", "estimated": true}, "geometry": {"type": "LineString", "coordinates": [[110.43091366895266, -7.783398800192629], [110.431005, -7.7828699], [110.4313201, -7.7829038], [110.4316655, -7.7829509], [110.4317062, -7.7825324], [110.4317083, -7.7825126], [110.4317577, -7.7820579], [110.4320866, -7.7821267], [110.4325855, -7.7822288], [110.43266, -7.7822402], [110.432905, -7.782291], [110.4332007, -7.7823536], [110.434165, -7.7825738], [110.4340937, -7.7829549], [110.4339943, -7.783443], [110.4345191, -7.7834408], [110.4349136, -7.7834417], [110.4357559, -7.7834404], [110.4362925, -7.7834406], [110.4364758, -7.7834443], [110.4370401, -7.7834471], [110.4377072, -7.7834475], [110.4377287, -7.7834484], [110.4378172, -7.7834478], [110.4380196, -7.7834488], [110.4380406, -7.7834487], [110.4382658, -7.783449], [110.4386255, -7.7834502], [110.4391678, -7.7834538], [110.4392416, -7.783452], [110.4395374, -7.783452], [110.439594, -7.7834515], [110.4400718, -7.7834476], [110.4402389, -7.783447], [110.4405937, -7.7834477], [110.4412765, -7.7834539], [110.4415744, -7.7834544], [110.4426004, -7.7834585], [110.4430081, -7.7834562], [110.4431696, -7.7834566], [110.4437613, -7.783458], [110.443845, -7.7834588], [110.4439314, -7.783461], [110.4454017, -7.7834709], [110.4462613, -7.783478], [110.4468624, -7.7834834], [110.4469373, -7.7834815], [110.4469976, -7.7834734], [110.4470624, -7.7834608], [110.44713, -7.7834409], [110.4472029, -7.7834108], [110.447308, -7.7833613], [110.447597, -7.783209], [110.4482843, -7.7828372], [110.4488115, -7.7825493], [110.4488713, -7.7825168], [110.4493805, -7.7822398], [110.4501453, -7.7818238], [110.450425, -7.7816722], [110.4515797, -7.7810355], [110.4519518, -7.7808352], [110.4529005, -7.7803014], [110.4538202, -7.7798109], [110.4543755, -7.779504], [110.4556981, -7.7787747], [110.4559315, -7.7786463], [110.4563721, -7.7784008], [110.4569291, -7.7780976], [110.4573771, -7.7778512], [110.45837, -7.7773248], [110.4586136, -7.7771916], [110.4588275, -7.7770717], [110.4589093, -7.7770055], [110.4592626, -7.7768009], [110.4599839, -7.776399], [110.460282, -7.7762394], [110.4619449, -7.7753468], [110.4625466, -7.7750319], [110.4629918, -7.7747865], [110.4632148, -7.774668], [110.4642989, -7.7740889], [110.4646522, -7.7739102], [110.4648957, -7.7737786], [110.4655445, -7.7734402], [110.465955, -7.773225], [110.4660392, -7.7731807], [110.466115, -7.7731409], [110.4661614, -7.7731137], [110.4661976, -7.7730894], [110.4662361, -7.7730616], [110.4662849, -7.7730249], [110.4663037, -7.7730105], [110.4665047, -7.7728336], [110.4666296, -7.7727168], [110.466681, -7.7726635], [110.4667414, -7.7725895], [110.4667766, -7.7725493], [110.4669097, -7.7724001], [110.4670825, -7.7721972], [110.4674831, -7.7717347], [110.4681256, -7.7709985], [110.4684845, -7.7706037], [110.4685318, -7.7705496], [110.468827, -7.7702191], [110.4690502, -7.7699602], [110.4691846, -7.7698006], [110.4692235, -7.7697515], [110.4699966, -7.7687868], [110.4703512, -7.7683701], [110.4705968, -7.7680815], [110.4706776, -7.7679864], [110.4706818, -7.7679815], [110.4706985, -7.7679619], [110.470763, -7.7678902], [110.4708407, -7.7677985], [110.4708721, -7.7677614], [110.4715506, -7.7669606], [110.4717378, -7.7667407], [110.4719161, -7.7665311], [110.47204, -7.7663855], [110.4722416, -7.7661486], [110.4724427, -7.7659122], [110.4725231, -7.7659772], [110.4722937, -7.7662457], [110.4719919, -7.766599], [110.4718436, -7.7667726], [110.47171253495856, -7.766707608845564]]}}, {"type": "Feature", "properties": {"route_id": "1A", "from_stop_sequence": 46, "to_stop_sequence": 47, "from_activity_id": "6a86d589460277aa84152f9e", "to_activity_id": "6a86de220235f477d35918c3", "distance_m": 2073.0116688839107, "source": "osm_drive_estimated", "estimated": true}, "geometry": {"type": "LineString", "coordinates": [[110.47171253495856, -7.766707608845564], [110.4718436, -7.7667726], [110.4716274, -7.7670257], [110.4715506, -7.7669606], [110.4717378, -7.7667407], [110.4719161, -7.7665311], [110.47204, -7.7663855], [110.4722416, -7.7661486], [110.4724427, -7.7659122], [110.4724845, -7.7658631], [110.4730181, -7.7652181], [110.4732919, -7.7649144], [110.4737147, -7.7644175], [110.4737285, -7.7644013], [110.4738012, -7.7643166], [110.4743121, -7.7637242], [110.4752889, -7.7626332], [110.4761923, -7.7616394], [110.4763494, -7.7614601], [110.4766894, -7.761077], [110.4770283, -7.7607029], [110.4773546, -7.760344], [110.4775581, -7.7601138], [110.4778566, -7.7597885], [110.4779885, -7.7596786], [110.4788361, -7.7586846], [110.4794624, -7.757979], [110.4798889, -7.7576123], [110.4802122, -7.7573664], [110.4803971, -7.7572535], [110.4805217, -7.7572008], [110.4806942, -7.7571279], [110.4809377, -7.7570356], [110.4812099, -7.7569505], [110.4814835, -7.7568881], [110.4817235, -7.7568402], [110.4824093, -7.7567177], [110.4824058, -7.7567959], [110.4823934, -7.7570436], [110.4823846, -7.7578149], [110.4829457, -7.7576405], [110.4830027, -7.7576228], [110.4829815, -7.7574754], [110.4829219, -7.7566948], [110.48271546730604, -7.75677283791336]]}}, {"type": "Feature", "properties": {"route_id": "1A", "from_stop_sequence": 47, "to_stop_sequence": 48, "from_activity_id": "6a86de220235f477d35918c3", "to_activity_id": "6a86dc1a0235f477d3591718", "distance_m": 1043.5163767578117, "source": "osm_drive_estimated", "estimated": true}, "geometry": {"type": "LineString", "coordinates": [[110.48271546730604, -7.75677283791336], [110.4829219, -7.7566948], [110.482711, -7.7567361], [110.4824058, -7.7567959], [110.4824093, -7.7567177], [110.4836869, -7.7564721], [110.4848174, -7.7562728], [110.487246, -7.7558196], [110.487502, -7.7557793], [110.4878713, -7.7557201], [110.4881342, -7.755678], [110.4883171, -7.7556536], [110.4885085, -7.7555676], [110.4886718, -7.7555314], [110.4889856, -7.7554729], [110.4891102, -7.7554515], [110.4890983, -7.7555771], [110.4890767, -7.7557509], [110.4890716, -7.7557922], [110.4890632, -7.7558596], [110.4889595, -7.7559637], [110.4889342, -7.7560471], [110.4890292, -7.7560206], [110.4891198, -7.7559953], [110.4891918, -7.7559752], [110.4892663, -7.7559544], [110.4892977, -7.7559456], [110.4894444, -7.7559047], [110.4897419, -7.7558217], [110.4898879, -7.7557809], [110.48986020764943, -7.755608814123619]]}}, {"type": "Feature", "properties": {"route_id": "1B", "from_stop_sequence": 1, "to_stop_sequence": 2, "from_activity_id": "6a856e91bbd0aa678bab879c", "to_activity_id": "6a855e58bbd0aa678bab72c7", "distance_m": 764.3244901045865, "source": "osm_drive_estimated", "estimated": true}, "geometry": {"type": "LineString", "coordinates": [[110.35626401421268, -7.803758428469791], [110.3562113, -7.8039838], [110.3562199, -7.8036345], [110.3562238, -7.8034984], [110.35623, -7.8034734], [110.3562413, -7.803456], [110.3562582, -7.8034449], [110.3562815, -7.8034363], [110.3564138, -7.8034357], [110.3564189, -7.8031897], [110.3564248, -7.8028136], [110.3564255, -7.8027625], [110.3564648, -7.8013696], [110.3564655, -7.8013438], [110.3564715, -7.8011474], [110.3566051, -7.8011485], [110.3566362, -7.8011493], [110.356683, -7.8011505], [110.3567211, -7.8011515], [110.3579919, -7.8011633], [110.3592095, -7.8011747], [110.3593269, -7.8011789], [110.3599674, -7.8011837], [110.36014288772952, -7.801236698318434]]}}, {"type": "Feature", "properties": {"route_id": "1B", "from_stop_sequence": 2, "to_stop_sequence": 3, "from_activity_id": "6a855e58bbd0aa678bab72c7", "to_activity_id": "6a86b6ff89acf23707a33178", "distance_m": 875.4726847879874, "source": "osm_drive_estimated", "estimated": true}, "geometry": {"type": "LineString", "coordinates": [[110.36014288772952, -7.801236698318434], [110.3599674, -7.8011837], [110.3601798, -7.8011892], [110.3602274, -7.8011905], [110.3604445, -7.8011962], [110.3606337, -7.8012012], [110.3608454, -7.8012071], [110.361012, -7.801217], [110.3614848, -7.8012428], [110.3616409, -7.8012534], [110.3619047, -7.8012779], [110.3620292, -7.8012782], [110.3621559, -7.8012827], [110.3624188, -7.8012921], [110.3625068, -7.8012953], [110.3633322, -7.8013249], [110.3634928, -7.8013306], [110.3644284, -7.8013642], [110.3644546, -7.8013651], [110.3647527, -7.8013747], [110.3649376, -7.8013683], [110.365023, -7.8013654], [110.3650472, -7.8013662], [110.3656884, -7.8013887], [110.3656856, -7.8014132], [110.3656822, -7.8014432], [110.3656707, -7.8015444], [110.3656613, -7.8016272], [110.3656614, -7.80164], [110.3656659, -7.8016529], [110.3656759, -7.8016625], [110.3656887, -7.8016685], [110.3659536, -7.801688], [110.3665908, -7.8017349], [110.3666876, -7.8017421], [110.3666969, -7.801605], [110.3667053, -7.8014824], [110.36717622423924, -7.801414970393125]]}}, {"type": "Feature", "properties": {"route_id": "1B", "from_stop_sequence": 15, "to_stop_sequence": 16, "from_activity_id": "6a82dd1338bb192425f4f6cf", "to_activity_id": "6a8961f652d86e03b5187355", "distance_m": 1101.5503320055382, "source": "osm_drive_estimated", "estimated": true}, "geometry": {"type": "LineString", "coordinates": [[110.43091366895266, -7.783398800192629], [110.431005, -7.7828699], [110.4313201, -7.7829038], [110.4316655, -7.7829509], [110.4317062, -7.7825324], [110.4317083, -7.7825126], [110.4317577, -7.7820579], [110.4320866, -7.7821267], [110.4325855, -7.7822288], [110.43266, -7.7822402], [110.432905, -7.782291], [110.4332007, -7.7823536], [110.434165, -7.7825738], [110.4340937, -7.7829549], [110.4339943, -7.783443], [110.4345191, -7.7834408], [110.4349136, -7.7834417], [110.4357559, -7.7834404], [110.4362925, -7.7834406], [110.4364758, -7.7834443], [110.4370401, -7.7834471], [110.43609695062298, -7.784580417870302]]}}, {"type": "Feature", "properties": {"route_id": "1B", "from_stop_sequence": 18, "to_stop_sequence": 19, "from_activity_id": "6a82e6214fd70be4125d2fb9", "to_activity_id": "6a82cb4138bb192425f4e370", "distance_m": 5206.139851319544, "source": "osm_drive_estimated", "estimated": true}, "geometry": {"type": "LineString", "coordinates": [[110.4505629589354, -7.781743084004972], [110.4501453, -7.7818238], [110.4500837, -7.7811087], [110.4500456, -7.7807769], [110.4500315, -7.7806542], [110.4499561, -7.7799985], [110.4499195, -7.779997], [110.449885, -7.7799903], [110.4495105, -7.7799227], [110.4493227, -7.7798796], [110.4490706, -7.7798265], [110.4487819, -7.7798054], [110.4487263, -7.7798008], [110.4486753, -7.7798001], [110.4484205, -7.7797901], [110.4482884, -7.7797682], [110.4481657, -7.7797277], [110.4480907, -7.7796839], [110.4480041, -7.7796456], [110.4479252, -7.7796105], [110.4477544, -7.7795125], [110.4477144, -7.7794846], [110.4476208, -7.7794485], [110.4475758, -7.7794342], [110.4475289, -7.7794209], [110.4474322, -7.7793996], [110.447357, -7.7793826], [110.4472758, -7.7793648], [110.4469878, -7.7793236], [110.4469247, -7.7793173], [110.4468696, -7.7797064], [110.4465584, -7.7796969], [110.446248, -7.7796656], [110.4460287, -7.7796537], [110.445849, -7.7796437], [110.4457129, -7.7796278], [110.4456512, -7.7796151], [110.4454306, -7.7795593], [110.4452322, -7.7795026], [110.4450153, -7.7794234], [110.4449534, -7.7794052], [110.4447933, -7.779358], [110.4447307, -7.7793395], [110.4445849, -7.7792982], [110.4444475, -7.779256], [110.4444216, -7.7792484], [110.4438686, -7.7791216], [110.4438214, -7.7794041], [110.443696, -7.7801549], [110.4436635, -7.7803498], [110.4435597, -7.7809716], [110.443492, -7.7813931], [110.4432129, -7.7829876], [110.4432014, -7.783053], [110.4431696, -7.7834566], [110.4437613, -7.783458], [110.443845, -7.7834588], [110.4439314, -7.783461], [110.4439285, -7.7835463], [110.4438464, -7.7835448], [110.4430094, -7.7835418], [110.4417065, -7.7835403], [110.4411491, -7.7835361], [110.4402426, -7.7835323], [110.4399844, -7.7835305], [110.4395372, -7.7835363], [110.4392414, -7.7835375], [110.4388887, -7.7835359], [110.4384776, -7.7835371], [110.4382895, -7.7835371], [110.4382656, -7.7835364], [110.4380328, -7.7835336], [110.438012, -7.7835327], [110.4378061, -7.7835318], [110.4377276, -7.783531], [110.436049, -7.7835233], [110.4359284, -7.7835241], [110.4355459, -7.783522], [110.435289, -7.7835216], [110.4350701, -7.7835217], [110.4349051, -7.7835229], [110.4339145, -7.7835259], [110.433187, -7.7835308], [110.4323996, -7.7835276], [110.430335, -7.783515], [110.4301621, -7.7835129], [110.4301425, -7.7835127], [110.4298073, -7.7835085], [110.4297076, -7.7835063], [110.4294647, -7.7835058], [110.4293017, -7.7835034], [110.4285101, -7.7834871], [110.4283973, -7.7834846], [110.4281038, -7.7834783], [110.4275151, -7.7834689], [110.4265145, -7.7834475], [110.4264358, -7.7834458], [110.4260649, -7.7834379], [110.4257427, -7.783431], [110.4255317, -7.7834322], [110.4243874, -7.7834376], [110.4241178, -7.7834322], [110.4232548, -7.7834171], [110.4224414, -7.7834069], [110.4221947, -7.7834012], [110.4221624, -7.7834004], [110.4219894, -7.7833961], [110.4217214, -7.7833903], [110.4202895, -7.7833826], [110.4201397, -7.7833799], [110.4198241, -7.7833757], [110.4193842, -7.7833734], [110.4193189, -7.7833732], [110.4189099, -7.7833725], [110.4181616, -7.7833679], [110.4180889, -7.7833679], [110.4170367, -7.7833709], [110.4163055, -7.7833749], [110.413726, -7.7833647], [110.4128484, -7.7833854], [110.4123226, -7.7833806], [110.4122664, -7.7833807], [110.41161, -7.7833691], [110.4113315, -7.7833411], [110.4113031, -7.7833359], [110.4112799, -7.7833304], [110.4112669, -7.7833231], [110.411259, -7.7833113], [110.4112598, -7.7832851], [110.4112678, -7.7832747], [110.4112827, -7.7832671], [110.4113029, -7.7832627], [110.4113285, -7.7832593], [110.4116116, -7.7832396], [110.41161075628742, -7.783226023666944]]}}, {"type": "Feature", "properties": {"route_id": "1B", "from_stop_sequence": 36, "to_stop_sequence": 37, "from_activity_id": "6a86baac0235f477d358e46e", "to_activity_id": "6a85506ebbd0aa678bab6390", "distance_m": 441.1489859034293, "source": "osm_drive_estimated", "estimated": true}, "geometry": {"type": "LineString", "coordinates": [[110.36803342412259, -7.794265961281729], [110.3678043, -7.7938994], [110.3677895, -7.7938634], [110.3677246, -7.7938599], [110.367717, -7.7938596], [110.3673349, -7.7938397], [110.3658154, -7.7937606], [110.3657878, -7.7937585], [110.3657395, -7.7937561], [110.3657116, -7.7937547], [110.3656783, -7.7940203], [110.36559857460782, -7.795185718747462]]}}, {"type": "Feature", "properties": {"route_id": "2A", "from_stop_sequence": 1, "to_stop_sequence": 2, "from_activity_id": "6a8ee08652d86e03b51ba5d2", "to_activity_id": "6a82e20938bb192425f4fbc3", "distance_m": 1722.2959659485894, "source": "osm_drive_estimated", "estimated": true}, "geometry": {"type": "LineString", "coordinates": [[110.3958987657677, -7.756704954686867], [110.3960327, -7.7567392], [110.3960661, -7.7567471], [110.3959919, -7.7572509], [110.3959889, -7.7572866], [110.3959904, -7.7573295], [110.3959906, -7.7573573], [110.3959386, -7.7575993], [110.3958459, -7.7580306], [110.3958135, -7.7581814], [110.3957952, -7.7582665], [110.3957796, -7.7583389], [110.3957607, -7.7583908], [110.3957231, -7.7584939], [110.3956312, -7.7585072], [110.3956716, -7.7584019], [110.395702, -7.7583225], [110.3957163, -7.7582558], [110.3957479, -7.7581088], [110.3957923, -7.7579022], [110.3959347, -7.7572536], [110.3954825, -7.757125], [110.3953022, -7.7570734], [110.394967, -7.7569782], [110.3947031, -7.7568979], [110.3944159, -7.7568124], [110.3943529, -7.7567909], [110.394234, -7.7567528], [110.3938745, -7.7566176], [110.3938063, -7.7565981], [110.3936403, -7.7565508], [110.3931421, -7.7564087], [110.3930659, -7.7563867], [110.392979, -7.7563621], [110.3923468, -7.7561818], [110.3921241, -7.7561183], [110.3916594, -7.7559857], [110.3914556, -7.7559276], [110.3913795, -7.7559049], [110.3913511, -7.7560245], [110.3912492, -7.7564536], [110.3911637, -7.7568199], [110.3907651, -7.7567401], [110.3907241, -7.7567319], [110.3906525, -7.7567176], [110.3900611, -7.7565993], [110.3899647, -7.75658], [110.3893028, -7.7564475], [110.3891501, -7.7564123], [110.3888027, -7.7563124], [110.3887669, -7.7563068], [110.3887454, -7.7563055], [110.388724, -7.7563096], [110.3887064, -7.7563168], [110.3886847, -7.7563433], [110.3886761, -7.7563692], [110.3886129, -7.7566118], [110.3885932, -7.7567273], [110.3885813, -7.7568198], [110.3885722, -7.7569202], [110.3882521, -7.7568868], [110.3878919, -7.7568086], [110.3876405, -7.7567727], [110.3875199, -7.7567743], [110.3874391, -7.7567814], [110.3872718, -7.7567689], [110.3871162, -7.756749], [110.3869651, -7.7567255], [110.3869056, -7.7570943], [110.3869053, -7.7570987], [110.3868797, -7.7572552], [110.3868509, -7.7574331], [110.3867987, -7.7577568], [110.3867648, -7.7579657], [110.3867626, -7.7579807], [110.3867488, -7.7580663], [110.3863386914378, -7.758157195755828]]}}, {"type": "Feature", "properties": {"route_id": "2A", "from_stop_sequence": 2, "to_stop_sequence": 3, "from_activity_id": "6a82e20938bb192425f4fbc3", "to_activity_id": "6a8432efbb859bd06d94f679", "distance_m": 3512.7731657632826, "source": "osm_drive_estimated", "estimated": true}, "geometry": {"type": "LineString", "coordinates": [[110.3863386914378, -7.758157195755828], [110.3867488, -7.7580663], [110.3867626, -7.7579807], [110.3867648, -7.7579657], [110.3867987, -7.7577568], [110.3868509, -7.7574331], [110.3868797, -7.7572552], [110.3869053, -7.7570987], [110.3869056, -7.7570943], [110.3869651, -7.7567255], [110.3863922, -7.7566397], [110.386298, -7.7566256], [110.3863147, -7.7563532], [110.386258, -7.7563523], [110.3861725, -7.7563426], [110.3859526, -7.756315], [110.3859345, -7.756304], [110.3859244, -7.7562881], [110.3859224, -7.7562628], [110.3859219, -7.7561558], [110.3859575, -7.7558273], [110.3859615, -7.7557781], [110.3860049, -7.7555825], [110.3860484, -7.7554476], [110.3860981, -7.7552994], [110.3861456, -7.7551506], [110.3861578, -7.7550901], [110.3861718, -7.7550463], [110.3861503, -7.7549937], [110.3859155, -7.7545475], [110.3857701, -7.7542913], [110.3857517, -7.7541932], [110.3851302, -7.7540122], [110.3848852, -7.7539287], [110.3840577, -7.7536446], [110.3840245, -7.753705], [110.3838174, -7.7540731], [110.3835554, -7.7545406], [110.3835534, -7.7546133], [110.3835112, -7.75469], [110.3834864, -7.7547351], [110.3834386, -7.7548163], [110.3833662, -7.754939], [110.3833298, -7.7550063], [110.3832768, -7.7549462], [110.3831949, -7.7548534], [110.3831032, -7.7547655], [110.3830903, -7.7547532], [110.3826965, -7.7543763], [110.3820979, -7.7538835], [110.3817717, -7.7536591], [110.3815259, -7.7535182], [110.3812925, -7.7533926], [110.3805808, -7.7530499], [110.3797089, -7.7526442], [110.3792811, -7.7524646], [110.3786401, -7.7522619], [110.3783165, -7.752176], [110.3779347, -7.7520673], [110.3778256, -7.7520372], [110.3777196, -7.7520122], [110.3776169, -7.7519979], [110.3775, -7.7519924], [110.3774422, -7.751995], [110.3772745, -7.752011], [110.3765532, -7.7520939], [110.3761031, -7.7521301], [110.3759748, -7.7521395], [110.3758223, -7.7521344], [110.3756968, -7.7521231], [110.3755518, -7.7521086], [110.3754868, -7.752096], [110.3748777, -7.7519865], [110.3746453, -7.7519417], [110.3745662, -7.7519257], [110.3744517, -7.7519026], [110.3738539, -7.7517852], [110.3728285, -7.7515953], [110.3722129, -7.751491], [110.3720467, -7.7514122], [110.3717451, -7.7513574], [110.371489, -7.7513116], [110.3714727, -7.7513087], [110.3711894, -7.7512579], [110.3712293, -7.7511665], [110.3713401, -7.7509142], [110.3713551, -7.750874], [110.3713725, -7.7508273], [110.3714752, -7.7505981], [110.3715624, -7.7504176], [110.3717043, -7.7501553], [110.3718512, -7.7498946], [110.3719405, -7.7497245], [110.3720655, -7.7492259], [110.3720684, -7.7492112], [110.3720758, -7.7491737], [110.3720853, -7.7491255], [110.3721204, -7.7489425], [110.371938, -7.748925], [110.3719047, -7.7489315], [110.3718633, -7.7489438], [110.371824, -7.748957], [110.3717876, -7.7489761], [110.3716111, -7.7488271], [110.3715929, -7.7488091], [110.3715849, -7.7488009], [110.3715284, -7.748848], [110.3714316, -7.7489245], [110.3712014, -7.7490682], [110.3710234, -7.7491236], [110.3709845, -7.7491249], [110.370957, -7.7491183], [110.3708303, -7.7490666], [110.3707177, -7.7488993], [110.3707012, -7.7488465], [110.3706709, -7.7485625], [110.3705064, -7.7487735], [110.3704843, -7.7487834], [110.3704575, -7.7487854], [110.3694684, -7.7483768], [110.3692324, -7.7482785], [110.3692076, -7.7482831], [110.3691861, -7.7482957], [110.369125, -7.7484425], [110.3690875, -7.7485303], [110.3689896, -7.7487794], [110.3688982, -7.7490193], [110.3686805, -7.7493336], [110.3686484, -7.749404], [110.3685614, -7.7496452], [110.368381, -7.7495828], [110.3682097, -7.7495236], [110.3676425, -7.7494164], [110.3673438, -7.7503095], [110.36769187033116, -7.750480947112415]]}}, {"type": "Feature", "properties": {"route_id": "2A", "from_stop_sequence": 3, "to_stop_sequence": 4, "from_activity_id": "6a8432efbb859bd06d94f679", "to_activity_id": "6a82732138bb192425f47850", "distance_m": 1213.4452196009547, "source": "osm_drive_estimated", "estimated": true}, "geometry": {"type": "LineString", "coordinates": [[110.36769187033116, -7.750480947112415], [110.3673438, -7.7503095], [110.3671336, -7.7502306], [110.3670081, -7.7502066], [110.3668129, -7.7501961], [110.3666567, -7.7501879], [110.3662089, -7.7501973], [110.3660157, -7.7501508], [110.3655739, -7.7500152], [110.3654666, -7.7499989], [110.3654475, -7.7499937], [110.3650693, -7.7499237], [110.3649881, -7.7496119], [110.3649482, -7.7492738], [110.3649187, -7.7491349], [110.3648765, -7.7490359], [110.364849, -7.7489937], [110.3648396, -7.7489668], [110.3648335, -7.7487595], [110.3648303, -7.7486945], [110.3647515, -7.7486692], [110.3646143, -7.7486492], [110.3640372, -7.7485661], [110.3640385, -7.7483896], [110.3640396, -7.7482379], [110.3640235, -7.7481801], [110.3639853, -7.7481223], [110.3638961, -7.748006], [110.363766, -7.7478924], [110.3629108, -7.7478215], [110.3628816, -7.7478206], [110.3625143, -7.7478102], [110.3624911, -7.7483653], [110.3624827, -7.748529], [110.3624682, -7.7485694], [110.3624482, -7.7485973], [110.3624222, -7.7486164], [110.3623882, -7.7486238], [110.3623533, -7.7486134], [110.3623326, -7.7485942], [110.3623178, -7.7485715], [110.362303, -7.7485386], [110.3623114, -7.7484105], [110.3623143, -7.7483438], [110.3623576, -7.7478124], [110.3617637, -7.7476631], [110.361698, -7.7476479], [110.3610975, -7.7475037], [110.361015, -7.7474846], [110.3606272, -7.7474096], [110.36128820793846, -7.747511361346895]]}}, {"type": "Feature", "properties": {"route_id": "2A", "from_stop_sequence": 4, "to_stop_sequence": 5, "from_activity_id": "6a82732138bb192425f47850", "to_activity_id": "6a8432efbb859bd06d94f679", "distance_m": 1002.193570847499, "source": "osm_drive_estimated", "estimated": true}, "geometry": {"type": "LineString", "coordinates": [[110.36128820793846, -7.747511361346895], [110.3606272, -7.7474096], [110.360734, -7.7477148], [110.3607513, -7.7478877], [110.3607427, -7.7480582], [110.360729, -7.7484166], [110.3614229, -7.7487253], [110.3616479, -7.7488264], [110.3618191, -7.748894], [110.3619671, -7.7489483], [110.3621915, -7.7490058], [110.3622286, -7.748992], [110.3623069, -7.7489828], [110.3623841, -7.7489984], [110.3624524, -7.7490373], [110.3624809, -7.7490656], [110.362505, -7.7490954], [110.3625204, -7.7491276], [110.3628514, -7.7492983], [110.3631172, -7.7494179], [110.363246, -7.7494758], [110.3635294, -7.7496013], [110.3638268, -7.7497199], [110.364023, -7.7497945], [110.3641596, -7.7498013], [110.364503, -7.7498319], [110.3648812, -7.7499037], [110.3650693, -7.7499237], [110.3654475, -7.7499937], [110.3654666, -7.7499989], [110.3655739, -7.7500152], [110.3660157, -7.7501508], [110.3662089, -7.7501973], [110.3666567, -7.7501879], [110.3668129, -7.7501961], [110.3670081, -7.7502066], [110.3671336, -7.7502306], [110.3673438, -7.7503095], [110.36769187033116, -7.750480947112415]]}}, {"type": "Feature", "properties": {"route_id": "2A", "from_stop_sequence": 5, "to_stop_sequence": 6, "from_activity_id": "6a8432efbb859bd06d94f679", "to_activity_id": "6a842c273dbe4dacc783d981", "distance_m": 1100.5035174231173, "source": "osm_drive_estimated", "estimated": true}, "geometry": {"type": "LineString", "coordinates": [[110.36769187033116, -7.750480947112415], [110.3673438, -7.7503095], [110.3672836, -7.7504895], [110.3673609, -7.7504963], [110.3676532, -7.7505203], [110.3682278, -7.750583], [110.3686743, -7.7506321], [110.3689487, -7.7506621], [110.3692998, -7.750719], [110.3700466, -7.7508445], [110.3701356, -7.7508814], [110.3701765, -7.7508993], [110.370206, -7.7509255], [110.370218, -7.7509453], [110.3703926, -7.7509793], [110.3709051, -7.7510957], [110.3710141, -7.7511205], [110.3712293, -7.7511665], [110.3711894, -7.7512579], [110.3710919, -7.7514901], [110.371065, -7.7515467], [110.3710392, -7.7516007], [110.3709765, -7.7517626], [110.3708143, -7.7521811], [110.3707192, -7.7524503], [110.370533, -7.7529948], [110.3705199, -7.753029], [110.3703601, -7.7534667], [110.3702706, -7.7537317], [110.3702077, -7.7538884], [110.3701976, -7.7539154], [110.3701397, -7.7540827], [110.3700788, -7.7542907], [110.3700396, -7.7544526], [110.369942, -7.7551484], [110.3698953, -7.7557314], [110.3698888, -7.7558041], [110.3698593, -7.7561332], [110.36989656329786, -7.755990960135563]]}}, {"type": "Feature", "properties": {"route_id": "2A", "from_stop_sequence": 10, "to_stop_sequence": 11, "from_activity_id": "6a843c203dbe4dacc783ecde", "to_activity_id": "6a882a323be6880665735cad", "distance_m": 1037.6844904072893, "source": "osm_drive_estimated", "estimated": true}, "geometry": {"type": "LineString", "coordinates": [[110.3680010204705, -7.775783749473433], [110.3679314, -7.7755887], [110.3679219, -7.7758012], [110.3678931, -7.776053], [110.3678415, -7.7765181], [110.3677684, -7.7770627], [110.3677216, -7.7773336], [110.3677362, -7.7774311], [110.3676856, -7.7778759], [110.3676758, -7.7779625], [110.3676694, -7.778012], [110.3676692, -7.7780245], [110.3676614, -7.7781006], [110.3676442, -7.7782304], [110.367639, -7.7782698], [110.367623, -7.7783794], [110.36755, -7.7789388], [110.3675359, -7.7790019], [110.3675231, -7.7790431], [110.3674963, -7.7791009], [110.3674607, -7.7794561], [110.3674466, -7.7795731], [110.3674409, -7.7796198], [110.3674191, -7.7798012], [110.3674142, -7.7798416], [110.367397, -7.7799842], [110.3673522, -7.780356], [110.3673193, -7.7806295], [110.367303, -7.7807922], [110.3672806, -7.7809505], [110.3672064, -7.7815667], [110.3671987, -7.7816304], [110.3671863, -7.7817334], [110.3671858, -7.781774], [110.3671835, -7.7818021], [110.3671607, -7.7820105], [110.3671724, -7.7820924], [110.3671161, -7.7826686], [110.3671141, -7.7826912], [110.367106, -7.7827848], [110.367119, -7.7827879], [110.3671622, -7.7828105], [110.367195, -7.7828463], [110.3672134, -7.7828911], [110.3672153, -7.7829394], [110.3672005, -7.7829855], [110.3671706, -7.7830238], [110.3671337, -7.7830477], [110.3670912, -7.7830592], [110.3670533, -7.7830612], [110.3670283, -7.7830534], [110.367006, -7.7830416], [110.3669822, -7.7830256], [110.3669697, -7.7830129], [110.3669556, -7.7829953], [110.3669449, -7.7829763], [110.366937, -7.7829539], [110.3668495, -7.7829523], [110.3663695, -7.7829393], [110.3663139, -7.7829379], [110.3662464, -7.7828984], [110.36565971152436, -7.7829259605858025]]}}, {"type": "Feature", "properties": {"route_id": "2A", "from_stop_sequence": 11, "to_stop_sequence": 12, "from_activity_id": "6a882a323be6880665735cad", "to_activity_id": "6a8c457252d86e03b51a39d3", "distance_m": 402.1251152212173, "source": "osm_drive_estimated", "estimated": true}, "geometry": {"type": "LineString", "coordinates": [[110.36565971152436, -7.7829259605858025], [110.3662464, -7.7828984], [110.3663168, -7.78286], [110.3667468, -7.7828727], [110.366823, -7.7828749], [110.3668522, -7.7828754], [110.3669429, -7.782877], [110.3669539, -7.7828512], [110.3669815, -7.7828172], [110.3670229, -7.7827915], [110.3670519, -7.7827819], [110.3670788, -7.7827799], [110.367106, -7.7827848], [110.367119, -7.7827879], [110.3671622, -7.7828105], [110.367195, -7.7828463], [110.3672134, -7.7828911], [110.3672153, -7.7829394], [110.3672005, -7.7829855], [110.3671706, -7.7830238], [110.3671337, -7.7830477], [110.3670912, -7.7830592], [110.3670533, -7.7830612], [110.3670367, -7.7831941], [110.3670296, -7.7832515], [110.3670046, -7.7834522], [110.3669671, -7.7837527], [110.3669353, -7.7840085], [110.3668946, -7.7843351], [110.3668875, -7.7843921], [110.366858, -7.7846282], [110.36683935985099, -7.784749271429504]]}}, {"type": "Feature", "properties": {"route_id": "2A", "from_stop_sequence": 12, "to_stop_sequence": 13, "from_activity_id": "6a8c457252d86e03b51a39d3", "to_activity_id": "6a8bac5fa4262ae1033d0d42", "distance_m": 362.3193316648358, "source": "osm_drive_estimated", "estimated": true}, "geometry": {"type": "LineString", "coordinates": [[110.36683935985099, -7.784749271429504], [110.366858, -7.7846282], [110.3668419, -7.7847574], [110.3668199, -7.7849344], [110.3667509, -7.7854877], [110.366697, -7.7859204], [110.366661, -7.7862091], [110.3666257, -7.7864925], [110.3665898, -7.7867806], [110.3665533, -7.7870735], [110.3665197, -7.7873434], [110.3664799, -7.7876631], [110.3664769, -7.7876871], [110.3665164836438, -7.787650230803976]]}}, {"type": "Feature", "properties": {"route_id": "2A", "from_stop_sequence": 13, "to_stop_sequence": 14, "from_activity_id": "6a8bac5fa4262ae1033d0d42", "to_activity_id": "6a86be25460277aa8415118b", "distance_m": 647.445293403822, "source": "osm_drive_estimated", "estimated": true}, "geometry": {"type": "LineString", "coordinates": [[110.3665164836438, -7.787650230803976], [110.3664769, -7.7876871], [110.3664448, -7.7879442], [110.3664231, -7.7881185], [110.3663983, -7.7883175], [110.3663795, -7.7884683], [110.3663526, -7.7886843], [110.3663352, -7.7888235], [110.3663257, -7.7889001], [110.366316, -7.7889779], [110.3663029, -7.7890834], [110.3663482, -7.789186], [110.3663538, -7.7892064], [110.3663537, -7.7892285], [110.3663165, -7.7895408], [110.3663484, -7.7895578], [110.3663825, -7.789572], [110.3664161, -7.7895794], [110.3675496, -7.7896716], [110.3677163, -7.7896791], [110.3678796, -7.789678], [110.3682897, -7.7896638], [110.3683114, -7.7896644], [110.3684252, -7.7896643], [110.3685449, -7.7896762], [110.368637, -7.7896941], [110.3689199, -7.7897397], [110.3689548, -7.7897258], [110.3690083, -7.7896918], [110.3691857, -7.7895755], [110.3692201, -7.7895601], [110.3692554, -7.7895474], [110.3692961, -7.7895393], [110.3693394, -7.7895342], [110.3695854, -7.7895002], [110.3696318, -7.7894943], [110.3696814, -7.7894856], [110.3697305, -7.7894756], [110.3697737, -7.7894607], [110.3698151, -7.789444], [110.37010514084454, -7.789256599640282]]}}, {"type": "Feature", "properties": {"route_id": "2A", "from_stop_sequence": 14, "to_stop_sequence": 15, "from_activity_id": "6a86be25460277aa8415118b", "to_activity_id": "6a86c045460277aa84151af0", "distance_m": 1028.633696552273, "source": "osm_drive_estimated", "estimated": true}, "geometry": {"type": "LineString", "coordinates": [[110.37010514084454, -7.789256599640282], [110.3698151, -7.789444], [110.3698662, -7.7894225], [110.3700712, -7.7892839], [110.3704924, -7.7889944], [110.3713342, -7.7884179], [110.3714903, -7.7883123], [110.3715791, -7.7882568], [110.371703, -7.7881835], [110.3717716, -7.7881471], [110.3718438, -7.7881106], [110.3719488, -7.7880657], [110.3721709, -7.787984], [110.3722698, -7.7879509], [110.3723458, -7.7879285], [110.3724303, -7.7879104], [110.3725181, -7.7878936], [110.3726104, -7.7878797], [110.3727041, -7.7878671], [110.3730853, -7.7878434], [110.3731108, -7.787834], [110.3731332, -7.7878159], [110.3731489, -7.7877921], [110.3731609, -7.7877585], [110.3731794, -7.7876642], [110.3731687, -7.7874495], [110.3731671, -7.7873097], [110.3731711, -7.7872518], [110.3731786, -7.7871889], [110.3731917, -7.7871294], [110.3732062, -7.7870772], [110.3732217, -7.7870301], [110.3732393, -7.7869883], [110.3732625, -7.7869464], [110.3732872, -7.7869202], [110.3733179, -7.7868893], [110.3734534, -7.7868662], [110.3735448, -7.786853], [110.3736312, -7.786844], [110.3737159, -7.7868399], [110.3738018, -7.7868371], [110.3738659, -7.7868398], [110.373933, -7.7868447], [110.3740135, -7.7868535], [110.3740844, -7.786861], [110.3741459, -7.7868678], [110.3741808, -7.7868576], [110.3742073, -7.7868461], [110.3742268, -7.7868334], [110.3742423, -7.7868204], [110.3742558, -7.7868024], [110.3742638, -7.7867827], [110.3742788, -7.7867037], [110.3743337, -7.7863868], [110.3744272, -7.7858282], [110.3745164, -7.7858651], [110.3744236, -7.7864015], [110.3743979, -7.7865469], [110.3743679, -7.7867166], [110.3743681, -7.7867608], [110.3743721, -7.7867771], [110.3743806, -7.7867925], [110.3743933, -7.7868054], [110.3744093, -7.7868177], [110.3744276, -7.786829], [110.3744478, -7.7868389], [110.374612, -7.7868931], [110.3747054, -7.7869267], [110.3747875, -7.7869613], [110.3748544, -7.7869911], [110.3749174, -7.7870244], [110.3749769, -7.7870621], [110.3750411, -7.787107], [110.375131, -7.7871741], [110.3752071, -7.7872328], [110.375283, -7.7872902], [110.3753372, -7.7873414], [110.3753854, -7.7873942], [110.37537075941361, -7.787363850950726]]}}, {"type": "Feature", "properties": {"route_id": "2A", "from_stop_sequence": 15, "to_stop_sequence": 16, "from_activity_id": "6a86c045460277aa84151af0", "to_activity_id": "6a86be25460277aa8415118b", "distance_m": 1329.3357168255834, "source": "osm_drive_estimated", "estimated": true}, "geometry": {"type": "LineString", "coordinates": [[110.37537075941361, -7.787363850950726], [110.3753854, -7.7873942], [110.3752319, -7.7876675], [110.3751657, -7.7877883], [110.3750712, -7.7879606], [110.375022, -7.7880503], [110.374864, -7.7883515], [110.374832, -7.7883869], [110.3747934, -7.7884173], [110.37473, -7.7884592], [110.374664, -7.7884961], [110.3745943, -7.7885256], [110.3745316, -7.7885458], [110.3744613, -7.788561], [110.3743841, -7.7885693], [110.3742929, -7.7885758], [110.3741994, -7.788573], [110.3740572, -7.7885634], [110.3739748, -7.7885526], [110.3738854, -7.7885252], [110.3735805, -7.7884292], [110.3735076, -7.7883998], [110.3734461, -7.7883739], [110.3733895, -7.7883422], [110.3733434, -7.7883054], [110.3733048, -7.7882636], [110.3732715, -7.7882185], [110.3732434, -7.7881618], [110.3732263, -7.7881088], [110.3732127, -7.78804], [110.3732, -7.7880031], [110.3731846, -7.7879755], [110.3731619, -7.7879506], [110.3731341, -7.7879314], [110.3730977, -7.7879179], [110.3730548, -7.7879088], [110.373004, -7.7879077], [110.3727092, -7.7879261], [110.3726243, -7.787938], [110.3725341, -7.7879516], [110.3724574, -7.7879657], [110.3723765, -7.7879833], [110.3722925, -7.7880073], [110.3722055, -7.788036], [110.3721258, -7.7880648], [110.3720347, -7.7880989], [110.3719533, -7.7881319], [110.3718587, -7.788176], [110.371789, -7.7882102], [110.3717229, -7.7882454], [110.3716389, -7.7882917], [110.3715577, -7.7883434], [110.3713694, -7.7884671], [110.3705235, -7.7890492], [110.3701368, -7.789316], [110.3699183, -7.789464], [110.3698672, -7.7894919], [110.3698137, -7.7895153], [110.369749, -7.7895358], [110.3696885, -7.7895488], [110.3696511, -7.7895539], [110.3694199, -7.7895803], [110.3693737, -7.7895878], [110.3693287, -7.789598], [110.3692311, -7.7896302], [110.3691749, -7.7896622], [110.3691291, -7.7897095], [110.3690921, -7.7897588], [110.369062, -7.789794], [110.3690206, -7.7898214], [110.368995, -7.7898164], [110.3689599, -7.7897878], [110.368927, -7.7897589], [110.3686246, -7.7897113], [110.368582, -7.7897039], [110.3685571, -7.7897097], [110.3685417, -7.7897325], [110.3685309, -7.7897989], [110.3685265, -7.789833], [110.3685214, -7.7898615], [110.3685065, -7.7899463], [110.3684999, -7.7899717], [110.3684705, -7.7900554], [110.3684521, -7.7901044], [110.3684024, -7.7902199], [110.3683503, -7.7903239], [110.3683311, -7.7903461], [110.368312, -7.7903607], [110.3682833, -7.7903766], [110.3682555, -7.790386], [110.3682143, -7.7903915], [110.3681758, -7.7903928], [110.3681377, -7.7903919], [110.3681058, -7.7903889], [110.368076, -7.7903823], [110.3680021, -7.790353], [110.3680617, -7.7903246], [110.3680877, -7.7903179], [110.3681162, -7.7903157], [110.3681501, -7.7903179], [110.3681853, -7.7903187], [110.3682174, -7.7903127], [110.3682478, -7.7903031], [110.36827, -7.7902882], [110.3682862, -7.790263], [110.3683293, -7.790178], [110.3683786, -7.7900757], [110.3683952, -7.790033], [110.3684193, -7.7899708], [110.3684244, -7.7899525], [110.3684286, -7.7899317], [110.3684442, -7.7898474], [110.3684485, -7.7898188], [110.3684544, -7.7897704], [110.3684612, -7.7897412], [110.3684704, -7.7897219], [110.3684808, -7.7897053], [110.3685449, -7.7896762], [110.368637, -7.7896941], [110.3689199, -7.7897397], [110.3689548, -7.7897258], [110.3690083, -7.7896918], [110.3691857, -7.7895755], [110.3692201, -7.7895601], [110.3692554, -7.7895474], [110.3692961, -7.7895393], [110.3693394, -7.7895342], [110.3695854, -7.7895002], [110.3696318, -7.7894943], [110.3696814, -7.7894856], [110.3697305, -7.7894756], [110.3697737, -7.7894607], [110.3698151, -7.789444], [110.37010514084454, -7.789256599640282]]}}, {"type": "Feature", "properties": {"route_id": "2A", "from_stop_sequence": 16, "to_stop_sequence": 17, "from_activity_id": "6a86be25460277aa8415118b", "to_activity_id": "6a854da0bbd0aa678bab5d44", "distance_m": 2306.0762358512243, "source": "osm_drive_estimated", "estimated": true}, "geometry": {"type": "LineString", "coordinates": [[110.37010514084454, -7.789256599640282], [110.3698151, -7.789444], [110.3698662, -7.7894225], [110.3700712, -7.7892839], [110.3704924, -7.7889944], [110.3713342, -7.7884179], [110.3714903, -7.7883123], [110.3715791, -7.7882568], [110.371703, -7.7881835], [110.3717716, -7.7881471], [110.3718438, -7.7881106], [110.3719488, -7.7880657], [110.3721709, -7.787984], [110.3722698, -7.7879509], [110.3723458, -7.7879285], [110.3724303, -7.7879104], [110.3725181, -7.7878936], [110.3726104, -7.7878797], [110.3727041, -7.7878671], [110.3730853, -7.7878434], [110.3731108, -7.787834], [110.3731332, -7.7878159], [110.3731489, -7.7877921], [110.3731609, -7.7877585], [110.3731794, -7.7876642], [110.3731687, -7.7874495], [110.3731671, -7.7873097], [110.3731711, -7.7872518], [110.3731786, -7.7871889], [110.3731917, -7.7871294], [110.3732062, -7.7870772], [110.3732217, -7.7870301], [110.3732393, -7.7869883], [110.3732625, -7.7869464], [110.3732872, -7.7869202], [110.3733179, -7.7868893], [110.3734534, -7.7868662], [110.3735448, -7.786853], [110.3736312, -7.786844], [110.3737159, -7.7868399], [110.3738018, -7.7868371], [110.3738659, -7.7868398], [110.373933, -7.7868447], [110.3740135, -7.7868535], [110.3740844, -7.786861], [110.3741459, -7.7868678], [110.374229, -7.7868774], [110.3742863, -7.786887], [110.374336, -7.7868972], [110.3743875, -7.7869105], [110.3744433, -7.7869274], [110.3745136, -7.7869497], [110.3746355, -7.7869914], [110.3747331, -7.7870306], [110.374825, -7.7870728], [110.3749137, -7.7871216], [110.3750088, -7.7871858], [110.3751514, -7.7872986], [110.375171, -7.7873119], [110.3752026, -7.7873467], [110.3752235, -7.7873774], [110.375241, -7.7874106], [110.3752505, -7.7874441], [110.3752556, -7.7874797], [110.3752576, -7.7875249], [110.3752536, -7.787571], [110.3752463, -7.7876139], [110.3752319, -7.7876675], [110.3751657, -7.7877883], [110.3750712, -7.7879606], [110.375022, -7.7880503], [110.374864, -7.7883515], [110.374832, -7.7883869], [110.3747934, -7.7884173], [110.37473, -7.7884592], [110.374664, -7.7884961], [110.3745943, -7.7885256], [110.3745316, -7.7885458], [110.3744613, -7.788561], [110.3743841, -7.7885693], [110.3742929, -7.7885758], [110.3741994, -7.788573], [110.3740572, -7.7885634], [110.3739748, -7.7885526], [110.3738854, -7.7885252], [110.3735805, -7.7884292], [110.3735076, -7.7883998], [110.3734461, -7.7883739], [110.3733895, -7.7883422], [110.3733434, -7.7883054], [110.3733048, -7.7882636], [110.3732715, -7.7882185], [110.3732434, -7.7881618], [110.3732263, -7.7881088], [110.3732127, -7.78804], [110.3732, -7.7880031], [110.3731846, -7.7879755], [110.3731619, -7.7879506], [110.3731341, -7.7879314], [110.3730977, -7.7879179], [110.3730548, -7.7879088], [110.373004, -7.7879077], [110.3727092, -7.7879261], [110.3726243, -7.787938], [110.3725341, -7.7879516], [110.3724574, -7.7879657], [110.3723765, -7.7879833], [110.3722925, -7.7880073], [110.3722055, -7.788036], [110.3721258, -7.7880648], [110.3720347, -7.7880989], [110.3719533, -7.7881319], [110.3718587, -7.788176], [110.371789, -7.7882102], [110.3717229, -7.7882454], [110.3716389, -7.7882917], [110.3715577, -7.7883434], [110.3713694, -7.7884671], [110.3705235, -7.7890492], [110.3701368, -7.789316], [110.3699183, -7.789464], [110.3698672, -7.7894919], [110.3698137, -7.7895153], [110.369749, -7.7895358], [110.3696885, -7.7895488], [110.3696511, -7.7895539], [110.3694199, -7.7895803], [110.3693737, -7.7895878], [110.3693287, -7.789598], [110.3692311, -7.7896302], [110.3691749, -7.7896622], [110.3691291, -7.7897095], [110.3690921, -7.7897588], [110.369062, -7.789794], [110.3690206, -7.7898214], [110.368995, -7.7898164], [110.3689599, -7.7897878], [110.368927, -7.7897589], [110.3686246, -7.7897113], [110.368582, -7.7897039], [110.3685571, -7.7897097], [110.3685417, -7.7897325], [110.3685309, -7.7897989], [110.3685265, -7.789833], [110.3685214, -7.7898615], [110.3685065, -7.7899463], [110.3684999, -7.7899717], [110.3684705, -7.7900554], [110.3684521, -7.7901044], [110.3684024, -7.7902199], [110.3683503, -7.7903239], [110.3683311, -7.7903461], [110.368312, -7.7903607], [110.3682833, -7.7903766], [110.3682555, -7.790386], [110.3682143, -7.7903915], [110.3681758, -7.7903928], [110.3681377, -7.7903919], [110.3681058, -7.7903889], [110.368076, -7.7903823], [110.3680021, -7.790353], [110.367956, -7.7903025], [110.3679303, -7.7902786], [110.3679051, -7.7902629], [110.3676698, -7.7901607], [110.3676355, -7.7901528], [110.367602, -7.790148], [110.3673772, -7.7901352], [110.3668984, -7.7901076], [110.3668177, -7.7901032], [110.3667364, -7.7900986], [110.3666589, -7.7901187], [110.3666321, -7.7901222], [110.3666062, -7.7901229], [110.3663424, -7.7901111], [110.3662409, -7.790106], [110.3662051, -7.7901043], [110.3661948, -7.7901049], [110.3661847, -7.7901092], [110.3661761, -7.7901165], [110.3661701, -7.790125], [110.3661661, -7.7901355], [110.366114, -7.7905501], [110.3660791, -7.7908276], [110.3660387, -7.7911494], [110.3660157, -7.7913323], [110.3659763, -7.7916462], [110.3659611, -7.7917676], [110.36611832728073, -7.790937054153417]]}}, {"type": "Feature", "properties": {"route_id": "2A", "from_stop_sequence": 17, "to_stop_sequence": 18, "from_activity_id": "6a854da0bbd0aa678bab5d44", "to_activity_id": "6a85506ebbd0aa678bab6390", "distance_m": 476.2677190200377, "source": "osm_drive_estimated", "estimated": true}, "geometry": {"type": "LineString", "coordinates": [[110.36611832728073, -7.790937054153417], [110.3659611, -7.7917676], [110.3659265, -7.7920425], [110.3658892, -7.7923395], [110.3658511, -7.792643], [110.3657116, -7.7937547], [110.3656783, -7.7940203], [110.36559857460782, -7.795185718747462]]}}, {"type": "Feature", "properties": {"route_id": "2A", "from_stop_sequence": 18, "to_stop_sequence": 19, "from_activity_id": "6a85506ebbd0aa678bab6390", "to_activity_id": "6a8555e83dbe4dacc7849c7a", "distance_m": 789.2145458063991, "source": "osm_drive_estimated", "estimated": true}, "geometry": {"type": "LineString", "coordinates": [[110.36559857460782, -7.795185718747462], [110.3656783, -7.7940203], [110.3656488, -7.7942553], [110.365528, -7.795218], [110.365448, -7.7958554], [110.3653845, -7.7963616], [110.3652559, -7.7974366], [110.3651367, -7.7983519], [110.3651059, -7.7985886], [110.3650744, -7.7988304], [110.3650428, -7.7990731], [110.364989, -7.7994861], [110.3649645, -7.799674], [110.36499709175035, -7.79990342392729]]}}, {"type": "Feature", "properties": {"route_id": "2A", "from_stop_sequence": 19, "to_stop_sequence": 20, "from_activity_id": "6a8555e83dbe4dacc7849c7a", "to_activity_id": "6a86b6ff89acf23707a33178", "distance_m": 543.8840157260325, "source": "osm_drive_estimated", "estimated": true}, "geometry": {"type": "LineString", "coordinates": [[110.36499709175035, -7.79990342392729], [110.3649645, -7.799674], [110.3649435, -7.7998427], [110.3648985, -7.8002039], [110.3648936, -7.8002437], [110.3648289, -7.8007629], [110.364814, -7.800883], [110.364792, -7.8010596], [110.3647891, -7.8010829], [110.3647786, -7.8011672], [110.3647527, -7.8013747], [110.3649376, -7.8013683], [110.365023, -7.8013654], [110.3650472, -7.8013662], [110.3656884, -7.8013887], [110.3656856, -7.8014132], [110.3656822, -7.8014432], [110.3656707, -7.8015444], [110.3656613, -7.8016272], [110.3656614, -7.80164], [110.3656659, -7.8016529], [110.3656759, -7.8016625], [110.3656887, -7.8016685], [110.3659536, -7.801688], [110.3665908, -7.8017349], [110.3666876, -7.8017421], [110.3666969, -7.801605], [110.3667053, -7.8014824], [110.36717622423924, -7.801414970393125]]}}, {"type": "Feature", "properties": {"route_id": "2A", "from_stop_sequence": 42, "to_stop_sequence": 43, "from_activity_id": "6a86c045460277aa84151af0", "to_activity_id": "6a82a3f49870dcf66e4587ac", "distance_m": 582.3797070139783, "source": "osm_drive_estimated", "estimated": true}, "geometry": {"type": "LineString", "coordinates": [[110.37537075941361, -7.787363850950726], [110.3753854, -7.7873942], [110.3754517, -7.7874021], [110.375515, -7.78742], [110.3758135, -7.787518], [110.3760016, -7.7875748], [110.3760521, -7.7875851], [110.3760941, -7.7875861], [110.3761208, -7.7875781], [110.3761492, -7.7875654], [110.3761853, -7.7875454], [110.3762372, -7.7875017], [110.376514, -7.7869837], [110.3765487, -7.7869894], [110.3774067, -7.7871314], [110.3783839, -7.787305], [110.378621, -7.7871727], [110.378638, -7.7870795], [110.3786539, -7.7869921], [110.3786637, -7.7869384], [110.3787902, -7.7861302], [110.37880061400199, -7.785615943750678]]}}, {"type": "Feature", "properties": {"route_id": "2A", "from_stop_sequence": 43, "to_stop_sequence": 44, "from_activity_id": "6a82a3f49870dcf66e4587ac", "to_activity_id": "6a82a6e438bb192425f4b896", "distance_m": 557.7446890614307, "source": "osm_drive_estimated", "estimated": true}, "geometry": {"type": "LineString", "coordinates": [[110.37880061400199, -7.785615943750678], [110.3787902, -7.7861302], [110.3788398, -7.7858159], [110.3789684, -7.7849459], [110.378979, -7.7848761], [110.379042, -7.7844436], [110.3790938, -7.784098], [110.3791519, -7.7837173], [110.3791685, -7.7836113], [110.3792319, -7.7832052], [110.3792322, -7.7831727], [110.3792346, -7.7830085], [110.379062, -7.7830073], [110.3790437, -7.7830072], [110.3786688, -7.7830045], [110.3786422, -7.7830043], [110.3785892, -7.783004], [110.37788045948008, -7.783092673752378]]}}, {"type": "Feature", "properties": {"route_id": "2A", "from_stop_sequence": 44, "to_stop_sequence": 45, "from_activity_id": "6a82a6e438bb192425f4b896", "to_activity_id": "6a8d77b552d86e03b51acbf3", "distance_m": 1107.9633843923252, "source": "osm_drive_estimated", "estimated": true}, "geometry": {"type": "LineString", "coordinates": [[110.37788045948008, -7.783092673752378], [110.3785892, -7.783004], [110.3785603, -7.7830038], [110.3785488, -7.7830037], [110.3785135, -7.7830034], [110.3783969, -7.7830026], [110.3783305, -7.7830021], [110.3783181, -7.7830021], [110.3779908, -7.7829998], [110.3778727, -7.7829989], [110.3775834, -7.7829969], [110.3774812, -7.7829962], [110.3774608, -7.782996], [110.3772474, -7.7829945], [110.3770006, -7.7829928], [110.3762782, -7.7829877], [110.3762858, -7.7828918], [110.3763188, -7.7824789], [110.3763285, -7.7823577], [110.3763772, -7.7817467], [110.3761103, -7.7817229], [110.3760757, -7.7817043], [110.3760542, -7.7816578], [110.3760502, -7.7816242], [110.3760509, -7.7815757], [110.3762729, -7.779819], [110.3755365, -7.7797201], [110.3753794, -7.7806449], [110.3753335, -7.7809118], [110.3751937, -7.781747], [110.3751793, -7.7818328], [110.37518200888871, -7.78119792960976]]}}, {"type": "Feature", "properties": {"route_id": "2A", "from_stop_sequence": 45, "to_stop_sequence": 46, "from_activity_id": "6a8d77b552d86e03b51acbf3", "to_activity_id": "6a8d799852d86e03b51acfac", "distance_m": 893.3689365175911, "source": "osm_drive_estimated", "estimated": true}, "geometry": {"type": "LineString", "coordinates": [[110.37518200888871, -7.78119792960976], [110.3751793, -7.7818328], [110.3751009, -7.7818283], [110.3751167, -7.7817365], [110.3751605, -7.7814813], [110.3751887, -7.7813168], [110.3752069, -7.7812107], [110.3752601, -7.7809012], [110.3753055, -7.7806327], [110.3753415, -7.7804197], [110.3753735, -7.7802192], [110.3753845, -7.7801501], [110.3754062, -7.7800087], [110.3754528, -7.7797223], [110.375495, -7.7797206], [110.3755365, -7.7797201], [110.3762729, -7.779819], [110.3769314, -7.7799013], [110.3770422, -7.7799139], [110.3770876, -7.7795869], [110.3771288, -7.7792896], [110.377052, -7.7792831], [110.3770148, -7.7792775], [110.3768171, -7.7792704], [110.376589, -7.7792663], [110.3766017, -7.7790334], [110.3766024, -7.7790212], [110.3766212, -7.7788332], [110.3766292, -7.7786412], [110.3766386, -7.7784598], [110.3766487, -7.7783774], [110.3766534, -7.7783136], [110.3766601, -7.7781927], [110.3766654, -7.7781628], [110.3766673, -7.7781556], [110.3766687, -7.7781518], [110.3766432, -7.7781284], [110.3766165, -7.7781057], [110.3765749, -7.7780852], [110.3763499, -7.7780536], [110.3758141, -7.7779856], [110.37573404625363, -7.777552952341509]]}}, {"type": "Feature", "properties": {"route_id": "2A", "from_stop_sequence": 46, "to_stop_sequence": 47, "from_activity_id": "6a8d799852d86e03b51acfac", "to_activity_id": "6a8d081852d86e03b51a643e", "distance_m": 1419.9832061755792, "source": "osm_drive_estimated", "estimated": true}, "geometry": {"type": "LineString", "coordinates": [[110.37573404625363, -7.777552952341509], [110.3758141, -7.7779856], [110.3755365, -7.7797201], [110.375495, -7.7797206], [110.3754528, -7.7797223], [110.3757757, -7.7776997], [110.3758046, -7.777518], [110.3759357, -7.7766963], [110.376011, -7.7761793], [110.3759958, -7.7761738], [110.3759764, -7.7761634], [110.3759544, -7.7761476], [110.3759333, -7.776128], [110.375916, -7.7761055], [110.3759034, -7.7760812], [110.3758946, -7.7760557], [110.3758895, -7.7760275], [110.3758899, -7.7759998], [110.3758931, -7.7759722], [110.3759011, -7.775945], [110.3759137, -7.7759207], [110.3759297, -7.7758979], [110.3759494, -7.775878], [110.3759731, -7.7758606], [110.3760024, -7.775846], [110.3760329, -7.7758381], [110.3760633, -7.7758339], [110.3760752, -7.7758334], [110.3761735, -7.7755352], [110.3762753, -7.7752065], [110.3763532, -7.7749445], [110.3766252, -7.7740383], [110.3766613, -7.7739194], [110.376834, -7.7739682], [110.3768957, -7.773985], [110.3769586, -7.7740657], [110.3776676, -7.7742735], [110.3773373, -7.775406], [110.3779638, -7.7754815], [110.3781959, -7.7755021], [110.3788553, -7.7755673], [110.37864509142526, -7.776162838724844]]}}, {"type": "Feature", "properties": {"route_id": "2A", "from_stop_sequence": 47, "to_stop_sequence": 48, "from_activity_id": "6a8d081852d86e03b51a643e", "to_activity_id": "6a8d39db52d86e03b51a8ece", "distance_m": 1911.6392939890072, "source": "osm_drive_estimated", "estimated": true}, "geometry": {"type": "LineString", "coordinates": [[110.37864509142526, -7.776162838724844], [110.3788553, -7.7755673], [110.3781959, -7.7755021], [110.3779638, -7.7754815], [110.3773373, -7.775406], [110.3776676, -7.7742735], [110.3769586, -7.7740657], [110.37686, -7.7741063], [110.3767968, -7.7740881], [110.3766402, -7.7745983], [110.3765411, -7.7749281], [110.3765117, -7.7750264], [110.3764713, -7.7751621], [110.3764451, -7.7752558], [110.3763469, -7.7755851], [110.3762365, -7.7759513], [110.3762428, -7.7759761], [110.3762459, -7.7760073], [110.3762443, -7.7760376], [110.3762376, -7.7760701], [110.3762261, -7.7760949], [110.3762168, -7.7761086], [110.3768412, -7.7761276], [110.377052, -7.7761329], [110.377546, -7.7761472], [110.3775852, -7.7761489], [110.3777586, -7.7761542], [110.3779871, -7.7761661], [110.3782095, -7.776179], [110.3786077, -7.776201], [110.3791826, -7.7762379], [110.3792576, -7.7762445], [110.3793232, -7.776253], [110.3793688, -7.776262], [110.3793895, -7.7762643], [110.3794112, -7.7762648], [110.3794811, -7.7762588], [110.3795062, -7.7762595], [110.3795281, -7.7762628], [110.379551, -7.7762706], [110.3796669, -7.7763346], [110.3798401, -7.7764292], [110.3798632, -7.7764412], [110.3798871, -7.7764495], [110.3799111, -7.7764556], [110.3800526, -7.7764766], [110.3802673, -7.776508], [110.3805726, -7.7765778], [110.3806801, -7.7766342], [110.3808408, -7.7766574], [110.3812091, -7.7766945], [110.3813885, -7.7767096], [110.381548, -7.776723], [110.382189, -7.7768567], [110.3828541, -7.7769449], [110.3829777, -7.7769548], [110.3832987, -7.7769959], [110.3835386, -7.7770473], [110.3837761, -7.777113], [110.3840268, -7.7772014], [110.3845727, -7.777406], [110.3847134, -7.7774597], [110.3848234, -7.7775017], [110.3848945, -7.777519], [110.3849695, -7.7775811], [110.3850178, -7.7776207], [110.3850451, -7.777639], [110.385643, -7.7780408], [110.3860873, -7.7782749], [110.38656902084153, -7.777819224696188]]}}, {"type": "Feature", "properties": {"route_id": "2A", "from_stop_sequence": 48, "to_stop_sequence": 49, "from_activity_id": "6a8d39db52d86e03b51a8ece", "to_activity_id": "6a8e9ac146690fc6c68da2e3", "distance_m": 945.6236501776809, "source": "osm_drive_estimated", "estimated": true}, "geometry": {"type": "LineString", "coordinates": [[110.38656902084153, -7.777819224696188], [110.3860873, -7.7782749], [110.3861338, -7.7782968], [110.3867157, -7.7785182], [110.3869517, -7.7786139], [110.3871648, -7.7787201], [110.3872127, -7.7787559], [110.3872441, -7.7787936], [110.3872532, -7.7788553], [110.3871986, -7.7791353], [110.3871727, -7.7794473], [110.3877178, -7.7795581], [110.3878431, -7.7796184], [110.3882183, -7.7796974], [110.3882998, -7.779712], [110.3883566, -7.7794004], [110.3883971, -7.7791784], [110.3884333, -7.7789798], [110.3886017, -7.7780561], [110.3886103, -7.7780091], [110.3886133, -7.7779924], [110.3886415, -7.7778474], [110.3886718, -7.77769], [110.3890758, -7.775548], [110.3890989, -7.7754255], [110.38906775739389, -7.775019362075398]]}}, {"type": "Feature", "properties": {"route_id": "2A", "from_stop_sequence": 49, "to_stop_sequence": 50, "from_activity_id": "6a8e9ac146690fc6c68da2e3", "to_activity_id": "6a8e78f452d86e03b51b44d5", "distance_m": 1376.3178604471723, "source": "osm_drive_estimated", "estimated": true}, "geometry": {"type": "LineString", "coordinates": [[110.38906775739389, -7.775019362075398], [110.3890989, -7.7754255], [110.3891607, -7.7750485], [110.3891661, -7.7750199], [110.3892098, -7.7747878], [110.3892977, -7.7743039], [110.3893105, -7.7742269], [110.3893307, -7.7741185], [110.3894037, -7.7736999], [110.3894565, -7.7734315], [110.3896206, -7.7725742], [110.3896807, -7.772278], [110.3897803, -7.7717877], [110.3899115, -7.7712244], [110.3899787, -7.770942], [110.3902978, -7.7702403], [110.3907708, -7.7692791], [110.3907868, -7.7692482], [110.3908058, -7.7692042], [110.3909925, -7.7687969], [110.3912676, -7.7682033], [110.3913893, -7.7679233], [110.3915219, -7.7675868], [110.3916784, -7.7671432], [110.3917783, -7.7668899], [110.3918802, -7.7666258], [110.391959, -7.7664042], [110.3919902, -7.7663166], [110.3923155, -7.7655336], [110.3924436, -7.7652782], [110.3925324, -7.7650875], [110.3925564, -7.7650361], [110.3926618, -7.7650933], [110.39233672460091, -7.765872802964594]]}}, {"type": "Feature", "properties": {"route_id": "2B", "from_stop_sequence": 5, "to_stop_sequence": 6, "from_activity_id": "6a8e970046690fc6c68d9f71", "to_activity_id": "6a8d39db52d86e03b51a8ece", "distance_m": 978.3339507923745, "source": "osm_drive_estimated", "estimated": true}, "geometry": {"type": "LineString", "coordinates": [[110.38929278399246, -7.775092965334977], [110.3891739, -7.7754395], [110.3890446, -7.7761249], [110.3889973, -7.7763757], [110.3889529, -7.7766109], [110.3889409, -7.7766749], [110.3888634, -7.7770745], [110.388832, -7.7772523], [110.3887548, -7.777661], [110.3887467, -7.7777044], [110.3887446, -7.7777149], [110.3887161, -7.7778627], [110.3886415, -7.7778474], [110.388507, -7.7778199], [110.3884819, -7.7778146], [110.3876791, -7.777636], [110.3876231, -7.7776233], [110.3876006, -7.7776185], [110.3875596, -7.7776098], [110.3875433, -7.7776074], [110.3875265, -7.7776053], [110.3874996, -7.7776043], [110.3874714, -7.7776058], [110.3874416, -7.777609], [110.387408, -7.7776142], [110.3871556, -7.777673], [110.3867198, -7.7777787], [110.3863259, -7.7778774], [110.3862759, -7.7778875], [110.3862337, -7.777891], [110.3861927, -7.7778901], [110.3861506, -7.7778857], [110.3859352, -7.7778244], [110.3850592, -7.7775672], [110.3850417, -7.7775623], [110.3848945, -7.777519], [110.3849695, -7.7775811], [110.3850178, -7.7776207], [110.3850451, -7.777639], [110.385643, -7.7780408], [110.3860873, -7.7782749], [110.38656902084153, -7.777819224696188]]}}, {"type": "Feature", "properties": {"route_id": "2B", "from_stop_sequence": 8, "to_stop_sequence": 9, "from_activity_id": "6a8d0a83eca288692ef377ee", "to_activity_id": "6a8d00b0eca288692ef3728a", "distance_m": 1422.7841953712114, "source": "osm_drive_estimated", "estimated": true}, "geometry": {"type": "LineString", "coordinates": [[110.37822992213239, -7.776234113554651], [110.3781959, -7.7755021], [110.3779638, -7.7754815], [110.3773373, -7.775406], [110.3776676, -7.7742735], [110.3769586, -7.7740657], [110.37686, -7.7741063], [110.3767968, -7.7740881], [110.3766402, -7.7745983], [110.3765411, -7.7749281], [110.3765117, -7.7750264], [110.3764713, -7.7751621], [110.3764451, -7.7752558], [110.3763469, -7.7755851], [110.3762365, -7.7759513], [110.3762428, -7.7759761], [110.3762459, -7.7760073], [110.3762443, -7.7760376], [110.3762376, -7.7760701], [110.3762261, -7.7760949], [110.3762168, -7.7761086], [110.3762069, -7.7761213], [110.3761857, -7.776144], [110.3761639, -7.7761597], [110.3761384, -7.7761736], [110.3761132, -7.7761828], [110.3760889, -7.7761874], [110.376016, -7.7766766], [110.3760131, -7.776707], [110.3760086, -7.776753], [110.3759666, -7.7770372], [110.3759288, -7.7772666], [110.3758838, -7.7775398], [110.3758496, -7.7777531], [110.3758193, -7.7779511], [110.3758141, -7.7779856], [110.3755365, -7.7797201], [110.3753794, -7.7806449], [110.3753335, -7.7809118], [110.3751937, -7.781747], [110.3751793, -7.7818328], [110.3751576, -7.7819616], [110.3750962, -7.7823259], [110.3750391, -7.7826652], [110.37512734006174, -7.782377312450095]]}}, {"type": "Feature", "properties": {"route_id": "2B", "from_stop_sequence": 11, "to_stop_sequence": 12, "from_activity_id": "6a86c045460277aa84151af0", "to_activity_id": "6a82aa139870dcf66e458f1f", "distance_m": 828.6034040100162, "source": "osm_drive_estimated", "estimated": true}, "geometry": {"type": "LineString", "coordinates": [[110.37537075941361, -7.787363850950726], [110.3753854, -7.7873942], [110.3754517, -7.7874021], [110.375515, -7.78742], [110.3758135, -7.787518], [110.3760016, -7.7875748], [110.3760521, -7.7875851], [110.3760941, -7.7875861], [110.3761208, -7.7875781], [110.3761492, -7.7875654], [110.3761853, -7.7875454], [110.3762372, -7.7875017], [110.376514, -7.7869837], [110.3765487, -7.7869894], [110.3774067, -7.7871314], [110.3783839, -7.787305], [110.3784847, -7.7873249], [110.3785459, -7.7873362], [110.3785884, -7.7873439], [110.3785636, -7.7874741], [110.3785526, -7.7875318], [110.3784804, -7.7879107], [110.3784622, -7.7880064], [110.3784467, -7.788104], [110.3784866, -7.7883175], [110.3784749, -7.7885332], [110.3784617, -7.7886909], [110.3784464, -7.7888478], [110.3783644, -7.7893109], [110.3783367, -7.7894329], [110.3782832, -7.7896865], [110.3782745, -7.7897398], [110.3782706, -7.7897618], [110.3782632, -7.7898073], [110.3782557, -7.7898555], [110.378236, -7.7899466], [110.3782272, -7.7899958], [110.3781404, -7.7903932], [110.378026, -7.7902373], [110.37746284627354, -7.790234774910843]]}}, {"type": "Feature", "properties": {"route_id": "2B", "from_stop_sequence": 13, "to_stop_sequence": 14, "from_activity_id": "6a82aa139870dcf66e458f1f", "to_activity_id": "6a939468dc237a3a8a7a0bf6", "distance_m": 744.9396891998426, "source": "osm_drive_estimated", "estimated": true}, "geometry": {"type": "LineString", "coordinates": [[110.37746284627354, -7.790234774910843], [110.378026, -7.7902373], [110.3781404, -7.7903932], [110.3781268, -7.7904486], [110.3781008, -7.7906029], [110.3780857, -7.7906856], [110.3780682, -7.7908184], [110.3780535, -7.7909367], [110.3780393, -7.7910836], [110.3780374, -7.7911174], [110.378024, -7.7913566], [110.3779988, -7.7918086], [110.3779951, -7.7918635], [110.3779884, -7.7919239], [110.3779717, -7.7919864], [110.3779138, -7.7921711], [110.3779214, -7.7922756], [110.3779352, -7.7925332], [110.3779208, -7.7928306], [110.3778835, -7.7937975], [110.3778782, -7.7938897], [110.3778685, -7.794025], [110.3778083, -7.7948492], [110.3778077, -7.7949004], [110.3778066, -7.7949675], [110.3777943, -7.7951451], [110.3777778, -7.7955826], [110.377764, -7.7957655], [110.3777492, -7.7959586], [110.37780935550774, -7.7956066832174855]]}}, {"type": "Feature", "properties": {"route_id": "2B", "from_stop_sequence": 32, "to_stop_sequence": 33, "from_activity_id": "6a90f1c652d86e03b51c7896", "to_activity_id": "6a86b6920235f477d358d80f", "distance_m": 749.076207308933, "source": "osm_drive_estimated", "estimated": true}, "geometry": {"type": "LineString", "coordinates": [[110.36915890069764, -7.802704031328503], [110.3686081, -7.8030671], [110.3686517, -7.8030744], [110.3687023, -7.8030867], [110.3687885, -7.803102], [110.3688314, -7.8031066], [110.3688378, -7.8031126], [110.368831, -7.8033587], [110.3688221, -7.8036807], [110.3690077, -7.8037029], [110.3692793, -7.8037311], [110.3692447, -7.8036748], [110.36923, -7.8036472], [110.3692212, -7.8036174], [110.3692165, -7.8035849], [110.3692154, -7.8035543], [110.369217, -7.8034903], [110.3691835, -7.8033949], [110.3692027, -7.8026737], [110.3692207, -7.8019976], [110.369222, -7.8019482], [110.369223, -7.8019082], [110.3692247, -7.8018456], [110.369129, -7.8016984], [110.3690469, -7.801572], [110.3690388, -7.8015717], [110.3677105, -7.8015209], [110.3675847, -7.801516], [110.3673592, -7.8015074], [110.3672737, -7.8015041], [110.3670626, -7.8014961], [110.3667053, -7.8014824], [110.36696624452418, -7.801559756808792]]}}, {"type": "Feature", "properties": {"route_id": "2B", "from_stop_sequence": 33, "to_stop_sequence": 34, "from_activity_id": "6a86b6920235f477d358d80f", "to_activity_id": "6a855e58bbd0aa678bab72c7", "distance_m": 793.5374084424225, "source": "osm_drive_estimated", "estimated": true}, "geometry": {"type": "LineString", "coordinates": [[110.36696624452418, -7.801559756808792], [110.3667053, -7.8014824], [110.3656822, -7.8014432], [110.365071, -7.8014198], [110.3650461, -7.8014189], [110.3650204, -7.8014179], [110.3649474, -7.8014061], [110.3647527, -7.8013747], [110.3644546, -7.8013651], [110.3644284, -7.8013642], [110.3634928, -7.8013306], [110.3633322, -7.8013249], [110.3625068, -7.8012953], [110.3624188, -7.8012921], [110.3621559, -7.8012827], [110.3620292, -7.8012782], [110.3619047, -7.8012779], [110.3616409, -7.8012534], [110.3614848, -7.8012428], [110.361012, -7.801217], [110.3608454, -7.8012071], [110.3606337, -7.8012012], [110.3604445, -7.8011962], [110.3602274, -7.8011905], [110.3601798, -7.8011892], [110.3599674, -7.8011837], [110.36014288772952, -7.801236698318434]]}}, {"type": "Feature", "properties": {"route_id": "2B", "from_stop_sequence": 34, "to_stop_sequence": 35, "from_activity_id": "6a855e58bbd0aa678bab72c7", "to_activity_id": "6a856e91bbd0aa678bab879c", "distance_m": 764.3244901045865, "source": "osm_drive_estimated", "estimated": true}, "geometry": {"type": "LineString", "coordinates": [[110.36014288772952, -7.801236698318434], [110.3599674, -7.8011837], [110.3593269, -7.8011789], [110.3592095, -7.8011747], [110.3579919, -7.8011633], [110.3567211, -7.8011515], [110.356683, -7.8011505], [110.3566362, -7.8011493], [110.3566051, -7.8011485], [110.3564715, -7.8011474], [110.3564655, -7.8013438], [110.3564648, -7.8013696], [110.3564255, -7.8027625], [110.3564248, -7.8028136], [110.3564189, -7.8031897], [110.3564138, -7.8034357], [110.3562815, -7.8034363], [110.3562582, -7.8034449], [110.3562413, -7.803456], [110.35623, -7.8034734], [110.3562238, -7.8034984], [110.3562199, -7.8036345], [110.3562113, -7.8039838], [110.35626401421268, -7.803758428469791]]}}, {"type": "Feature", "properties": {"route_id": "2B", "from_stop_sequence": 35, "to_stop_sequence": 36, "from_activity_id": "6a856e91bbd0aa678bab879c", "to_activity_id": "6a8d470c52d86e03b51aa113", "distance_m": 698.0168601211125, "source": "osm_drive_estimated", "estimated": true}, "geometry": {"type": "LineString", "coordinates": [[110.35626401421268, -7.803758428469791], [110.3562113, -7.8039838], [110.3562199, -7.8036345], [110.3562238, -7.8034984], [110.35623, -7.8034734], [110.3562413, -7.803456], [110.3562582, -7.8034449], [110.3562815, -7.8034363], [110.3564138, -7.8034357], [110.3564189, -7.8031897], [110.3564248, -7.8028136], [110.3564255, -7.8027625], [110.3564648, -7.8013696], [110.3564655, -7.8013438], [110.3564715, -7.8011474], [110.3564234, -7.801145], [110.3562964, -7.8011385], [110.3562385, -7.8011356], [110.3561915, -7.8011334], [110.3561655, -7.8011322], [110.3561234, -7.8011293], [110.3561024, -7.8011281], [110.355883, -7.8011156], [110.3555242, -7.8010973], [110.3549455, -7.8010677], [110.3549161, -7.8010662], [110.3548289, -7.8010653], [110.3546722, -7.8010645], [110.3545861, -7.8010636], [110.3545547, -7.8010633], [110.3544394, -7.8010621], [110.3538166, -7.8010558], [110.3542366775277, -7.801076533486338]]}}, {"type": "Feature", "properties": {"route_id": "2B", "from_stop_sequence": 40, "to_stop_sequence": 41, "from_activity_id": "6a8ba82fa4262ae1033d0be2", "to_activity_id": "6a86caf989acf23707a36360", "distance_m": 1088.4537916938534, "source": "osm_drive_estimated", "estimated": true}, "geometry": {"type": "LineString", "coordinates": [[110.3598915994072, -7.786639735892905], [110.3599521, -7.7867931], [110.3597391, -7.7871503], [110.3597152, -7.7872263], [110.3596782, -7.7875199], [110.3596708, -7.7875555], [110.3596566, -7.787589], [110.359636, -7.7876191], [110.3596098, -7.7876446], [110.3595792, -7.7876646], [110.3595476, -7.7876775], [110.3595142, -7.7876845], [110.3594801, -7.7876854], [110.3594463, -7.7876801], [110.3594115, -7.7876677], [110.3593799, -7.7876487], [110.3593526, -7.7876239], [110.3593309, -7.7875942], [110.3593154, -7.7875609], [110.3593069, -7.7875252], [110.3593056, -7.7874886], [110.3593116, -7.7874524], [110.3593237, -7.7874202], [110.3593415, -7.7873907], [110.3593646, -7.7873651], [110.359392, -7.787344], [110.3594229, -7.7873284], [110.359568, -7.7871841], [110.3596507, -7.7870872], [110.3598685, -7.7867412], [110.3600605, -7.7864433], [110.3604505, -7.7857103], [110.3606567, -7.7853228], [110.36069, -7.7852313], [110.3607032, -7.7851472], [110.3607061, -7.7848916], [110.3607067, -7.7848342], [110.3607408, -7.7839367], [110.3607867, -7.7830353], [110.3607877, -7.783011], [110.3607898, -7.7828855], [110.3607794, -7.782879], [110.3607635, -7.7828632], [110.360754, -7.782843], [110.360752, -7.7828208], [110.3607537, -7.7828105], [110.3607578, -7.7827992], [110.3607668, -7.7827854], [110.3607696, -7.7827172], [110.3607757, -7.7825616], [110.3607856, -7.7821823], [110.3608397, -7.7811467], [110.3608712, -7.7807316], [110.360885, -7.7803677], [110.3608978, -7.7800643], [110.3609635, -7.7800613], [110.36100149127998, -7.7797239601825225]]}}, {"type": "Feature", "properties": {"route_id": "2B", "from_stop_sequence": 41, "to_stop_sequence": 42, "from_activity_id": "6a86caf989acf23707a36360", "to_activity_id": "6a828cb470c999b67933ee47", "distance_m": 389.8295034424177, "source": "osm_drive_estimated", "estimated": true}, "geometry": {"type": "LineString", "coordinates": [[110.36100149127998, -7.7797239601825225], [110.3609635, -7.7800613], [110.3608978, -7.7800643], [110.3609043, -7.7799094], [110.3609073, -7.7798372], [110.3609102, -7.7797684], [110.3609136, -7.7796879], [110.3609352, -7.7792917], [110.3609551, -7.7789282], [110.360958, -7.7786313], [110.3609632, -7.7785082], [110.360967, -7.778419], [110.3609722, -7.7782942], [110.3610489, -7.7782925], [110.3611679, -7.7783355], [110.3612529, -7.7783842], [110.3612939, -7.7784077], [110.3614306, -7.7784861], [110.3616581, -7.7786146], [110.3618449, -7.7787176], [110.3620552, -7.7788428], [110.3620582, -7.7788443], [110.362095, -7.7788637], [110.36205652519521, -7.778807194560243]]}}, {"type": "Feature", "properties": {"route_id": "2B", "from_stop_sequence": 42, "to_stop_sequence": 43, "from_activity_id": "6a828cb470c999b67933ee47", "to_activity_id": "6a828f544fd70be4125ccb42", "distance_m": 570.4063462785389, "source": "osm_drive_estimated", "estimated": true}, "geometry": {"type": "LineString", "coordinates": [[110.36205652519521, -7.778807194560243], [110.362095, -7.7788637], [110.362258, -7.7789341], [110.3623103, -7.7789508], [110.3623559, -7.7789607], [110.3624175, -7.7789587], [110.3631082, -7.778673], [110.3643878, -7.7780867], [110.3650675, -7.7777729], [110.365203, -7.7776645], [110.3652848, -7.7776479], [110.3653686, -7.7776433], [110.365842, -7.7777255], [110.3666478, -7.7778554], [110.3666401, -7.7779356], [110.3667686316013, -7.777989337320522]]}}, {"type": "Feature", "properties": {"route_id": "2B", "from_stop_sequence": 43, "to_stop_sequence": 44, "from_activity_id": "6a828f544fd70be4125ccb42", "to_activity_id": "6a843c203dbe4dacc783ecde", "distance_m": 605.9930571674382, "source": "osm_drive_estimated", "estimated": true}, "geometry": {"type": "LineString", "coordinates": [[110.3667686316013, -7.777989337320522], [110.3666401, -7.7779356], [110.3665854, -7.7779262], [110.3661857, -7.7778578], [110.3658307, -7.7777971], [110.365842, -7.7777255], [110.3666478, -7.7778554], [110.3667883, -7.7778792], [110.3674438, -7.7779904], [110.3674662, -7.7779942], [110.3674951, -7.7779985], [110.3675999, -7.7780132], [110.3676083, -7.7779543], [110.3676196, -7.7778673], [110.3676773, -7.7774227], [110.3677216, -7.7773336], [110.3677684, -7.7770627], [110.3678415, -7.7765181], [110.3678931, -7.776053], [110.3679219, -7.7758012], [110.3679314, -7.7755887], [110.3680010204705, -7.775783749473433]]}}, {"type": "Feature", "properties": {"route_id": "2B", "from_stop_sequence": 48, "to_stop_sequence": 49, "from_activity_id": "6a842c273dbe4dacc783d981", "to_activity_id": "6a8432efbb859bd06d94f679", "distance_m": 1688.4047586325728, "source": "osm_drive_estimated", "estimated": true}, "geometry": {"type": "LineString", "coordinates": [[110.36989656329786, -7.755990960135563], [110.3698593, -7.7561332], [110.3698888, -7.7558041], [110.3698953, -7.7557314], [110.369942, -7.7551484], [110.3700396, -7.7544526], [110.3700788, -7.7542907], [110.3701397, -7.7540827], [110.3701976, -7.7539154], [110.3702077, -7.7538884], [110.3702706, -7.7537317], [110.3703601, -7.7534667], [110.3705199, -7.753029], [110.370533, -7.7529948], [110.3707192, -7.7524503], [110.3708143, -7.7521811], [110.3709765, -7.7517626], [110.3710392, -7.7516007], [110.371065, -7.7515467], [110.3710919, -7.7514901], [110.3711894, -7.7512579], [110.3712293, -7.7511665], [110.3713401, -7.7509142], [110.3713551, -7.750874], [110.3713725, -7.7508273], [110.3714752, -7.7505981], [110.3715624, -7.7504176], [110.3717043, -7.7501553], [110.3718512, -7.7498946], [110.3719405, -7.7497245], [110.3720655, -7.7492259], [110.3720684, -7.7492112], [110.3720758, -7.7491737], [110.3720853, -7.7491255], [110.3721204, -7.7489425], [110.371938, -7.748925], [110.3719047, -7.7489315], [110.3718633, -7.7489438], [110.371824, -7.748957], [110.3717876, -7.7489761], [110.3716111, -7.7488271], [110.3715929, -7.7488091], [110.3715849, -7.7488009], [110.3715284, -7.748848], [110.3714316, -7.7489245], [110.3712014, -7.7490682], [110.3710234, -7.7491236], [110.3709845, -7.7491249], [110.370957, -7.7491183], [110.3708303, -7.7490666], [110.3707177, -7.7488993], [110.3707012, -7.7488465], [110.3706709, -7.7485625], [110.3705064, -7.7487735], [110.3704843, -7.7487834], [110.3704575, -7.7487854], [110.3694684, -7.7483768], [110.3692324, -7.7482785], [110.3692076, -7.7482831], [110.3691861, -7.7482957], [110.369125, -7.7484425], [110.3690875, -7.7485303], [110.3689896, -7.7487794], [110.3688982, -7.7490193], [110.3686805, -7.7493336], [110.3686484, -7.749404], [110.3685614, -7.7496452], [110.368381, -7.7495828], [110.3682097, -7.7495236], [110.3676425, -7.7494164], [110.3673438, -7.7503095], [110.36769187033116, -7.750480947112415]]}}, {"type": "Feature", "properties": {"route_id": "2B", "from_stop_sequence": 49, "to_stop_sequence": 50, "from_activity_id": "6a8432efbb859bd06d94f679", "to_activity_id": "6a82732138bb192425f47850", "distance_m": 1213.4452196009547, "source": "osm_drive_estimated", "estimated": true}, "geometry": {"type": "LineString", "coordinates": [[110.36769187033116, -7.750480947112415], [110.3673438, -7.7503095], [110.3671336, -7.7502306], [110.3670081, -7.7502066], [110.3668129, -7.7501961], [110.3666567, -7.7501879], [110.3662089, -7.7501973], [110.3660157, -7.7501508], [110.3655739, -7.7500152], [110.3654666, -7.7499989], [110.3654475, -7.7499937], [110.3650693, -7.7499237], [110.3649881, -7.7496119], [110.3649482, -7.7492738], [110.3649187, -7.7491349], [110.3648765, -7.7490359], [110.364849, -7.7489937], [110.3648396, -7.7489668], [110.3648335, -7.7487595], [110.3648303, -7.7486945], [110.3647515, -7.7486692], [110.3646143, -7.7486492], [110.3640372, -7.7485661], [110.3640385, -7.7483896], [110.3640396, -7.7482379], [110.3640235, -7.7481801], [110.3639853, -7.7481223], [110.3638961, -7.748006], [110.363766, -7.7478924], [110.3629108, -7.7478215], [110.3628816, -7.7478206], [110.3625143, -7.7478102], [110.3624911, -7.7483653], [110.3624827, -7.748529], [110.3624682, -7.7485694], [110.3624482, -7.7485973], [110.3624222, -7.7486164], [110.3623882, -7.7486238], [110.3623533, -7.7486134], [110.3623326, -7.7485942], [110.3623178, -7.7485715], [110.362303, -7.7485386], [110.3623114, -7.7484105], [110.3623143, -7.7483438], [110.3623576, -7.7478124], [110.3617637, -7.7476631], [110.361698, -7.7476479], [110.3610975, -7.7475037], [110.361015, -7.7474846], [110.3606272, -7.7474096], [110.36128820793846, -7.747511361346895]]}}, {"type": "Feature", "properties": {"route_id": "2B", "from_stop_sequence": 50, "to_stop_sequence": 51, "from_activity_id": "6a82732138bb192425f47850", "to_activity_id": "6a8432efbb859bd06d94f679", "distance_m": 1002.193570847499, "source": "osm_drive_estimated", "estimated": true}, "geometry": {"type": "LineString", "coordinates": [[110.36128820793846, -7.747511361346895], [110.3606272, -7.7474096], [110.360734, -7.7477148], [110.3607513, -7.7478877], [110.3607427, -7.7480582], [110.360729, -7.7484166], [110.3614229, -7.7487253], [110.3616479, -7.7488264], [110.3618191, -7.748894], [110.3619671, -7.7489483], [110.3621915, -7.7490058], [110.3622286, -7.748992], [110.3623069, -7.7489828], [110.3623841, -7.7489984], [110.3624524, -7.7490373], [110.3624809, -7.7490656], [110.362505, -7.7490954], [110.3625204, -7.7491276], [110.3628514, -7.7492983], [110.3631172, -7.7494179], [110.363246, -7.7494758], [110.3635294, -7.7496013], [110.3638268, -7.7497199], [110.364023, -7.7497945], [110.3641596, -7.7498013], [110.364503, -7.7498319], [110.3648812, -7.7499037], [110.3650693, -7.7499237], [110.3654475, -7.7499937], [110.3654666, -7.7499989], [110.3655739, -7.7500152], [110.3660157, -7.7501508], [110.3662089, -7.7501973], [110.3666567, -7.7501879], [110.3668129, -7.7501961], [110.3670081, -7.7502066], [110.3671336, -7.7502306], [110.3673438, -7.7503095], [110.36769187033116, -7.750480947112415]]}}, {"type": "Feature", "properties": {"route_id": "2B", "from_stop_sequence": 51, "to_stop_sequence": 52, "from_activity_id": "6a8432efbb859bd06d94f679", "to_activity_id": "6a8edc3b52d86e03b51b9e7e", "distance_m": 2157.0977340229306, "source": "osm_drive_estimated", "estimated": true}, "geometry": {"type": "LineString", "coordinates": [[110.36769187033116, -7.750480947112415], [110.3673438, -7.7503095], [110.3672836, -7.7504895], [110.3673609, -7.7504963], [110.3676532, -7.7505203], [110.3682278, -7.750583], [110.3686743, -7.7506321], [110.3689487, -7.7506621], [110.3692998, -7.750719], [110.3700466, -7.7508445], [110.3701356, -7.7508814], [110.3701765, -7.7508993], [110.370206, -7.7509255], [110.370218, -7.7509453], [110.3703926, -7.7509793], [110.3709051, -7.7510957], [110.3710141, -7.7511205], [110.3712293, -7.7511665], [110.3715144, -7.7512288], [110.3720608, -7.7513483], [110.3721446, -7.7513295], [110.3722362, -7.7513238], [110.3727827, -7.7514101], [110.373573, -7.7515633], [110.3737885, -7.7516055], [110.3740697, -7.7516605], [110.3742936, -7.7517043], [110.3744824, -7.7517413], [110.3746843, -7.7517808], [110.3749128, -7.7518262], [110.3754185, -7.751925], [110.3755772, -7.751956], [110.3757899, -7.7519701], [110.3760174, -7.7519739], [110.3765584, -7.7519156], [110.3770105, -7.7518564], [110.3771724, -7.7518371], [110.3775083, -7.7518022], [110.3775168, -7.7518008], [110.3776652, -7.751792], [110.3777692, -7.7518032], [110.3779596, -7.7518424], [110.3786516, -7.7520285], [110.3789689, -7.7521195], [110.3793812, -7.7522664], [110.3796199, -7.752362], [110.3800048, -7.7525188], [110.3803012, -7.7526597], [110.3805521, -7.752794], [110.3806408, -7.7528469], [110.381366, -7.7532178], [110.3814119, -7.7532429], [110.3816006, -7.7533461], [110.3817402, -7.7534224], [110.3818766, -7.753497], [110.3823155, -7.7538091], [110.3825945, -7.7540417], [110.3829148, -7.7543182], [110.3832143, -7.7545852], [110.3832907, -7.7546626], [110.3833873, -7.7547645], [110.3834386, -7.7548163], [110.3835107, -7.7548972], [110.3835429, -7.7549333], [110.3837371, -7.7551296], [110.3841126, -7.7555094], [110.3845277, -7.7558773], [110.3845436, -7.7558929], [110.3845522, -7.7559017], [110.3845967, -7.7559087], [110.38472856675907, -7.756059639836536]]}}, {"type": "Feature", "properties": {"route_id": "2B", "from_stop_sequence": 52, "to_stop_sequence": 53, "from_activity_id": "6a8edc3b52d86e03b51b9e7e", "to_activity_id": "6a8ee08652d86e03b51ba5d2", "distance_m": 1625.2317226602584, "source": "osm_drive_estimated", "estimated": true}, "geometry": {"type": "LineString", "coordinates": [[110.38472856675907, -7.756059639836536], [110.3845967, -7.7559087], [110.3845522, -7.7559017], [110.3846312, -7.7559796], [110.3857226, -7.7570571], [110.3860441, -7.7573797], [110.386175, -7.7575191], [110.3862306, -7.7575722], [110.3867488, -7.7580663], [110.3869795, -7.7583183], [110.3872709, -7.7586195], [110.3875042, -7.7588574], [110.3876679, -7.7590208], [110.3878516, -7.7591736], [110.3880166, -7.7592893], [110.3882647, -7.7594195], [110.3884305, -7.7594879], [110.3884645, -7.7595019], [110.3886046, -7.7595497], [110.3888138, -7.7595975], [110.3889915, -7.7596334], [110.3892215, -7.759668], [110.3894703, -7.7596985], [110.3896943, -7.7597131], [110.3900148, -7.7597145], [110.3902119, -7.7596906], [110.390401, -7.759648], [110.3909026, -7.7595231], [110.3912913, -7.7594279], [110.3922145, -7.7592019], [110.3924969, -7.7591328], [110.3928365, -7.7590368], [110.3937095, -7.7588105], [110.3939503, -7.7587497], [110.3942185, -7.7586813], [110.3944706, -7.7586236], [110.394612, -7.7586188], [110.3947237, -7.758593], [110.3950988, -7.7584968], [110.395472, -7.7583592], [110.3955148, -7.7583389], [110.3955542, -7.7583156], [110.3955905, -7.7582856], [110.3956205, -7.7582609], [110.3956488, -7.7582339], [110.3956763, -7.7582069], [110.3957479, -7.7581088], [110.3957923, -7.7579022], [110.3959347, -7.7572536], [110.3959516, -7.7571688], [110.3960327, -7.7567392], [110.3958987657677, -7.756704954686867]]}}, {"type": "Feature", "properties": {"route_id": "3A", "from_stop_sequence": 1, "to_stop_sequence": 2, "from_activity_id": "6a8ee08652d86e03b51ba5d2", "to_activity_id": "6a82e20938bb192425f4fbc3", "distance_m": 1722.2959659485894, "source": "osm_drive_estimated", "estimated": true}, "geometry": {"type": "LineString", "coordinates": [[110.3958987657677, -7.756704954686867], [110.3960327, -7.7567392], [110.3960661, -7.7567471], [110.3959919, -7.7572509], [110.3959889, -7.7572866], [110.3959904, -7.7573295], [110.3959906, -7.7573573], [110.3959386, -7.7575993], [110.3958459, -7.7580306], [110.3958135, -7.7581814], [110.3957952, -7.7582665], [110.3957796, -7.7583389], [110.3957607, -7.7583908], [110.3957231, -7.7584939], [110.3956312, -7.7585072], [110.3956716, -7.7584019], [110.395702, -7.7583225], [110.3957163, -7.7582558], [110.3957479, -7.7581088], [110.3957923, -7.7579022], [110.3959347, -7.7572536], [110.3954825, -7.757125], [110.3953022, -7.7570734], [110.394967, -7.7569782], [110.3947031, -7.7568979], [110.3944159, -7.7568124], [110.3943529, -7.7567909], [110.394234, -7.7567528], [110.3938745, -7.7566176], [110.3938063, -7.7565981], [110.3936403, -7.7565508], [110.3931421, -7.7564087], [110.3930659, -7.7563867], [110.392979, -7.7563621], [110.3923468, -7.7561818], [110.3921241, -7.7561183], [110.3916594, -7.7559857], [110.3914556, -7.7559276], [110.3913795, -7.7559049], [110.3913511, -7.7560245], [110.3912492, -7.7564536], [110.3911637, -7.7568199], [110.3907651, -7.7567401], [110.3907241, -7.7567319], [110.3906525, -7.7567176], [110.3900611, -7.7565993], [110.3899647, -7.75658], [110.3893028, -7.7564475], [110.3891501, -7.7564123], [110.3888027, -7.7563124], [110.3887669, -7.7563068], [110.3887454, -7.7563055], [110.388724, -7.7563096], [110.3887064, -7.7563168], [110.3886847, -7.7563433], [110.3886761, -7.7563692], [110.3886129, -7.7566118], [110.3885932, -7.7567273], [110.3885813, -7.7568198], [110.3885722, -7.7569202], [110.3882521, -7.7568868], [110.3878919, -7.7568086], [110.3876405, -7.7567727], [110.3875199, -7.7567743], [110.3874391, -7.7567814], [110.3872718, -7.7567689], [110.3871162, -7.756749], [110.3869651, -7.7567255], [110.3869056, -7.7570943], [110.3869053, -7.7570987], [110.3868797, -7.7572552], [110.3868509, -7.7574331], [110.3867987, -7.7577568], [110.3867648, -7.7579657], [110.3867626, -7.7579807], [110.3867488, -7.7580663], [110.3863386914378, -7.758157195755828]]}}, {"type": "Feature", "properties": {"route_id": "3A", "from_stop_sequence": 4, "to_stop_sequence": 5, "from_activity_id": "6a89118b52d86e03b5181907", "to_activity_id": "6a8cf35c52d86e03b51a595f", "distance_m": 676.0257191575224, "source": "osm_drive_estimated", "estimated": true}, "geometry": {"type": "LineString", "coordinates": [[110.37992598967958, -7.762818007809386], [110.3800006, -7.7624174], [110.3797708, -7.7629548], [110.3794413, -7.7637253], [110.3793824, -7.7638696], [110.3791584, -7.7643833], [110.3790573, -7.7646231], [110.3787466, -7.7653782], [110.3786615, -7.7655769], [110.3785995, -7.7657517], [110.3785792, -7.7657948], [110.3785436, -7.7658818], [110.3785251, -7.7659346], [110.378487, -7.7659188], [110.3770348, -7.7653162], [110.3769834, -7.7652949], [110.3768435, -7.7652368], [110.3767941399006, -7.765264836068539]]}}, {"type": "Feature", "properties": {"route_id": "3A", "from_stop_sequence": 7, "to_stop_sequence": 8, "from_activity_id": "6a8cf57152d86e03b51a5a67", "to_activity_id": "6a8cf95352d86e03b51a5c10", "distance_m": 461.63036347263744, "source": "osm_drive_estimated", "estimated": true}, "geometry": {"type": "LineString", "coordinates": [[110.37520499526164, -7.771397214324622], [110.3750355, -7.7713513], [110.3751965, -7.7714], [110.3754417, -7.7714742], [110.3756515, -7.7715377], [110.3756744, -7.7715345], [110.3758025, -7.7715728], [110.3761686, -7.7716823], [110.3761614, -7.7717007], [110.375976, -7.7721415], [110.3758552, -7.7724335], [110.3758183, -7.7725258], [110.3756975, -7.7728131], [110.3755316, -7.7732082], [110.375431, -7.773457], [110.3754067, -7.7735169], [110.3753211, -7.7737289], [110.3752708, -7.7738525], [110.37513742326371, -7.774292469348211]]}}, {"type": "Feature", "properties": {"route_id": "3A", "from_stop_sequence": 8, "to_stop_sequence": 9, "from_activity_id": "6a8cf95352d86e03b51a5c10", "to_activity_id": "6a8d0a83eca288692ef377ee", "distance_m": 1179.8139097344033, "source": "osm_drive_estimated", "estimated": true}, "geometry": {"type": "LineString", "coordinates": [[110.37513742326371, -7.774292469348211], [110.3752708, -7.7738525], [110.3751857, -7.7740577], [110.3751675, -7.7741018], [110.3750776, -7.7743186], [110.3750388, -7.7744121], [110.3749858, -7.7745405], [110.3749266, -7.7746828], [110.3747889, -7.7750139], [110.3746873, -7.7752585], [110.374675, -7.7752882], [110.374677, -7.7753519], [110.3745041, -7.7757746], [110.3744694, -7.7758583], [110.3744595, -7.7758822], [110.3744531, -7.7758965], [110.3744065, -7.7759382], [110.3743483, -7.7760854], [110.3744289, -7.7761044], [110.3745037, -7.7761191], [110.3745702, -7.7761299], [110.3745982, -7.7761336], [110.3746907, -7.7761452], [110.374727, -7.7761478], [110.3748024, -7.7761532], [110.3749241, -7.7761601], [110.3750679, -7.7761635], [110.3755583, -7.7761689], [110.3756974, -7.7761701], [110.3758895, -7.7760275], [110.3758899, -7.7759998], [110.3758931, -7.7759722], [110.3759011, -7.775945], [110.3759137, -7.7759207], [110.3759297, -7.7758979], [110.3759494, -7.775878], [110.3759731, -7.7758606], [110.3760024, -7.775846], [110.3760329, -7.7758381], [110.3760633, -7.7758339], [110.3760752, -7.7758334], [110.3761735, -7.7755352], [110.3762753, -7.7752065], [110.3763532, -7.7749445], [110.3766252, -7.7740383], [110.3766613, -7.7739194], [110.376834, -7.7739682], [110.3768957, -7.773985], [110.3769586, -7.7740657], [110.3776676, -7.7742735], [110.3773373, -7.775406], [110.3779638, -7.7754815], [110.3781959, -7.7755021], [110.37822992213239, -7.776234113554651]]}}, {"type": "Feature", "properties": {"route_id": "3A", "from_stop_sequence": 9, "to_stop_sequence": 10, "from_activity_id": "6a8d0a83eca288692ef377ee", "to_activity_id": "6a8d00b0eca288692ef3728a", "distance_m": 1422.7841953712114, "source": "osm_drive_estimated", "estimated": true}, "geometry": {"type": "LineString", "coordinates": [[110.37822992213239, -7.776234113554651], [110.3781959, -7.7755021], [110.3779638, -7.7754815], [110.3773373, -7.775406], [110.3776676, -7.7742735], [110.3769586, -7.7740657], [110.37686, -7.7741063], [110.3767968, -7.7740881], [110.3766402, -7.7745983], [110.3765411, -7.7749281], [110.3765117, -7.7750264], [110.3764713, -7.7751621], [110.3764451, -7.7752558], [110.3763469, -7.7755851], [110.3762365, -7.7759513], [110.3762428, -7.7759761], [110.3762459, -7.7760073], [110.3762443, -7.7760376], [110.3762376, -7.7760701], [110.3762261, -7.7760949], [110.3762168, -7.7761086], [110.3762069, -7.7761213], [110.3761857, -7.776144], [110.3761639, -7.7761597], [110.3761384, -7.7761736], [110.3761132, -7.7761828], [110.3760889, -7.7761874], [110.376016, -7.7766766], [110.3760131, -7.776707], [110.3760086, -7.776753], [110.3759666, -7.7770372], [110.3759288, -7.7772666], [110.3758838, -7.7775398], [110.3758496, -7.7777531], [110.3758193, -7.7779511], [110.3758141, -7.7779856], [110.3755365, -7.7797201], [110.3753794, -7.7806449], [110.3753335, -7.7809118], [110.3751937, -7.781747], [110.3751793, -7.7818328], [110.3751576, -7.7819616], [110.3750962, -7.7823259], [110.3750391, -7.7826652], [110.37512734006174, -7.782377312450095]]}}, {"type": "Feature", "properties": {"route_id": "3A", "from_stop_sequence": 12, "to_stop_sequence": 13, "from_activity_id": "6a86c045460277aa84151af0", "to_activity_id": "6a86be25460277aa8415118b", "distance_m": 1329.3357168255834, "source": "osm_drive_estimated", "estimated": true}, "geometry": {"type": "LineString", "coordinates": [[110.37537075941361, -7.787363850950726], [110.3753854, -7.7873942], [110.3752319, -7.7876675], [110.3751657, -7.7877883], [110.3750712, -7.7879606], [110.375022, -7.7880503], [110.374864, -7.7883515], [110.374832, -7.7883869], [110.3747934, -7.7884173], [110.37473, -7.7884592], [110.374664, -7.7884961], [110.3745943, -7.7885256], [110.3745316, -7.7885458], [110.3744613, -7.788561], [110.3743841, -7.7885693], [110.3742929, -7.7885758], [110.3741994, -7.788573], [110.3740572, -7.7885634], [110.3739748, -7.7885526], [110.3738854, -7.7885252], [110.3735805, -7.7884292], [110.3735076, -7.7883998], [110.3734461, -7.7883739], [110.3733895, -7.7883422], [110.3733434, -7.7883054], [110.3733048, -7.7882636], [110.3732715, -7.7882185], [110.3732434, -7.7881618], [110.3732263, -7.7881088], [110.3732127, -7.78804], [110.3732, -7.7880031], [110.3731846, -7.7879755], [110.3731619, -7.7879506], [110.3731341, -7.7879314], [110.3730977, -7.7879179], [110.3730548, -7.7879088], [110.373004, -7.7879077], [110.3727092, -7.7879261], [110.3726243, -7.787938], [110.3725341, -7.7879516], [110.3724574, -7.7879657], [110.3723765, -7.7879833], [110.3722925, -7.7880073], [110.3722055, -7.788036], [110.3721258, -7.7880648], [110.3720347, -7.7880989], [110.3719533, -7.7881319], [110.3718587, -7.788176], [110.371789, -7.7882102], [110.3717229, -7.7882454], [110.3716389, -7.7882917], [110.3715577, -7.7883434], [110.3713694, -7.7884671], [110.3705235, -7.7890492], [110.3701368, -7.789316], [110.3699183, -7.789464], [110.3698672, -7.7894919], [110.3698137, -7.7895153], [110.369749, -7.7895358], [110.3696885, -7.7895488], [110.3696511, -7.7895539], [110.3694199, -7.7895803], [110.3693737, -7.7895878], [110.3693287, -7.789598], [110.3692311, -7.7896302], [110.3691749, -7.7896622], [110.3691291, -7.7897095], [110.3690921, -7.7897588], [110.369062, -7.789794], [110.3690206, -7.7898214], [110.368995, -7.7898164], [110.3689599, -7.7897878], [110.368927, -7.7897589], [110.3686246, -7.7897113], [110.368582, -7.7897039], [110.3685571, -7.7897097], [110.3685417, -7.7897325], [110.3685309, -7.7897989], [110.3685265, -7.789833], [110.3685214, -7.7898615], [110.3685065, -7.7899463], [110.3684999, -7.7899717], [110.3684705, -7.7900554], [110.3684521, -7.7901044], [110.3684024, -7.7902199], [110.3683503, -7.7903239], [110.3683311, -7.7903461], [110.368312, -7.7903607], [110.3682833, -7.7903766], [110.3682555, -7.790386], [110.3682143, -7.7903915], [110.3681758, -7.7903928], [110.3681377, -7.7903919], [110.3681058, -7.7903889], [110.368076, -7.7903823], [110.3680021, -7.790353], [110.3680617, -7.7903246], [110.3680877, -7.7903179], [110.3681162, -7.7903157], [110.3681501, -7.7903179], [110.3681853, -7.7903187], [110.3682174, -7.7903127], [110.3682478, -7.7903031], [110.36827, -7.7902882], [110.3682862, -7.790263], [110.3683293, -7.790178], [110.3683786, -7.7900757], [110.3683952, -7.790033], [110.3684193, -7.7899708], [110.3684244, -7.7899525], [110.3684286, -7.7899317], [110.3684442, -7.7898474], [110.3684485, -7.7898188], [110.3684544, -7.7897704], [110.3684612, -7.7897412], [110.3684704, -7.7897219], [110.3684808, -7.7897053], [110.3685449, -7.7896762], [110.368637, -7.7896941], [110.3689199, -7.7897397], [110.3689548, -7.7897258], [110.3690083, -7.7896918], [110.3691857, -7.7895755], [110.3692201, -7.7895601], [110.3692554, -7.7895474], [110.3692961, -7.7895393], [110.3693394, -7.7895342], [110.3695854, -7.7895002], [110.3696318, -7.7894943], [110.3696814, -7.7894856], [110.3697305, -7.7894756], [110.3697737, -7.7894607], [110.3698151, -7.789444], [110.37010514084454, -7.789256599640282]]}}, {"type": "Feature", "properties": {"route_id": "3A", "from_stop_sequence": 13, "to_stop_sequence": 14, "from_activity_id": "6a86be25460277aa8415118b", "to_activity_id": "6a854da0bbd0aa678bab5d44", "distance_m": 2306.0762358512243, "source": "osm_drive_estimated", "estimated": true}, "geometry": {"type": "LineString", "coordinates": [[110.37010514084454, -7.789256599640282], [110.3698151, -7.789444], [110.3698662, -7.7894225], [110.3700712, -7.7892839], [110.3704924, -7.7889944], [110.3713342, -7.7884179], [110.3714903, -7.7883123], [110.3715791, -7.7882568], [110.371703, -7.7881835], [110.3717716, -7.7881471], [110.3718438, -7.7881106], [110.3719488, -7.7880657], [110.3721709, -7.787984], [110.3722698, -7.7879509], [110.3723458, -7.7879285], [110.3724303, -7.7879104], [110.3725181, -7.7878936], [110.3726104, -7.7878797], [110.3727041, -7.7878671], [110.3730853, -7.7878434], [110.3731108, -7.787834], [110.3731332, -7.7878159], [110.3731489, -7.7877921], [110.3731609, -7.7877585], [110.3731794, -7.7876642], [110.3731687, -7.7874495], [110.3731671, -7.7873097], [110.3731711, -7.7872518], [110.3731786, -7.7871889], [110.3731917, -7.7871294], [110.3732062, -7.7870772], [110.3732217, -7.7870301], [110.3732393, -7.7869883], [110.3732625, -7.7869464], [110.3732872, -7.7869202], [110.3733179, -7.7868893], [110.3734534, -7.7868662], [110.3735448, -7.786853], [110.3736312, -7.786844], [110.3737159, -7.7868399], [110.3738018, -7.7868371], [110.3738659, -7.7868398], [110.373933, -7.7868447], [110.3740135, -7.7868535], [110.3740844, -7.786861], [110.3741459, -7.7868678], [110.374229, -7.7868774], [110.3742863, -7.786887], [110.374336, -7.7868972], [110.3743875, -7.7869105], [110.3744433, -7.7869274], [110.3745136, -7.7869497], [110.3746355, -7.7869914], [110.3747331, -7.7870306], [110.374825, -7.7870728], [110.3749137, -7.7871216], [110.3750088, -7.7871858], [110.3751514, -7.7872986], [110.375171, -7.7873119], [110.3752026, -7.7873467], [110.3752235, -7.7873774], [110.375241, -7.7874106], [110.3752505, -7.7874441], [110.3752556, -7.7874797], [110.3752576, -7.7875249], [110.3752536, -7.787571], [110.3752463, -7.7876139], [110.3752319, -7.7876675], [110.3751657, -7.7877883], [110.3750712, -7.7879606], [110.375022, -7.7880503], [110.374864, -7.7883515], [110.374832, -7.7883869], [110.3747934, -7.7884173], [110.37473, -7.7884592], [110.374664, -7.7884961], [110.3745943, -7.7885256], [110.3745316, -7.7885458], [110.3744613, -7.788561], [110.3743841, -7.7885693], [110.3742929, -7.7885758], [110.3741994, -7.788573], [110.3740572, -7.7885634], [110.3739748, -7.7885526], [110.3738854, -7.7885252], [110.3735805, -7.7884292], [110.3735076, -7.7883998], [110.3734461, -7.7883739], [110.3733895, -7.7883422], [110.3733434, -7.7883054], [110.3733048, -7.7882636], [110.3732715, -7.7882185], [110.3732434, -7.7881618], [110.3732263, -7.7881088], [110.3732127, -7.78804], [110.3732, -7.7880031], [110.3731846, -7.7879755], [110.3731619, -7.7879506], [110.3731341, -7.7879314], [110.3730977, -7.7879179], [110.3730548, -7.7879088], [110.373004, -7.7879077], [110.3727092, -7.7879261], [110.3726243, -7.787938], [110.3725341, -7.7879516], [110.3724574, -7.7879657], [110.3723765, -7.7879833], [110.3722925, -7.7880073], [110.3722055, -7.788036], [110.3721258, -7.7880648], [110.3720347, -7.7880989], [110.3719533, -7.7881319], [110.3718587, -7.788176], [110.371789, -7.7882102], [110.3717229, -7.7882454], [110.3716389, -7.7882917], [110.3715577, -7.7883434], [110.3713694, -7.7884671], [110.3705235, -7.7890492], [110.3701368, -7.789316], [110.3699183, -7.789464], [110.3698672, -7.7894919], [110.3698137, -7.7895153], [110.369749, -7.7895358], [110.3696885, -7.7895488], [110.3696511, -7.7895539], [110.3694199, -7.7895803], [110.3693737, -7.7895878], [110.3693287, -7.789598], [110.3692311, -7.7896302], [110.3691749, -7.7896622], [110.3691291, -7.7897095], [110.3690921, -7.7897588], [110.369062, -7.789794], [110.3690206, -7.7898214], [110.368995, -7.7898164], [110.3689599, -7.7897878], [110.368927, -7.7897589], [110.3686246, -7.7897113], [110.368582, -7.7897039], [110.3685571, -7.7897097], [110.3685417, -7.7897325], [110.3685309, -7.7897989], [110.3685265, -7.789833], [110.3685214, -7.7898615], [110.3685065, -7.7899463], [110.3684999, -7.7899717], [110.3684705, -7.7900554], [110.3684521, -7.7901044], [110.3684024, -7.7902199], [110.3683503, -7.7903239], [110.3683311, -7.7903461], [110.368312, -7.7903607], [110.3682833, -7.7903766], [110.3682555, -7.790386], [110.3682143, -7.7903915], [110.3681758, -7.7903928], [110.3681377, -7.7903919], [110.3681058, -7.7903889], [110.368076, -7.7903823], [110.3680021, -7.790353], [110.367956, -7.7903025], [110.3679303, -7.7902786], [110.3679051, -7.7902629], [110.3676698, -7.7901607], [110.3676355, -7.7901528], [110.367602, -7.790148], [110.3673772, -7.7901352], [110.3668984, -7.7901076], [110.3668177, -7.7901032], [110.3667364, -7.7900986], [110.3666589, -7.7901187], [110.3666321, -7.7901222], [110.3666062, -7.7901229], [110.3663424, -7.7901111], [110.3662409, -7.790106], [110.3662051, -7.7901043], [110.3661948, -7.7901049], [110.3661847, -7.7901092], [110.3661761, -7.7901165], [110.3661701, -7.790125], [110.3661661, -7.7901355], [110.366114, -7.7905501], [110.3660791, -7.7908276], [110.3660387, -7.7911494], [110.3660157, -7.7913323], [110.3659763, -7.7916462], [110.3659611, -7.7917676], [110.36611832728073, -7.790937054153417]]}}, {"type": "Feature", "properties": {"route_id": "3A", "from_stop_sequence": 14, "to_stop_sequence": 15, "from_activity_id": "6a854da0bbd0aa678bab5d44", "to_activity_id": "6a85506ebbd0aa678bab6390", "distance_m": 476.2677190200377, "source": "osm_drive_estimated", "estimated": true}, "geometry": {"type": "LineString", "coordinates": [[110.36611832728073, -7.790937054153417], [110.3659611, -7.7917676], [110.3659265, -7.7920425], [110.3658892, -7.7923395], [110.3658511, -7.792643], [110.3657116, -7.7937547], [110.3656783, -7.7940203], [110.36559857460782, -7.795185718747462]]}}, {"type": "Feature", "properties": {"route_id": "3A", "from_stop_sequence": 15, "to_stop_sequence": 16, "from_activity_id": "6a85506ebbd0aa678bab6390", "to_activity_id": "6a8555e83dbe4dacc7849c7a", "distance_m": 789.2145458063991, "source": "osm_drive_estimated", "estimated": true}, "geometry": {"type": "LineString", "coordinates": [[110.36559857460782, -7.795185718747462], [110.3656783, -7.7940203], [110.3656488, -7.7942553], [110.365528, -7.795218], [110.365448, -7.7958554], [110.3653845, -7.7963616], [110.3652559, -7.7974366], [110.3651367, -7.7983519], [110.3651059, -7.7985886], [110.3650744, -7.7988304], [110.3650428, -7.7990731], [110.364989, -7.7994861], [110.3649645, -7.799674], [110.36499709175035, -7.79990342392729]]}}, {"type": "Feature", "properties": {"route_id": "3A", "from_stop_sequence": 16, "to_stop_sequence": 17, "from_activity_id": "6a8555e83dbe4dacc7849c7a", "to_activity_id": "6a855e58bbd0aa678bab72c7", "distance_m": 764.1996041567986, "source": "osm_drive_estimated", "estimated": true}, "geometry": {"type": "LineString", "coordinates": [[110.36499709175035, -7.79990342392729], [110.3649645, -7.799674], [110.3649435, -7.7998427], [110.3648985, -7.8002039], [110.3648936, -7.8002437], [110.3648289, -7.8007629], [110.364814, -7.800883], [110.364792, -7.8010596], [110.3647891, -7.8010829], [110.3647786, -7.8011672], [110.3647527, -7.8013747], [110.3644546, -7.8013651], [110.3644284, -7.8013642], [110.3634928, -7.8013306], [110.3633322, -7.8013249], [110.3625068, -7.8012953], [110.3624188, -7.8012921], [110.3621559, -7.8012827], [110.3620292, -7.8012782], [110.3619047, -7.8012779], [110.3616409, -7.8012534], [110.3614848, -7.8012428], [110.361012, -7.801217], [110.3608454, -7.8012071], [110.3606337, -7.8012012], [110.3604445, -7.8011962], [110.3602274, -7.8011905], [110.3601798, -7.8011892], [110.3599674, -7.8011837], [110.36014288772952, -7.801236698318434]]}}, {"type": "Feature", "properties": {"route_id": "3A", "from_stop_sequence": 17, "to_stop_sequence": 18, "from_activity_id": "6a855e58bbd0aa678bab72c7", "to_activity_id": "6a856e91bbd0aa678bab879c", "distance_m": 764.3244901045865, "source": "osm_drive_estimated", "estimated": true}, "geometry": {"type": "LineString", "coordinates": [[110.36014288772952, -7.801236698318434], [110.3599674, -7.8011837], [110.3593269, -7.8011789], [110.3592095, -7.8011747], [110.3579919, -7.8011633], [110.3567211, -7.8011515], [110.356683, -7.8011505], [110.3566362, -7.8011493], [110.3566051, -7.8011485], [110.3564715, -7.8011474], [110.3564655, -7.8013438], [110.3564648, -7.8013696], [110.3564255, -7.8027625], [110.3564248, -7.8028136], [110.3564189, -7.8031897], [110.3564138, -7.8034357], [110.3562815, -7.8034363], [110.3562582, -7.8034449], [110.3562413, -7.803456], [110.35623, -7.8034734], [110.3562238, -7.8034984], [110.3562199, -7.8036345], [110.3562113, -7.8039838], [110.35626401421268, -7.803758428469791]]}}, {"type": "Feature", "properties": {"route_id": "3A", "from_stop_sequence": 18, "to_stop_sequence": 19, "from_activity_id": "6a856e91bbd0aa678bab879c", "to_activity_id": "6a8560833dbe4dacc784a905", "distance_m": 677.7432752697687, "source": "osm_drive_estimated", "estimated": true}, "geometry": {"type": "LineString", "coordinates": [[110.35626401421268, -7.803758428469791], [110.3562113, -7.8039838], [110.3561305, -7.8043536], [110.3561331, -7.8043805], [110.3561398, -7.8044031], [110.3561512, -7.8044184], [110.3561663, -7.804433], [110.3561889, -7.804454], [110.3561821, -7.8045055], [110.3561734, -7.8049133], [110.3561505, -7.8053919], [110.3560846, -7.8070141], [110.3560877, -7.8079701], [110.3560834, -7.8080796], [110.3560702, -7.8084178], [110.3560625, -7.8086167], [110.3560525, -7.808788], [110.3560476, -7.8088721], [110.3560163, -7.8094116], [110.3560131, -7.8095059], [110.35602512687007, -7.809813718604147]]}}, {"type": "Feature", "properties": {"route_id": "3A", "from_stop_sequence": 19, "to_stop_sequence": 20, "from_activity_id": "6a8560833dbe4dacc784a905", "to_activity_id": "6a891d7b478dc3b356b721e3", "distance_m": 598.7499218177583, "source": "osm_drive_estimated", "estimated": true}, "geometry": {"type": "LineString", "coordinates": [[110.35602512687007, -7.809813718604147], [110.3560131, -7.8095059], [110.3559955, -7.8100253], [110.3559544, -7.8111473], [110.3559173, -7.8121586], [110.3559358, -7.8122034], [110.3559114, -7.81265], [110.3559059, -7.8127502], [110.3559025, -7.8128015], [110.3559018, -7.8128116], [110.3558931, -7.8128607], [110.3558681, -7.8129484], [110.3559682, -7.8130228], [110.3559871, -7.8130339], [110.35605, -7.8130707], [110.356114, -7.8130856], [110.3562692, -7.8131089], [110.3563847, -7.8131256], [110.356864, -7.8131764], [110.3568995, -7.8131814], [110.3570513, -7.8132432], [110.3572358, -7.813262], [110.3573804, -7.8132786], [110.35739729999779, -7.813215099970975]]}}, {"type": "Feature", "properties": {"route_id": "3A", "from_stop_sequence": 20, "to_stop_sequence": 21, "from_activity_id": "6a891d7b478dc3b356b721e3", "to_activity_id": "6a891f8752d86e03b5182d78", "distance_m": 748.4521898465683, "source": "osm_drive_estimated", "estimated": true}, "geometry": {"type": "LineString", "coordinates": [[110.35739729999779, -7.813215099970975], [110.3573804, -7.8132786], [110.357976, -7.8133521], [110.3581571, -7.8133788], [110.3586374, -7.8134443], [110.3593563, -7.8135434], [110.3593689, -7.8135451], [110.3593885, -7.8135478], [110.3600429, -7.8136448], [110.3604133, -7.8136966], [110.3610382, -7.8137833], [110.3626655, -7.8139971], [110.3628116, -7.8140163], [110.3630414, -7.8140505], [110.3639803, -7.8141903], [110.36392040519263, -7.814168447544432]]}}, {"type": "Feature", "properties": {"route_id": "3A", "from_stop_sequence": 21, "to_stop_sequence": 22, "from_activity_id": "6a891f8752d86e03b5182d78", "to_activity_id": "6a8922aa52d86e03b51831b9", "distance_m": 703.5433738839823, "source": "osm_drive_estimated", "estimated": true}, "geometry": {"type": "LineString", "coordinates": [[110.36392040519263, -7.814168447544432], [110.3639803, -7.8141903], [110.3647746, -7.8143068], [110.3652353, -7.8143523], [110.3657207, -7.8144242], [110.3658962, -7.8144519], [110.3664404, -7.8145245], [110.3669506, -7.8146164], [110.3673403, -7.8146944], [110.3674679, -7.8146989], [110.3675369, -7.8146655], [110.3678018, -7.8146812], [110.368295, -7.8147387], [110.3683925, -7.8147527], [110.3686607, -7.8146536], [110.3687152, -7.8146454], [110.3687381, -7.814642], [110.3688038, -7.8146401], [110.3689068, -7.8146371], [110.3690986, -7.8146621], [110.369225, -7.8146822], [110.3693287, -7.8147423], [110.3697193, -7.8148113], [110.3700624, -7.8148717], [110.3701551, -7.814888], [110.37011617432825, -7.81486846816253]]}}, {"type": "Feature", "properties": {"route_id": "3A", "from_stop_sequence": 22, "to_stop_sequence": 23, "from_activity_id": "6a8922aa52d86e03b51831b9", "to_activity_id": "6a89267052d86e03b5183591", "distance_m": 824.8001032946536, "source": "osm_drive_estimated", "estimated": true}, "geometry": {"type": "LineString", "coordinates": [[110.37011617432825, -7.81486846816253], [110.3701551, -7.814888], [110.3701778, -7.814892], [110.3706009, -7.8149506], [110.371805, -7.8151085], [110.371939, -7.8151268], [110.3720698, -7.8151443], [110.3726135, -7.8152205], [110.3729005, -7.8152608], [110.3729235, -7.815264], [110.3731712, -7.8153023], [110.3732381, -7.8152878], [110.3732874, -7.8152914], [110.3740456, -7.8153935], [110.3741434, -7.8154006], [110.3744728, -7.815451], [110.3748113, -7.8154965], [110.3753591, -7.8155678], [110.3753627, -7.8156461], [110.3753552, -7.8157658], [110.3753085, -7.816245], [110.3754955, -7.816242], [110.3757342, -7.816243], [110.3757542, -7.8163611], [110.3757756, -7.8164395], [110.3758051, -7.8165132], [110.3760741, -7.8165362], [110.37603009886237, -7.817054694483318]]}}, {"type": "Feature", "properties": {"route_id": "3A", "from_stop_sequence": 23, "to_stop_sequence": 24, "from_activity_id": "6a89267052d86e03b5183591", "to_activity_id": "6a8929d6478dc3b356b72ecf", "distance_m": 502.6759327116198, "source": "osm_drive_estimated", "estimated": true}, "geometry": {"type": "LineString", "coordinates": [[110.37603009886237, -7.817054694483318], [110.3760741, -7.8165362], [110.376027, -7.816879], [110.3760218, -7.8169128], [110.3760021, -7.8170412], [110.3759971, -7.8170751], [110.3759898, -7.8171258], [110.3759159, -7.8176439], [110.3759024, -7.8178074], [110.3759003, -7.8178452], [110.3758903, -7.8180445], [110.3758881, -7.8181731], [110.3758927, -7.8182411], [110.3758997, -7.8183461], [110.3759231, -7.818467], [110.37594, -7.818525], [110.3757652, -7.8185817], [110.3759102, -7.8190082], [110.3759638, -7.8192011], [110.3759706, -7.8192275], [110.3760023, -7.8193518], [110.3760592, -7.8195822], [110.3760952, -7.819741], [110.3761405, -7.8199408], [110.3761454, -7.8199624], [110.37641803537275, -7.819695073497641]]}}, {"type": "Feature", "properties": {"route_id": "3A", "from_stop_sequence": 24, "to_stop_sequence": 25, "from_activity_id": "6a8929d6478dc3b356b72ecf", "to_activity_id": "6a892c78478dc3b356b73285", "distance_m": 822.0114376273054, "source": "osm_drive_estimated", "estimated": true}, "geometry": {"type": "LineString", "coordinates": [[110.37641803537275, -7.819695073497641], [110.3761454, -7.8199624], [110.3761405, -7.8199408], [110.3760952, -7.819741], [110.3760592, -7.8195822], [110.3760023, -7.8193518], [110.3759706, -7.8192275], [110.3761793, -7.8191591], [110.3762926, -7.8194427], [110.3764604, -7.8198628], [110.3765901, -7.8201877], [110.3768159, -7.820753], [110.3769165, -7.8210048], [110.3770124, -7.8212449], [110.3771604, -7.8216156], [110.377296, -7.8219549], [110.3774562, -7.8223561], [110.3775161, -7.8225062], [110.3780405, -7.8238047], [110.3776611400803, -7.82283338362798]]}}, {"type": "Feature", "properties": {"route_id": "3A", "from_stop_sequence": 25, "to_stop_sequence": 26, "from_activity_id": "6a892c78478dc3b356b73285", "to_activity_id": "6a8a4f770d6732db988bd00e", "distance_m": 472.48979057317007, "source": "osm_drive_estimated", "estimated": true}, "geometry": {"type": "LineString", "coordinates": [[110.3776611400803, -7.82283338362798], [110.3780405, -7.8238047], [110.3780867, -7.8239246], [110.3781968, -7.8242104], [110.3783861, -7.8246843], [110.3784348, -7.8248063], [110.3786115, -7.8248053], [110.3791878, -7.8248019], [110.3798979, -7.8247961], [110.3802363, -7.8247996], [110.37989161897013, -7.8248658186249145]]}}, {"type": "Feature", "properties": {"route_id": "3A", "from_stop_sequence": 26, "to_stop_sequence": 27, "from_activity_id": "6a8a4f770d6732db988bd00e", "to_activity_id": "6a893073478dc3b356b7399a", "distance_m": 844.6138118402928, "source": "osm_drive_estimated", "estimated": true}, "geometry": {"type": "LineString", "coordinates": [[110.37989161897013, -7.8248658186249145], [110.3802363, -7.8247996], [110.3814051, -7.8248034], [110.3815278, -7.8248341], [110.3817232, -7.8248946], [110.3820862, -7.8250071], [110.3823175, -7.8250716], [110.3824104, -7.8251094], [110.3826223, -7.8251114], [110.382679, -7.8251141], [110.3827328, -7.8251211], [110.3828583, -7.8251433], [110.3830605, -7.8251825], [110.3833079, -7.8252119], [110.3834253, -7.8252148], [110.3835765, -7.8252137], [110.3837076, -7.8252141], [110.3838456, -7.8252237], [110.384238, -7.8252789], [110.3843909, -7.8253001], [110.3846525, -7.8253196], [110.3848774, -7.8253364], [110.3850199, -7.8253406], [110.3851318, -7.8253504], [110.3852847, -7.8253529], [110.3859839, -7.8253743], [110.3862907, -7.8253816], [110.3868069, -7.8254048], [110.3870654, -7.8254159], [110.3873101, -7.8254299], [110.3871334359431, -7.825409998099445]]}}, {"type": "Feature", "properties": {"route_id": "3A", "from_stop_sequence": 27, "to_stop_sequence": 28, "from_activity_id": "6a893073478dc3b356b7399a", "to_activity_id": "6a89347152d86e03b51847e6", "distance_m": 636.7535830662891, "source": "osm_drive_estimated", "estimated": true}, "geometry": {"type": "LineString", "coordinates": [[110.3871334359431, -7.825409998099445], [110.3873101, -7.8254299], [110.3877483, -7.8254628], [110.3882595, -7.8256022], [110.388621, -7.8256864], [110.3887994, -7.8257296], [110.3888356, -7.8257384], [110.3891199, -7.8257951], [110.3892687, -7.825829], [110.3893438, -7.8258373], [110.3898915, -7.8258979], [110.3899565, -7.8259051], [110.390112, -7.8259223], [110.3900997, -7.8260778], [110.3900894, -7.8262085], [110.3900699, -7.8264553], [110.3900329, -7.8269243], [110.3900212, -7.8270735], [110.3899882, -7.8274912], [110.3899707, -7.8277131], [110.3899528, -7.8279399], [110.39002507001555, -7.827243619843017]]}}, {"type": "Feature", "properties": {"route_id": "3A", "from_stop_sequence": 28, "to_stop_sequence": 29, "from_activity_id": "6a89347152d86e03b51847e6", "to_activity_id": "6a893609478dc3b356b73fd7", "distance_m": 607.1329596055025, "source": "osm_drive_estimated", "estimated": true}, "geometry": {"type": "LineString", "coordinates": [[110.39002507001555, -7.827243619843017], [110.3899528, -7.8279399], [110.3899419, -7.8280785], [110.3899105, -7.8284769], [110.3898911, -7.8287223], [110.3898516, -7.8292239], [110.3898493, -7.8294178], [110.3898612, -7.8295777], [110.3898677, -7.8296468], [110.3899037, -7.8300286], [110.3899759, -7.8306278], [110.3900222, -7.8311843], [110.3900375, -7.8314262], [110.3900557, -7.831642], [110.3900711, -7.8318053], [110.3900857, -7.8319004], [110.3901093, -7.8320547], [110.3901197, -7.8321527], [110.3901233, -7.8322192], [110.3901422, -7.8325729], [110.39020459947233, -7.8324834343696494]]}}, {"type": "Feature", "properties": {"route_id": "3A", "from_stop_sequence": 29, "to_stop_sequence": 30, "from_activity_id": "6a893609478dc3b356b73fd7", "to_activity_id": "6a8d6eb952d86e03b51ac23f", "distance_m": 363.5040345050368, "source": "osm_drive_estimated", "estimated": true}, "geometry": {"type": "LineString", "coordinates": [[110.39020459947233, -7.8324834343696494], [110.3901422, -7.8325729], [110.390169, -7.8327695], [110.3901932, -7.8328625], [110.3902119, -7.8329343], [110.390272, -7.8329283], [110.3906545, -7.832909], [110.3908759, -7.8328918], [110.391024, -7.8328987], [110.3912997, -7.8328939], [110.3913043, -7.8329336], [110.3918521, -7.833002], [110.39183977163486, -7.834127418517099]]}}, {"type": "Feature", "properties": {"route_id": "3A", "from_stop_sequence": 30, "to_stop_sequence": 31, "from_activity_id": "6a8d6eb952d86e03b51ac23f", "to_activity_id": "6a893609478dc3b356b73fd7", "distance_m": 363.5040345050368, "source": "osm_drive_estimated", "estimated": true}, "geometry": {"type": "LineString", "coordinates": [[110.39183977163486, -7.834127418517099], [110.3918521, -7.833002], [110.3913043, -7.8329336], [110.3912997, -7.8328939], [110.391024, -7.8328987], [110.3908759, -7.8328918], [110.3906545, -7.832909], [110.390272, -7.8329283], [110.3902119, -7.8329343], [110.3901932, -7.8328625], [110.390169, -7.8327695], [110.3901422, -7.8325729], [110.39020459947233, -7.8324834343696494]]}}, {"type": "Feature", "properties": {"route_id": "3A", "from_stop_sequence": 31, "to_stop_sequence": 32, "from_activity_id": "6a893609478dc3b356b73fd7", "to_activity_id": "6a89347152d86e03b51847e6", "distance_m": 607.1329596055025, "source": "osm_drive_estimated", "estimated": true}, "geometry": {"type": "LineString", "coordinates": [[110.39020459947233, -7.8324834343696494], [110.3901422, -7.8325729], [110.3901233, -7.8322192], [110.3901197, -7.8321527], [110.3901093, -7.8320547], [110.3900857, -7.8319004], [110.3900711, -7.8318053], [110.3900557, -7.831642], [110.3900375, -7.8314262], [110.3900222, -7.8311843], [110.3899759, -7.8306278], [110.3899037, -7.8300286], [110.3898677, -7.8296468], [110.3898612, -7.8295777], [110.3898493, -7.8294178], [110.3898516, -7.8292239], [110.3898911, -7.8287223], [110.3899105, -7.8284769], [110.3899419, -7.8280785], [110.3899528, -7.8279399], [110.39002507001555, -7.827243619843017]]}}, {"type": "Feature", "properties": {"route_id": "3A", "from_stop_sequence": 32, "to_stop_sequence": 33, "from_activity_id": "6a89347152d86e03b51847e6", "to_activity_id": "6a8a55a40d6732db988bd319", "distance_m": 592.9073632111208, "source": "osm_drive_estimated", "estimated": true}, "geometry": {"type": "LineString", "coordinates": [[110.39002507001555, -7.827243619843017], [110.3899528, -7.8279399], [110.3899707, -7.8277131], [110.3899882, -7.8274912], [110.3900212, -7.8270735], [110.3900329, -7.8269243], [110.3900699, -7.8264553], [110.3900894, -7.8262085], [110.3900997, -7.8260778], [110.390112, -7.8259223], [110.3901162, -7.8258688], [110.3901332, -7.8256384], [110.3901672, -7.8251788], [110.3902205, -7.8251896], [110.3903004, -7.8252326], [110.3906556, -7.8254235], [110.390951, -7.8255911], [110.3911986, -7.8257315], [110.391362, -7.8258241], [110.3915045, -7.8259049], [110.39183869483821, -7.826017116757498]]}}, {"type": "Feature", "properties": {"route_id": "3A", "from_stop_sequence": 36, "to_stop_sequence": 37, "from_activity_id": "6a897f8e478dc3b356b78a98", "to_activity_id": "6a939f8952d86e03b51e3c50", "distance_m": 1422.2990856260674, "source": "osm_drive_estimated", "estimated": true}, "geometry": {"type": "LineString", "coordinates": [[110.40109093857126, -7.8196066507820206], [110.4011934, -7.8197043], [110.4012182, -7.8196263], [110.4013387, -7.8192597], [110.4014716, -7.8189189], [110.4015084, -7.8188358], [110.4016336, -7.8185601], [110.4017199, -7.8183241], [110.4017774, -7.8181324], [110.401863, -7.8178527], [110.4019033, -7.8177316], [110.4019426, -7.8175947], [110.4019873, -7.8173671], [110.4019948, -7.8173177], [110.4020047, -7.8172363], [110.4020137, -7.8171616], [110.4020233, -7.8170881], [110.4020276, -7.8170549], [110.4020419, -7.81684], [110.4020539, -7.8165187], [110.4020577, -7.8162993], [110.4020593, -7.8162067], [110.4020615, -7.8161418], [110.4020632, -7.8158364], [110.4020727, -7.8155281], [110.4020737, -7.8154765], [110.4020753, -7.8152989], [110.402079, -7.8151124], [110.4020839, -7.8147823], [110.4020871, -7.814715], [110.4020912, -7.8144637], [110.402093, -7.8143598], [110.402095, -7.8142459], [110.4021009, -7.8139031], [110.4021047, -7.813723], [110.4021065, -7.8136362], [110.4021052, -7.813567], [110.4021076, -7.8134678], [110.4021127, -7.8129852], [110.4021201, -7.8125342], [110.4021211, -7.8122009], [110.402135, -7.8108994], [110.4021372, -7.8106954], [110.4021404, -7.8104452], [110.4021451, -7.8100845], [110.4021553, -7.8093907], [110.4021626, -7.8089015], [110.4021659, -7.8086727], [110.4021728, -7.8082105], [110.402175, -7.8080622], [110.4021791, -7.8077819], [110.4021833, -7.8074989], [110.4021849, -7.8073896], [110.40221110000465, -7.807193699990009]]}}, {"type": "Feature", "properties": {"route_id": "3A", "from_stop_sequence": 37, "to_stop_sequence": 38, "from_activity_id": "6a939f8952d86e03b51e3c50", "to_activity_id": "6a93a0cf52d86e03b51e3cc6", "distance_m": 62.6959180738032, "source": "osm_drive_estimated", "estimated": true}, "geometry": {"type": "LineString", "coordinates": [[110.40221110000465, -7.807193699990009], [110.40213096663405, -7.807751920699857]]}}, {"type": "Feature", "properties": {"route_id": "3A", "from_stop_sequence": 45, "to_stop_sequence": 46, "from_activity_id": "6a82dd1338bb192425f4f6cf", "to_activity_id": "6a8961f652d86e03b5187355", "distance_m": 1101.5503320055382, "source": "osm_drive_estimated", "estimated": true}, "geometry": {"type": "LineString", "coordinates": [[110.43091366895266, -7.783398800192629], [110.431005, -7.7828699], [110.4313201, -7.7829038], [110.4316655, -7.7829509], [110.4317062, -7.7825324], [110.4317083, -7.7825126], [110.4317577, -7.7820579], [110.4320866, -7.7821267], [110.4325855, -7.7822288], [110.43266, -7.7822402], [110.432905, -7.782291], [110.4332007, -7.7823536], [110.434165, -7.7825738], [110.4340937, -7.7829549], [110.4339943, -7.783443], [110.4345191, -7.7834408], [110.4349136, -7.7834417], [110.4357559, -7.7834404], [110.4362925, -7.7834406], [110.4364758, -7.7834443], [110.4370401, -7.7834471], [110.43609695062298, -7.784580417870302]]}}, {"type": "Feature", "properties": {"route_id": "3A", "from_stop_sequence": 51, "to_stop_sequence": 52, "from_activity_id": "6a82dc184fd70be4125d2627", "to_activity_id": "6a82df994fd70be4125d2a71", "distance_m": 1581.5358018773165, "source": "osm_drive_estimated", "estimated": true}, "geometry": {"type": "LineString", "coordinates": [[110.40806741092467, -7.760728614312441], [110.4078171, -7.7605772], [110.4070152, -7.7603045], [110.40655, -7.7601621], [110.4044948, -7.7595118], [110.4045159, -7.7594683], [110.40397, -7.7592955], [110.4031839, -7.7590271], [110.4022942, -7.7587274], [110.4019768, -7.7586235], [110.4011258, -7.7583591], [110.4008442, -7.75829], [110.4006256, -7.7582435], [110.4004218, -7.7582063], [110.4002434, -7.758185], [110.4000489, -7.7581625], [110.3998303, -7.7581452], [110.399626, -7.7581368], [110.399138, -7.7581248], [110.3986475, -7.7581265], [110.3982519, -7.7581504], [110.3975478, -7.7582408], [110.3975344, -7.7581617], [110.3982492, -7.7580707], [110.3984173, -7.7580631], [110.3986596, -7.7580521], [110.399081, -7.7580503], [110.399447, -7.7580567], [110.3997878, -7.7580667], [110.4000534, -7.7580856], [110.4001417, -7.7580983], [110.39951833893446, -7.758275267444745]]}}, {"type": "Feature", "properties": {"route_id": "3A", "from_stop_sequence": 52, "to_stop_sequence": 53, "from_activity_id": "6a82df994fd70be4125d2a71", "to_activity_id": "6a8ee08652d86e03b51ba5d2", "distance_m": 1161.4215728801612, "source": "osm_drive_estimated", "estimated": true}, "geometry": {"type": "LineString", "coordinates": [[110.39951833893446, -7.758275267444745], [110.4001417, -7.7580983], [110.400159, -7.7580441], [110.4004513, -7.758084], [110.4006404, -7.7581146], [110.4008233, -7.75815], [110.4009072, -7.7581651], [110.4009877, -7.7579033], [110.4010032, -7.7578561], [110.401033, -7.7577655], [110.4010846, -7.7575936], [110.4011177, -7.7574905], [110.4012378, -7.7571748], [110.401254, -7.7571282], [110.4012687, -7.7570861], [110.4013056, -7.7569857], [110.4014068, -7.7566994], [110.4013237, -7.7566824], [110.4012643, -7.7566668], [110.4012083, -7.7566518], [110.4010836, -7.7566243], [110.4007944, -7.7565962], [110.4006216, -7.7565785], [110.4004345, -7.7565612], [110.3999912, -7.7565489], [110.3996187, -7.7565369], [110.399481, -7.7565346], [110.3992785, -7.7565472], [110.3992255, -7.7565651], [110.3991853, -7.7565851], [110.3991585, -7.7566329], [110.3990934, -7.7567791], [110.3988084, -7.7567598], [110.3986126, -7.7567319], [110.3985462, -7.75672], [110.3984477, -7.7567063], [110.398453, -7.7566651], [110.3984832, -7.7565173], [110.3985335, -7.7563285], [110.3985416, -7.7562766], [110.3983806, -7.7562346], [110.3980836, -7.756114], [110.3976792, -7.7565465], [110.3974794, -7.7567545], [110.3974586, -7.7567259], [110.397364, -7.7566515], [110.3973185, -7.7565784], [110.3972769, -7.7564748], [110.3972045, -7.756405], [110.3971401, -7.7563565], [110.3970737, -7.7563107], [110.396898, -7.7562044], [110.3967679, -7.7561167], [110.3964521, -7.7558695], [110.3964166, -7.7558436], [110.3963271, -7.7560462], [110.3962921, -7.7561073], [110.3962409, -7.7561942], [110.3962011, -7.7562689], [110.396166, -7.756339], [110.3961308, -7.7564215], [110.3961152, -7.7564627], [110.3961003, -7.7565039], [110.3960767, -7.7565976], [110.3960593, -7.7566913], [110.3960661, -7.7567471], [110.3960327, -7.7567392], [110.3958987657677, -7.756704954686867]]}}, {"type": "Feature", "properties": {"route_id": "3B", "from_stop_sequence": 1, "to_stop_sequence": 2, "from_activity_id": "6a8d6eb952d86e03b51ac23f", "to_activity_id": "6a893609478dc3b356b73fd7", "distance_m": 363.5040345050368, "source": "osm_drive_estimated", "estimated": true}, "geometry": {"type": "LineString", "coordinates": [[110.39183977163486, -7.834127418517099], [110.3918521, -7.833002], [110.3913043, -7.8329336], [110.3912997, -7.8328939], [110.391024, -7.8328987], [110.3908759, -7.8328918], [110.3906545, -7.832909], [110.390272, -7.8329283], [110.3902119, -7.8329343], [110.3901932, -7.8328625], [110.390169, -7.8327695], [110.3901422, -7.8325729], [110.39020459947233, -7.8324834343696494]]}}, {"type": "Feature", "properties": {"route_id": "3B", "from_stop_sequence": 2, "to_stop_sequence": 3, "from_activity_id": "6a893609478dc3b356b73fd7", "to_activity_id": "6a89347152d86e03b51847e6", "distance_m": 607.1329596055025, "source": "osm_drive_estimated", "estimated": true}, "geometry": {"type": "LineString", "coordinates": [[110.39020459947233, -7.8324834343696494], [110.3901422, -7.8325729], [110.3901233, -7.8322192], [110.3901197, -7.8321527], [110.3901093, -7.8320547], [110.3900857, -7.8319004], [110.3900711, -7.8318053], [110.3900557, -7.831642], [110.3900375, -7.8314262], [110.3900222, -7.8311843], [110.3899759, -7.8306278], [110.3899037, -7.8300286], [110.3898677, -7.8296468], [110.3898612, -7.8295777], [110.3898493, -7.8294178], [110.3898516, -7.8292239], [110.3898911, -7.8287223], [110.3899105, -7.8284769], [110.3899419, -7.8280785], [110.3899528, -7.8279399], [110.39002507001555, -7.827243619843017]]}}, {"type": "Feature", "properties": {"route_id": "3B", "from_stop_sequence": 3, "to_stop_sequence": 4, "from_activity_id": "6a89347152d86e03b51847e6", "to_activity_id": "6a893073478dc3b356b7399a", "distance_m": 622.8745054839101, "source": "osm_drive_estimated", "estimated": true}, "geometry": {"type": "LineString", "coordinates": [[110.39002507001555, -7.827243619843017], [110.3899528, -7.8279399], [110.3899707, -7.8277131], [110.3899882, -7.8274912], [110.3900212, -7.8270735], [110.3900329, -7.8269243], [110.3900699, -7.8264553], [110.3900894, -7.8262085], [110.3900539, -7.8260736], [110.3899975, -7.8259786], [110.3898915, -7.8258979], [110.3893438, -7.8258373], [110.3892687, -7.825829], [110.3891199, -7.8257951], [110.3888356, -7.8257384], [110.3887994, -7.8257296], [110.388621, -7.8256864], [110.3882595, -7.8256022], [110.3877483, -7.8254628], [110.3873101, -7.8254299], [110.3871334359431, -7.825409998099445]]}}, {"type": "Feature", "properties": {"route_id": "3B", "from_stop_sequence": 4, "to_stop_sequence": 5, "from_activity_id": "6a893073478dc3b356b7399a", "to_activity_id": "6a8a4f770d6732db988bd00e", "distance_m": 844.6138118402928, "source": "osm_drive_estimated", "estimated": true}, "geometry": {"type": "LineString", "coordinates": [[110.3871334359431, -7.825409998099445], [110.3873101, -7.8254299], [110.3870654, -7.8254159], [110.3868069, -7.8254048], [110.3862907, -7.8253816], [110.3859839, -7.8253743], [110.3852847, -7.8253529], [110.3851318, -7.8253504], [110.3850199, -7.8253406], [110.3848774, -7.8253364], [110.3846525, -7.8253196], [110.3843909, -7.8253001], [110.384238, -7.8252789], [110.3838456, -7.8252237], [110.3837076, -7.8252141], [110.3835765, -7.8252137], [110.3834253, -7.8252148], [110.3833079, -7.8252119], [110.3830605, -7.8251825], [110.3828583, -7.8251433], [110.3827328, -7.8251211], [110.382679, -7.8251141], [110.3826223, -7.8251114], [110.3824104, -7.8251094], [110.3823175, -7.8250716], [110.3820862, -7.8250071], [110.3817232, -7.8248946], [110.3815278, -7.8248341], [110.3814051, -7.8248034], [110.3802363, -7.8247996], [110.37989161897013, -7.8248658186249145]]}}, {"type": "Feature", "properties": {"route_id": "3B", "from_stop_sequence": 5, "to_stop_sequence": 6, "from_activity_id": "6a8a4f770d6732db988bd00e", "to_activity_id": "6a892c78478dc3b356b73285", "distance_m": 472.48979057317007, "source": "osm_drive_estimated", "estimated": true}, "geometry": {"type": "LineString", "coordinates": [[110.37989161897013, -7.8248658186249145], [110.3802363, -7.8247996], [110.3798979, -7.8247961], [110.3791878, -7.8248019], [110.3786115, -7.8248053], [110.3784348, -7.8248063], [110.3783861, -7.8246843], [110.3781968, -7.8242104], [110.3780867, -7.8239246], [110.3780405, -7.8238047], [110.3776611400803, -7.82283338362798]]}}, {"type": "Feature", "properties": {"route_id": "3B", "from_stop_sequence": 6, "to_stop_sequence": 7, "from_activity_id": "6a892c78478dc3b356b73285", "to_activity_id": "6a8a44a50d6732db988bca0a", "distance_m": 1006.3546039318907, "source": "osm_drive_estimated", "estimated": true}, "geometry": {"type": "LineString", "coordinates": [[110.3776611400803, -7.82283338362798], [110.3780405, -7.8238047], [110.3775161, -7.8225062], [110.3774562, -7.8223561], [110.377296, -7.8219549], [110.3771604, -7.8216156], [110.3770124, -7.8212449], [110.3769165, -7.8210048], [110.3768159, -7.820753], [110.3765901, -7.8201877], [110.3764604, -7.8198628], [110.3762926, -7.8194427], [110.3761793, -7.8191591], [110.376097, -7.8189532], [110.376067, -7.818878], [110.37594, -7.818525], [110.3759231, -7.818467], [110.3758997, -7.8183461], [110.3758927, -7.8182411], [110.3758881, -7.8181731], [110.3758903, -7.8180445], [110.3759003, -7.8178452], [110.3759024, -7.8178074], [110.3759159, -7.8176439], [110.3759898, -7.8171258], [110.3759971, -7.8170751], [110.3760021, -7.8170412], [110.3760218, -7.8169128], [110.376027, -7.816879], [110.3760741, -7.8165362], [110.37598444651229, -7.816851923930486]]}}, {"type": "Feature", "properties": {"route_id": "3B", "from_stop_sequence": 7, "to_stop_sequence": 8, "from_activity_id": "6a8a44a50d6732db988bca0a", "to_activity_id": "6a8a3ee252d86e03b518e62b", "distance_m": 613.1115604537331, "source": "osm_drive_estimated", "estimated": true}, "geometry": {"type": "LineString", "coordinates": [[110.37598444651229, -7.816851923930486], [110.3760741, -7.8165362], [110.3758051, -7.8165132], [110.3757756, -7.8164395], [110.3757542, -7.8163611], [110.3757342, -7.816243], [110.3754955, -7.816242], [110.3753085, -7.816245], [110.3753552, -7.8157658], [110.3753627, -7.8156461], [110.3748282, -7.8155703], [110.3747938, -7.8155654], [110.3744667, -7.815519], [110.3744488, -7.8155165], [110.3742827, -7.8154933], [110.3741286, -7.815472], [110.3740855, -7.8154651], [110.3740375, -7.8154582], [110.3738296, -7.8154287], [110.3732811, -7.8153509], [110.3732263, -7.8153458], [110.3731712, -7.8153023], [110.3729235, -7.815264], [110.3729005, -7.8152608], [110.3726135, -7.8152205], [110.3720698, -7.8151443], [110.371939, -7.8151268], [110.371805, -7.8151085], [110.37180150688636, -7.8151483782583995]]}}, {"type": "Feature", "properties": {"route_id": "3B", "from_stop_sequence": 8, "to_stop_sequence": 9, "from_activity_id": "6a8a3ee252d86e03b518e62b", "to_activity_id": "6a8d417b52d86e03b51a99d5", "distance_m": 530.873905330255, "source": "osm_drive_estimated", "estimated": true}, "geometry": {"type": "LineString", "coordinates": [[110.37180150688636, -7.8151483782583995], [110.371805, -7.8151085], [110.3706009, -7.8149506], [110.3701778, -7.814892], [110.3701551, -7.814888], [110.3700624, -7.8148717], [110.3697193, -7.8148113], [110.3693287, -7.8147423], [110.3692066, -7.8147655], [110.3690919, -7.8147521], [110.3689039, -7.8147274], [110.3687411, -7.8147355], [110.3686676, -7.8147457], [110.3685535, -7.8147872], [110.3684005, -7.8148428], [110.3682714, -7.8148213], [110.3677914, -7.8147524], [110.3675394, -7.8147321], [110.3674679, -7.8146989], [110.36709247629614, -7.814695699174138]]}}, {"type": "Feature", "properties": {"route_id": "3B", "from_stop_sequence": 9, "to_stop_sequence": 10, "from_activity_id": "6a8d417b52d86e03b51a99d5", "to_activity_id": "6a891f8752d86e03b5182d78", "distance_m": 436.9747538665684, "source": "osm_drive_estimated", "estimated": true}, "geometry": {"type": "LineString", "coordinates": [[110.36709247629614, -7.814695699174138], [110.3674679, -7.8146989], [110.3673403, -7.8146944], [110.3669506, -7.8146164], [110.3664404, -7.8145245], [110.3658962, -7.8144519], [110.3657207, -7.8144242], [110.3652353, -7.8143523], [110.3647746, -7.8143068], [110.3639803, -7.8141903], [110.36392040519263, -7.814168447544432]]}}, {"type": "Feature", "properties": {"route_id": "3B", "from_stop_sequence": 10, "to_stop_sequence": 11, "from_activity_id": "6a891f8752d86e03b5182d78", "to_activity_id": "6a8d43e8eca288692ef3b00c", "distance_m": 709.7722654208754, "source": "osm_drive_estimated", "estimated": true}, "geometry": {"type": "LineString", "coordinates": [[110.36392040519263, -7.814168447544432], [110.3639803, -7.8141903], [110.3630414, -7.8140505], [110.3628116, -7.8140163], [110.3626655, -7.8139971], [110.3610382, -7.8137833], [110.3604133, -7.8136966], [110.3600429, -7.8136448], [110.3593885, -7.8135478], [110.3593689, -7.8135451], [110.3593563, -7.8135434], [110.3586374, -7.8134443], [110.3581571, -7.8133788], [110.357976, -7.8133521], [110.35824780362691, -7.813510559506541]]}}, {"type": "Feature", "properties": {"route_id": "3B", "from_stop_sequence": 11, "to_stop_sequence": 12, "from_activity_id": "6a8d43e8eca288692ef3b00c", "to_activity_id": "6a856ccabbd0aa678bab85c4", "distance_m": 968.247604474949, "source": "osm_drive_estimated", "estimated": true}, "geometry": {"type": "LineString", "coordinates": [[110.35824780362691, -7.813510559506541], [110.357976, -7.8133521], [110.3573804, -7.8132786], [110.3572358, -7.813262], [110.3570513, -7.8132432], [110.3568873, -7.8132506], [110.3568258, -7.8132401], [110.3563887, -7.8131749], [110.3563751, -7.8131729], [110.3562775, -7.8131564], [110.3562613, -7.8131537], [110.356107, -7.8131311], [110.3560461, -7.813119], [110.3559544, -7.8130534], [110.3558582, -7.8129906], [110.3558284, -7.8129794], [110.3557876, -7.8129641], [110.3558042, -7.8129165], [110.3558321, -7.8128473], [110.3558473, -7.8127652], [110.3558515, -7.8127425], [110.3558601, -7.8126359], [110.3558739, -7.8124495], [110.3558922, -7.8122018], [110.3559173, -7.8121586], [110.3559544, -7.8111473], [110.3559955, -7.8100253], [110.3560131, -7.8095059], [110.3560163, -7.8094116], [110.3560476, -7.8088721], [110.3560525, -7.808788], [110.3560625, -7.8086167], [110.3561761, -7.8086263], [110.356362, -7.8086423], [110.3563856, -7.8078632], [110.356391, -7.8076058], [110.35606982877533, -7.807940761615626]]}}, {"type": "Feature", "properties": {"route_id": "3B", "from_stop_sequence": 12, "to_stop_sequence": 13, "from_activity_id": "6a856ccabbd0aa678bab85c4", "to_activity_id": "6a856e91bbd0aa678bab879c", "distance_m": 744.2506538995142, "source": "osm_drive_estimated", "estimated": true}, "geometry": {"type": "LineString", "coordinates": [[110.35606982877533, -7.807940761615626], [110.356391, -7.8076058], [110.3563856, -7.8078632], [110.356362, -7.8086423], [110.3561761, -7.8086263], [110.3560625, -7.8086167], [110.3560702, -7.8084178], [110.3560834, -7.8080796], [110.3560877, -7.8079701], [110.3560846, -7.8070141], [110.3561505, -7.8053919], [110.3561734, -7.8049133], [110.3561821, -7.8045055], [110.3561889, -7.804454], [110.3561663, -7.804433], [110.3561512, -7.8044184], [110.3561398, -7.8044031], [110.3561331, -7.8043805], [110.3561305, -7.8043536], [110.3562113, -7.8039838], [110.35626401421268, -7.803758428469791]]}}, {"type": "Feature", "properties": {"route_id": "3B", "from_stop_sequence": 13, "to_stop_sequence": 14, "from_activity_id": "6a856e91bbd0aa678bab879c", "to_activity_id": "6a855e58bbd0aa678bab72c7", "distance_m": 764.3244901045865, "source": "osm_drive_estimated", "estimated": true}, "geometry": {"type": "LineString", "coordinates": [[110.35626401421268, -7.803758428469791], [110.3562113, -7.8039838], [110.3562199, -7.8036345], [110.3562238, -7.8034984], [110.35623, -7.8034734], [110.3562413, -7.803456], [110.3562582, -7.8034449], [110.3562815, -7.8034363], [110.3564138, -7.8034357], [110.3564189, -7.8031897], [110.3564248, -7.8028136], [110.3564255, -7.8027625], [110.3564648, -7.8013696], [110.3564655, -7.8013438], [110.3564715, -7.8011474], [110.3566051, -7.8011485], [110.3566362, -7.8011493], [110.356683, -7.8011505], [110.3567211, -7.8011515], [110.3579919, -7.8011633], [110.3592095, -7.8011747], [110.3593269, -7.8011789], [110.3599674, -7.8011837], [110.36014288772952, -7.801236698318434]]}}, {"type": "Feature", "properties": {"route_id": "3B", "from_stop_sequence": 14, "to_stop_sequence": 15, "from_activity_id": "6a855e58bbd0aa678bab72c7", "to_activity_id": "6a8a88b40d6732db988bfbb8", "distance_m": 506.65008065890567, "source": "osm_drive_estimated", "estimated": true}, "geometry": {"type": "LineString", "coordinates": [[110.36014288772952, -7.801236698318434], [110.3599674, -7.8011837], [110.3601798, -7.8011892], [110.3602274, -7.8011905], [110.3604445, -7.8011962], [110.3606337, -7.8012012], [110.3608454, -7.8012071], [110.361012, -7.801217], [110.3614848, -7.8012428], [110.3616409, -7.8012534], [110.3619047, -7.8012779], [110.3620292, -7.8012782], [110.3620348, -7.8011025], [110.362039, -7.800971], [110.3620637, -7.8002043], [110.3620693, -7.8000307], [110.3620857, -7.7995212], [110.36209, -7.7993859], [110.3620968, -7.7991748], [110.36208001256682, -7.799398820735533]]}}, {"type": "Feature", "properties": {"route_id": "3B", "from_stop_sequence": 15, "to_stop_sequence": 16, "from_activity_id": "6a8a88b40d6732db988bfbb8", "to_activity_id": "6a8a8a110d6732db988bfe24", "distance_m": 400.0257422201485, "source": "osm_drive_estimated", "estimated": true}, "geometry": {"type": "LineString", "coordinates": [[110.36208001256682, -7.799398820735533], [110.3620968, -7.7991748], [110.3621366, -7.7984505], [110.3621406, -7.7981323], [110.3621428, -7.7978363], [110.3621351, -7.7976402], [110.362149, -7.7971658], [110.3621715, -7.7968187], [110.3621694, -7.7967146], [110.3621662, -7.7964945], [110.3621554, -7.7963667], [110.3621482, -7.7963089], [110.3621422, -7.7962647], [110.3621322, -7.7962233], [110.3621176, -7.7961872], [110.3621028, -7.7961594], [110.3620769, -7.7961284], [110.3620474, -7.7960983], [110.3620079, -7.7960669], [110.3618854, -7.7959903], [110.36181950219066, -7.7960169118630205]]}}, {"type": "Feature", "properties": {"route_id": "3B", "from_stop_sequence": 16, "to_stop_sequence": 17, "from_activity_id": "6a8a8a110d6732db988bfe24", "to_activity_id": "6a8a69c30d6732db988bded7", "distance_m": 639.6339105299701, "source": "osm_drive_estimated", "estimated": true}, "geometry": {"type": "LineString", "coordinates": [[110.36181950219066, -7.7960169118630205], [110.3618854, -7.7959903], [110.3618491, -7.7959703], [110.3618006, -7.7959426], [110.3617728, -7.7959243], [110.3617449, -7.7959043], [110.3616677, -7.7958489], [110.36148, -7.795701], [110.3613503, -7.7955886], [110.3612905, -7.795513], [110.3612615, -7.795472], [110.3612374, -7.7954286], [110.3612302, -7.7954038], [110.3612284, -7.7953773], [110.3612631, -7.7948492], [110.3612704, -7.7946345], [110.3612834, -7.7942578], [110.3612903, -7.7940511], [110.3612932, -7.7939659], [110.3613023, -7.7936991], [110.3613086, -7.7935134], [110.3613647, -7.7933078], [110.3614527, -7.7928629], [110.36171, -7.7915623], [110.36151182576276, -7.792450662486047]]}}, {"type": "Feature", "properties": {"route_id": "3B", "from_stop_sequence": 17, "to_stop_sequence": 18, "from_activity_id": "6a8a69c30d6732db988bded7", "to_activity_id": "6a8a8dda52d86e03b519227c", "distance_m": 343.5268649583013, "source": "osm_drive_estimated", "estimated": true}, "geometry": {"type": "LineString", "coordinates": [[110.36151182576276, -7.792450662486047], [110.36171, -7.7915623], [110.3618789, -7.7908354], [110.3619451, -7.7905231], [110.3620737, -7.7899484], [110.3621127, -7.7897742], [110.36179815416784, -7.789620476123076]]}}, {"type": "Feature", "properties": {"route_id": "3B", "from_stop_sequence": 18, "to_stop_sequence": 19, "from_activity_id": "6a8a8dda52d86e03b519227c", "to_activity_id": "6a8d7e2452d86e03b51adbe2", "distance_m": 11.917837586041568, "source": "osm_drive_estimated", "estimated": true}, "geometry": {"type": "LineString", "coordinates": [[110.36179815416784, -7.789620476123076], [110.36186320559472, -7.789706112181804]]}}, {"type": "Feature", "properties": {"route_id": "3B", "from_stop_sequence": 19, "to_stop_sequence": 20, "from_activity_id": "6a8d7e2452d86e03b51adbe2", "to_activity_id": "6a8a7c760d6732db988bef49", "distance_m": 984.0061196423442, "source": "osm_drive_estimated", "estimated": true}, "geometry": {"type": "LineString", "coordinates": [[110.36186320559472, -7.789706112181804], [110.3621127, -7.7897742], [110.3620668, -7.7897543], [110.3620079, -7.7897279], [110.3619436, -7.7897016], [110.3619173, -7.7896918], [110.3618692, -7.7896737], [110.3617931, -7.7896495], [110.3617153, -7.7896275], [110.36163, -7.7896137], [110.3615441, -7.7896042], [110.3610631, -7.7895868], [110.3604468, -7.7895646], [110.3597406, -7.7895245], [110.359681, -7.7895204], [110.3591931, -7.7894746], [110.3590401, -7.7894609], [110.3588173, -7.7894397], [110.3584512, -7.789413], [110.3583708, -7.7894127], [110.3583172, -7.7894104], [110.3581742, -7.7893974], [110.3578273, -7.7893705], [110.3576212, -7.7893536], [110.3575253, -7.7893485], [110.357481, -7.7893516], [110.357489, -7.7888758], [110.3574936, -7.7887212], [110.357507, -7.7882872], [110.3575111, -7.788265], [110.3575367, -7.7882091], [110.357579, -7.7881834], [110.3576445, -7.7881639], [110.3579699, -7.7880763], [110.3583525, -7.7879802], [110.3587072, -7.787869], [110.3588071, -7.7878248], [110.3589762, -7.7877186], [110.3591727, -7.7875702], [110.3593116, -7.7874524], [110.3593237, -7.7874202], [110.3593415, -7.7873907], [110.3593646, -7.7873651], [110.359392, -7.787344], [110.3594229, -7.7873284], [110.3594564, -7.7873186], [110.3594911, -7.7873152], [110.3595258, -7.7873182], [110.3595594, -7.7873276], [110.3595907, -7.7873429], [110.3596185, -7.7873638], [110.359642, -7.7873894], [110.3596602, -7.7874189], [110.3596725, -7.7874513], [110.3596786, -7.7874853], [110.3596782, -7.7875199], [110.3598252281177, -7.787233112145842]]}}, {"type": "Feature", "properties": {"route_id": "3B", "from_stop_sequence": 20, "to_stop_sequence": 21, "from_activity_id": "6a8a7c760d6732db988bef49", "to_activity_id": "6a8ba82fa4262ae1033d0be2", "distance_m": 596.6804595007013, "source": "osm_drive_estimated", "estimated": true}, "geometry": {"type": "LineString", "coordinates": [[110.3598252281177, -7.787233112145842], [110.3596782, -7.7875199], [110.3596708, -7.7875555], [110.3596566, -7.787589], [110.359636, -7.7876191], [110.3596098, -7.7876446], [110.3595792, -7.7876646], [110.359681, -7.7877092], [110.3597411, -7.7877281], [110.3598132, -7.7877442], [110.3611639, -7.7880521], [110.361514, -7.7880833], [110.3615549, -7.7876653], [110.3616472, -7.7870633], [110.3605916, -7.7869152], [110.3604169, -7.7868868], [110.3600074, -7.7868055], [110.3599521, -7.7867931], [110.3598915994072, -7.786639735892905]]}}, {"type": "Feature", "properties": {"route_id": "3B", "from_stop_sequence": 21, "to_stop_sequence": 22, "from_activity_id": "6a8ba82fa4262ae1033d0be2", "to_activity_id": "6a882a323be6880665735cad", "distance_m": 1410.9548145115261, "source": "osm_drive_estimated", "estimated": true}, "geometry": {"type": "LineString", "coordinates": [[110.3598915994072, -7.786639735892905], [110.3599521, -7.7867931], [110.3597391, -7.7871503], [110.3597152, -7.7872263], [110.3596782, -7.7875199], [110.3596708, -7.7875555], [110.3596566, -7.787589], [110.359636, -7.7876191], [110.3596098, -7.7876446], [110.3595792, -7.7876646], [110.3595476, -7.7876775], [110.3595142, -7.7876845], [110.3594801, -7.7876854], [110.3594463, -7.7876801], [110.3594115, -7.7876677], [110.3593799, -7.7876487], [110.3593526, -7.7876239], [110.3593309, -7.7875942], [110.3593154, -7.7875609], [110.3593069, -7.7875252], [110.3593056, -7.7874886], [110.3593116, -7.7874524], [110.3593237, -7.7874202], [110.3593415, -7.7873907], [110.3593646, -7.7873651], [110.359392, -7.787344], [110.3594229, -7.7873284], [110.359568, -7.7871841], [110.3596507, -7.7870872], [110.3598685, -7.7867412], [110.3600605, -7.7864433], [110.3604505, -7.7857103], [110.3606567, -7.7853228], [110.36069, -7.7852313], [110.3607032, -7.7851472], [110.3607061, -7.7848916], [110.3607067, -7.7848342], [110.3607408, -7.7839367], [110.3607867, -7.7830353], [110.3607877, -7.783011], [110.3607898, -7.7828855], [110.3607794, -7.782879], [110.3607635, -7.7828632], [110.360754, -7.782843], [110.360752, -7.7828208], [110.3607537, -7.7828105], [110.3607578, -7.7827992], [110.3607668, -7.7827854], [110.3607707, -7.7827809], [110.3607872, -7.7827691], [110.3608065, -7.7827629], [110.3608268, -7.7827629], [110.360836, -7.7827654], [110.3609308, -7.7827674], [110.3610294, -7.7827707], [110.3623273, -7.7827983], [110.3625408, -7.7828034], [110.3633177, -7.7828201], [110.3636702, -7.7828277], [110.3637404, -7.7828668], [110.3640513, -7.7828693], [110.3649774, -7.7828816], [110.3662464, -7.7828984], [110.36565971152436, -7.7829259605858025]]}}, {"type": "Feature", "properties": {"route_id": "3B", "from_stop_sequence": 24, "to_stop_sequence": 25, "from_activity_id": "6a8d77b552d86e03b51acbf3", "to_activity_id": "6a8d799852d86e03b51acfac", "distance_m": 893.3689365175911, "source": "osm_drive_estimated", "estimated": true}, "geometry": {"type": "LineString", "coordinates": [[110.37518200888871, -7.78119792960976], [110.3751793, -7.7818328], [110.3751009, -7.7818283], [110.3751167, -7.7817365], [110.3751605, -7.7814813], [110.3751887, -7.7813168], [110.3752069, -7.7812107], [110.3752601, -7.7809012], [110.3753055, -7.7806327], [110.3753415, -7.7804197], [110.3753735, -7.7802192], [110.3753845, -7.7801501], [110.3754062, -7.7800087], [110.3754528, -7.7797223], [110.375495, -7.7797206], [110.3755365, -7.7797201], [110.3762729, -7.779819], [110.3769314, -7.7799013], [110.3770422, -7.7799139], [110.3770876, -7.7795869], [110.3771288, -7.7792896], [110.377052, -7.7792831], [110.3770148, -7.7792775], [110.3768171, -7.7792704], [110.376589, -7.7792663], [110.3766017, -7.7790334], [110.3766024, -7.7790212], [110.3766212, -7.7788332], [110.3766292, -7.7786412], [110.3766386, -7.7784598], [110.3766487, -7.7783774], [110.3766534, -7.7783136], [110.3766601, -7.7781927], [110.3766654, -7.7781628], [110.3766673, -7.7781556], [110.3766687, -7.7781518], [110.3766432, -7.7781284], [110.3766165, -7.7781057], [110.3765749, -7.7780852], [110.3763499, -7.7780536], [110.3758141, -7.7779856], [110.37573404625363, -7.777552952341509]]}}, {"type": "Feature", "properties": {"route_id": "3B", "from_stop_sequence": 25, "to_stop_sequence": 26, "from_activity_id": "6a8d799852d86e03b51acfac", "to_activity_id": "6a8cfb1f52d86e03b51a5dd9", "distance_m": 1186.3292052524816, "source": "osm_drive_estimated", "estimated": true}, "geometry": {"type": "LineString", "coordinates": [[110.37573404625363, -7.777552952341509], [110.3758141, -7.7779856], [110.3755365, -7.7797201], [110.375495, -7.7797206], [110.3754528, -7.7797223], [110.3757757, -7.7776997], [110.3758046, -7.777518], [110.3759357, -7.7766963], [110.376011, -7.7761793], [110.3759958, -7.7761738], [110.3756974, -7.7761701], [110.3755583, -7.7761689], [110.3750679, -7.7761635], [110.3749241, -7.7761601], [110.3748024, -7.7761532], [110.374727, -7.7761478], [110.3746907, -7.7761452], [110.3745982, -7.7761336], [110.3745702, -7.7761299], [110.3745037, -7.7761191], [110.3744289, -7.7761044], [110.3743483, -7.7760854], [110.3744065, -7.7759382], [110.374406, -7.7758775], [110.3744117, -7.7758632], [110.3744214, -7.7758404], [110.3746299, -7.7753369], [110.374675, -7.7752882], [110.3746873, -7.7752585], [110.3747889, -7.7750139], [110.3749266, -7.7746828], [110.3749858, -7.7745405], [110.3750388, -7.7744121], [110.3750776, -7.7743186], [110.3751675, -7.7741018], [110.3751857, -7.7740577], [110.3752708, -7.7738525], [110.3749454685335, -7.774505145151281]]}}, {"type": "Feature", "properties": {"route_id": "3B", "from_stop_sequence": 26, "to_stop_sequence": 27, "from_activity_id": "6a8cfb1f52d86e03b51a5dd9", "to_activity_id": "6a8cf57152d86e03b51a5a67", "distance_m": 489.1554478591769, "source": "osm_drive_estimated", "estimated": true}, "geometry": {"type": "LineString", "coordinates": [[110.3749454685335, -7.774505145151281], [110.3752708, -7.7738525], [110.3753211, -7.7737289], [110.3754067, -7.7735169], [110.375431, -7.773457], [110.3755316, -7.7732082], [110.3756975, -7.7728131], [110.3758183, -7.7725258], [110.3758552, -7.7724335], [110.375976, -7.7721415], [110.3761614, -7.7717007], [110.3756672, -7.7715527], [110.3756515, -7.7715377], [110.3754417, -7.7714742], [110.3751965, -7.7714], [110.3750355, -7.7713513], [110.37520499526164, -7.771397214324622]]}}, {"type": "Feature", "properties": {"route_id": "3B", "from_stop_sequence": 27, "to_stop_sequence": 28, "from_activity_id": "6a8cf57152d86e03b51a5a67", "to_activity_id": "6a8ceff1eca288692ef36913", "distance_m": 633.0132459940766, "source": "osm_drive_estimated", "estimated": true}, "geometry": {"type": "LineString", "coordinates": [[110.37520499526164, -7.771397214324622], [110.3750355, -7.7713513], [110.3750193, -7.7713554], [110.3747614, -7.7712781], [110.3744097, -7.7711728], [110.3743887, -7.7711547], [110.3737539, -7.7709611], [110.3733758, -7.7708458], [110.3733558, -7.7708365], [110.3733353, -7.7708235], [110.3733152, -7.7708072], [110.3732915, -7.7707823], [110.3732716, -7.7707567], [110.3732554, -7.7707291], [110.3732407, -7.7706988], [110.3732356, -7.7706811], [110.3732321, -7.7706629], [110.3732305, -7.7706418], [110.3732325, -7.7706191], [110.3732384, -7.7705985], [110.373229, -7.7705575], [110.3733348, -7.770261], [110.3733846, -7.7701213], [110.3734522, -7.7699318], [110.3735715, -7.7695973], [110.3736856, -7.7692775], [110.3738506, -7.7688149], [110.3739104, -7.7686472], [110.3742105, -7.7678057], [110.3742786, -7.7676148], [110.3743185, -7.7676292], [110.37420361014381, -7.767887440982534]]}}, {"type": "Feature", "properties": {"route_id": "3B", "from_stop_sequence": 28, "to_stop_sequence": 29, "from_activity_id": "6a8ceff1eca288692ef36913", "to_activity_id": "6a8cf2aceca288692ef36aa9", "distance_m": 570.5004992841947, "source": "osm_drive_estimated", "estimated": true}, "geometry": {"type": "LineString", "coordinates": [[110.37420361014381, -7.767887440982534], [110.3743185, -7.7676292], [110.3742786, -7.7676148], [110.3743956, -7.7672867], [110.3744948, -7.7670289], [110.3745143, -7.7669853], [110.3745328, -7.7669461], [110.3745551, -7.7669074], [110.3745788, -7.7668726], [110.3747153, -7.7667124], [110.3748175, -7.7665925], [110.3748512, -7.7665555], [110.3748908, -7.7665121], [110.3749708, -7.7664419], [110.3749972, -7.7664151], [110.3750195, -7.7663845], [110.3750416, -7.7663441], [110.3750584, -7.7663016], [110.3751407, -7.766083], [110.3751739, -7.7659488], [110.3752437, -7.7656489], [110.375309, -7.765387], [110.3753565, -7.7651342], [110.3754081, -7.7650294], [110.375452, -7.7649748], [110.3755171, -7.7649287], [110.3756085, -7.7648805], [110.3756841, -7.7648392], [110.3757565, -7.7647999], [110.3758089, -7.7647743], [110.3758611, -7.7647456], [110.3758629, -7.7647092], [110.3758746, -7.7646745], [110.3758952, -7.7646442], [110.3759231, -7.7646204], [110.3759635, -7.7646029], [110.3760072, -7.764599], [110.3760501, -7.7646092], [110.3760874, -7.7646323], [110.3761154, -7.7646659], [110.3761793, -7.7646966], [110.3765647, -7.7648615], [110.3767341, -7.7649353], [110.3769241, -7.7650181], [110.3770802220306, -7.76505529366294]]}}, {"type": "Feature", "properties": {"route_id": "3B", "from_stop_sequence": 32, "to_stop_sequence": 33, "from_activity_id": "6a8edc3b52d86e03b51b9e7e", "to_activity_id": "6a8ee08652d86e03b51ba5d2", "distance_m": 1625.2317226602584, "source": "osm_drive_estimated", "estimated": true}, "geometry": {"type": "LineString", "coordinates": [[110.38472856675907, -7.756059639836536], [110.3845967, -7.7559087], [110.3845522, -7.7559017], [110.3846312, -7.7559796], [110.3857226, -7.7570571], [110.3860441, -7.7573797], [110.386175, -7.7575191], [110.3862306, -7.7575722], [110.3867488, -7.7580663], [110.3869795, -7.7583183], [110.3872709, -7.7586195], [110.3875042, -7.7588574], [110.3876679, -7.7590208], [110.3878516, -7.7591736], [110.3880166, -7.7592893], [110.3882647, -7.7594195], [110.3884305, -7.7594879], [110.3884645, -7.7595019], [110.3886046, -7.7595497], [110.3888138, -7.7595975], [110.3889915, -7.7596334], [110.3892215, -7.759668], [110.3894703, -7.7596985], [110.3896943, -7.7597131], [110.3900148, -7.7597145], [110.3902119, -7.7596906], [110.390401, -7.759648], [110.3909026, -7.7595231], [110.3912913, -7.7594279], [110.3922145, -7.7592019], [110.3924969, -7.7591328], [110.3928365, -7.7590368], [110.3937095, -7.7588105], [110.3939503, -7.7587497], [110.3942185, -7.7586813], [110.3944706, -7.7586236], [110.394612, -7.7586188], [110.3947237, -7.758593], [110.3950988, -7.7584968], [110.395472, -7.7583592], [110.3955148, -7.7583389], [110.3955542, -7.7583156], [110.3955905, -7.7582856], [110.3956205, -7.7582609], [110.3956488, -7.7582339], [110.3956763, -7.7582069], [110.3957479, -7.7581088], [110.3957923, -7.7579022], [110.3959347, -7.7572536], [110.3959516, -7.7571688], [110.3960327, -7.7567392], [110.3958987657677, -7.756704954686867]]}}, {"type": "Feature", "properties": {"route_id": "3B", "from_stop_sequence": 33, "to_stop_sequence": 34, "from_activity_id": "6a8ee08652d86e03b51ba5d2", "to_activity_id": "6a82df994fd70be4125d2a71", "distance_m": 647.7011984757567, "source": "osm_drive_estimated", "estimated": true}, "geometry": {"type": "LineString", "coordinates": [[110.3958987657677, -7.756704954686867], [110.3960327, -7.7567392], [110.3960661, -7.7567471], [110.3959919, -7.7572509], [110.3959889, -7.7572866], [110.3959904, -7.7573295], [110.3959906, -7.7573573], [110.3962253, -7.7574187], [110.3963897, -7.7574349], [110.3965104, -7.7574701], [110.3966271, -7.7575], [110.3966754, -7.7574987], [110.3967223, -7.757492], [110.3967659, -7.7574801], [110.3968102, -7.7574668], [110.3968994, -7.7574953], [110.3970388, -7.7575372], [110.3974271, -7.7576309], [110.3980051, -7.7577545], [110.3987642, -7.7579033], [110.3987348, -7.7580058], [110.3989364, -7.7580035], [110.3990872, -7.7580033], [110.3993306, -7.7580075], [110.3995191, -7.7580105], [110.3996817, -7.7580149], [110.3998223, -7.7580192], [110.4000443, -7.7580289], [110.400159, -7.7580441], [110.4001417, -7.7580983], [110.39951833893446, -7.758275267444745]]}}, {"type": "Feature", "properties": {"route_id": "3B", "from_stop_sequence": 34, "to_stop_sequence": 35, "from_activity_id": "6a82df994fd70be4125d2a71", "to_activity_id": "6a82de1b9870dcf66e45cbce", "distance_m": 445.7846685633874, "source": "osm_drive_estimated", "estimated": true}, "geometry": {"type": "LineString", "coordinates": [[110.39951833893446, -7.758275267444745], [110.4001417, -7.7580983], [110.400159, -7.7580441], [110.4004513, -7.758084], [110.4006404, -7.7581146], [110.4008233, -7.75815], [110.4009072, -7.7581651], [110.4012211, -7.7582475], [110.4015899, -7.7583631], [110.40196, -7.758488], [110.4023134, -7.7585956], [110.4023323, -7.7586018], [110.4025675, -7.7586793], [110.402646, -7.7587052], [110.4030382, -7.758832], [110.4032198, -7.7588943], [110.40306825464654, -7.758864508605257]]}}, {"type": "Feature", "properties": {"route_id": "3B", "from_stop_sequence": 35, "to_stop_sequence": 36, "from_activity_id": "6a82de1b9870dcf66e45cbce", "to_activity_id": "6a82da6f38bb192425f4f346", "distance_m": 689.4941778819352, "source": "osm_drive_estimated", "estimated": true}, "geometry": {"type": "LineString", "coordinates": [[110.40306825464654, -7.758864508605257], [110.4032198, -7.7588943], [110.4032777, -7.7589134], [110.4041062, -7.7591928], [110.4045153, -7.7593212], [110.4044991, -7.7593781], [110.4083977, -7.7606282], [110.4089714942125, -7.760718057518275]]}}, {"type": "Feature", "properties": {"route_id": "3B", "from_stop_sequence": 40, "to_stop_sequence": 41, "from_activity_id": "6a895a3052d86e03b5186967", "to_activity_id": "6a82dd1338bb192425f4f6cf", "distance_m": 1102.79575997291, "source": "osm_drive_estimated", "estimated": true}, "geometry": {"type": "LineString", "coordinates": [[110.43083475722324, -7.7745915995619015], [110.4307089, -7.774636], [110.4306765, -7.7749704], [110.4305732, -7.7760359], [110.4305445, -7.7763318], [110.4304749, -7.7770492], [110.4304097, -7.7777214], [110.4303595, -7.7782474], [110.4302926, -7.7789477], [110.4302132, -7.7797087], [110.4301923, -7.7799203], [110.4301693, -7.7801525], [110.4301275, -7.7805756], [110.4300109, -7.7817544], [110.4306288, -7.7818501], [110.430556, -7.782354], [110.4310707, -7.7824208], [110.431005, -7.7828699], [110.43091366895266, -7.783398800192629]]}}, {"type": "Feature", "properties": {"route_id": "3B", "from_stop_sequence": 41, "to_stop_sequence": 42, "from_activity_id": "6a82dd1338bb192425f4f6cf", "to_activity_id": "6a8961f652d86e03b5187355", "distance_m": 1101.5503320055382, "source": "osm_drive_estimated", "estimated": true}, "geometry": {"type": "LineString", "coordinates": [[110.43091366895266, -7.783398800192629], [110.431005, -7.7828699], [110.4313201, -7.7829038], [110.4316655, -7.7829509], [110.4317062, -7.7825324], [110.4317083, -7.7825126], [110.4317577, -7.7820579], [110.4320866, -7.7821267], [110.4325855, -7.7822288], [110.43266, -7.7822402], [110.432905, -7.782291], [110.4332007, -7.7823536], [110.434165, -7.7825738], [110.4340937, -7.7829549], [110.4339943, -7.783443], [110.4345191, -7.7834408], [110.4349136, -7.7834417], [110.4357559, -7.7834404], [110.4362925, -7.7834406], [110.4364758, -7.7834443], [110.4370401, -7.7834471], [110.43609695062298, -7.784580417870302]]}}, {"type": "Feature", "properties": {"route_id": "3B", "from_stop_sequence": 54, "to_stop_sequence": 55, "from_activity_id": "6a8a63d60d6732db988bdba4", "to_activity_id": "6a89347152d86e03b51847e6", "distance_m": 532.8954395683811, "source": "osm_drive_estimated", "estimated": true}, "geometry": {"type": "LineString", "coordinates": [[110.39132452910576, -7.825830130625448], [110.3911986, -7.8257315], [110.390951, -7.8255911], [110.3906556, -7.8254235], [110.3903004, -7.8252326], [110.3902205, -7.8251896], [110.3901672, -7.8251788], [110.3901332, -7.8256384], [110.3901162, -7.8258688], [110.390112, -7.8259223], [110.3900997, -7.8260778], [110.3900894, -7.8262085], [110.3900699, -7.8264553], [110.3900329, -7.8269243], [110.3900212, -7.8270735], [110.3899882, -7.8274912], [110.3899707, -7.8277131], [110.3899528, -7.8279399], [110.39002507001555, -7.827243619843017]]}}, {"type": "Feature", "properties": {"route_id": "3B", "from_stop_sequence": 55, "to_stop_sequence": 56, "from_activity_id": "6a89347152d86e03b51847e6", "to_activity_id": "6a893609478dc3b356b73fd7", "distance_m": 607.1329596055025, "source": "osm_drive_estimated", "estimated": true}, "geometry": {"type": "LineString", "coordinates": [[110.39002507001555, -7.827243619843017], [110.3899528, -7.8279399], [110.3899419, -7.8280785], [110.3899105, -7.8284769], [110.3898911, -7.8287223], [110.3898516, -7.8292239], [110.3898493, -7.8294178], [110.3898612, -7.8295777], [110.3898677, -7.8296468], [110.3899037, -7.8300286], [110.3899759, -7.8306278], [110.3900222, -7.8311843], [110.3900375, -7.8314262], [110.3900557, -7.831642], [110.3900711, -7.8318053], [110.3900857, -7.8319004], [110.3901093, -7.8320547], [110.3901197, -7.8321527], [110.3901233, -7.8322192], [110.3901422, -7.8325729], [110.39020459947233, -7.8324834343696494]]}}, {"type": "Feature", "properties": {"route_id": "3B", "from_stop_sequence": 56, "to_stop_sequence": 57, "from_activity_id": "6a893609478dc3b356b73fd7", "to_activity_id": "6a8d6eb952d86e03b51ac23f", "distance_m": 363.5040345050368, "source": "osm_drive_estimated", "estimated": true}, "geometry": {"type": "LineString", "coordinates": [[110.39020459947233, -7.8324834343696494], [110.3901422, -7.8325729], [110.390169, -7.8327695], [110.3901932, -7.8328625], [110.3902119, -7.8329343], [110.390272, -7.8329283], [110.3906545, -7.832909], [110.3908759, -7.8328918], [110.391024, -7.8328987], [110.3912997, -7.8328939], [110.3913043, -7.8329336], [110.3918521, -7.833002], [110.39183977163486, -7.834127418517099]]}}, {"type": "Feature", "properties": {"route_id": "4A", "from_stop_sequence": 1, "to_stop_sequence": 2, "from_activity_id": "6a8d6eb952d86e03b51ac23f", "to_activity_id": "6a893609478dc3b356b73fd7", "distance_m": 363.5040345050368, "source": "osm_drive_estimated", "estimated": true}, "geometry": {"type": "LineString", "coordinates": [[110.39183977163486, -7.834127418517099], [110.3918521, -7.833002], [110.3913043, -7.8329336], [110.3912997, -7.8328939], [110.391024, -7.8328987], [110.3908759, -7.8328918], [110.3906545, -7.832909], [110.390272, -7.8329283], [110.3902119, -7.8329343], [110.3901932, -7.8328625], [110.390169, -7.8327695], [110.3901422, -7.8325729], [110.39020459947233, -7.8324834343696494]]}}, {"type": "Feature", "properties": {"route_id": "4A", "from_stop_sequence": 2, "to_stop_sequence": 3, "from_activity_id": "6a893609478dc3b356b73fd7", "to_activity_id": "6a89347152d86e03b51847e6", "distance_m": 607.1329596055025, "source": "osm_drive_estimated", "estimated": true}, "geometry": {"type": "LineString", "coordinates": [[110.39020459947233, -7.8324834343696494], [110.3901422, -7.8325729], [110.3901233, -7.8322192], [110.3901197, -7.8321527], [110.3901093, -7.8320547], [110.3900857, -7.8319004], [110.3900711, -7.8318053], [110.3900557, -7.831642], [110.3900375, -7.8314262], [110.3900222, -7.8311843], [110.3899759, -7.8306278], [110.3899037, -7.8300286], [110.3898677, -7.8296468], [110.3898612, -7.8295777], [110.3898493, -7.8294178], [110.3898516, -7.8292239], [110.3898911, -7.8287223], [110.3899105, -7.8284769], [110.3899419, -7.8280785], [110.3899528, -7.8279399], [110.39002507001555, -7.827243619843017]]}}, {"type": "Feature", "properties": {"route_id": "4A", "from_stop_sequence": 3, "to_stop_sequence": 4, "from_activity_id": "6a89347152d86e03b51847e6", "to_activity_id": "6a8a44a50d6732db988bca0a", "distance_m": 2598.187943629106, "source": "osm_drive_estimated", "estimated": true}, "geometry": {"type": "LineString", "coordinates": [[110.39002507001555, -7.827243619843017], [110.3899528, -7.8279399], [110.3899707, -7.8277131], [110.3899882, -7.8274912], [110.3900212, -7.8270735], [110.3900329, -7.8269243], [110.3900699, -7.8264553], [110.3900894, -7.8262085], [110.3900539, -7.8260736], [110.3899975, -7.8259786], [110.3898915, -7.8258979], [110.3893438, -7.8258373], [110.3892687, -7.825829], [110.3891199, -7.8257951], [110.3888356, -7.8257384], [110.3887994, -7.8257296], [110.388621, -7.8256864], [110.3882595, -7.8256022], [110.3877483, -7.8254628], [110.3873101, -7.8254299], [110.3870654, -7.8254159], [110.3868069, -7.8254048], [110.3862907, -7.8253816], [110.3859839, -7.8253743], [110.3852847, -7.8253529], [110.3851318, -7.8253504], [110.3850199, -7.8253406], [110.3848774, -7.8253364], [110.3846525, -7.8253196], [110.3843909, -7.8253001], [110.384238, -7.8252789], [110.3838456, -7.8252237], [110.3837076, -7.8252141], [110.3835765, -7.8252137], [110.3834253, -7.8252148], [110.3833079, -7.8252119], [110.3830605, -7.8251825], [110.3828583, -7.8251433], [110.3827328, -7.8251211], [110.382679, -7.8251141], [110.3826223, -7.8251114], [110.3824104, -7.8251094], [110.3823175, -7.8250716], [110.3820862, -7.8250071], [110.3817232, -7.8248946], [110.3815278, -7.8248341], [110.3814051, -7.8248034], [110.3802363, -7.8247996], [110.3798979, -7.8247961], [110.3791878, -7.8248019], [110.3786115, -7.8248053], [110.3784348, -7.8248063], [110.3783861, -7.8246843], [110.3781968, -7.8242104], [110.3780867, -7.8239246], [110.3780405, -7.8238047], [110.3775161, -7.8225062], [110.3774562, -7.8223561], [110.377296, -7.8219549], [110.3771604, -7.8216156], [110.3770124, -7.8212449], [110.3769165, -7.8210048], [110.3768159, -7.820753], [110.3765901, -7.8201877], [110.3764604, -7.8198628], [110.3762926, -7.8194427], [110.3761793, -7.8191591], [110.376097, -7.8189532], [110.376067, -7.818878], [110.37594, -7.818525], [110.3759231, -7.818467], [110.3758997, -7.8183461], [110.3758927, -7.8182411], [110.3758881, -7.8181731], [110.3758903, -7.8180445], [110.3759003, -7.8178452], [110.3759024, -7.8178074], [110.3759159, -7.8176439], [110.3759898, -7.8171258], [110.3759971, -7.8170751], [110.3760021, -7.8170412], [110.3760218, -7.8169128], [110.376027, -7.816879], [110.3760741, -7.8165362], [110.37598444651229, -7.816851923930486]]}}, {"type": "Feature", "properties": {"route_id": "4A", "from_stop_sequence": 10, "to_stop_sequence": 11, "from_activity_id": "6a893cf052d86e03b5184e39", "to_activity_id": "6a82b0c438bb192425f4c552", "distance_m": 846.2251651137469, "source": "osm_drive_estimated", "estimated": true}, "geometry": {"type": "LineString", "coordinates": [[110.37409833288012, -7.801711288240085], [110.3743307, -7.8016227], [110.3741521, -7.801621], [110.3740622, -7.801618], [110.3739683, -7.8016149], [110.3732202, -7.8015901], [110.3730942, -7.8015868], [110.3730969, -7.8014985], [110.3731303, -7.8008302], [110.3731343, -7.8002589], [110.3731357, -7.8001646], [110.3731328, -7.7996899], [110.3731316, -7.7994925], [110.3731135, -7.7988219], [110.3731072, -7.7987213], [110.3730968, -7.7986379], [110.373083, -7.7985489], [110.3730538, -7.7984187], [110.3730203, -7.7982958], [110.3729801, -7.7981802], [110.3729291, -7.7980533], [110.3728808, -7.7979603], [110.3728185, -7.7978633], [110.3727782, -7.7978155], [110.3726911, -7.7977062], [110.3726733, -7.7976801], [110.3726587, -7.7976538], [110.3726482, -7.7976328], [110.3726378, -7.7975965], [110.3726307, -7.7975617], [110.3726244, -7.7975055], [110.3726234, -7.7973959], [110.3726294, -7.7971923], [110.3726364, -7.7970453], [110.3726462, -7.7968395], [110.3726562, -7.7966489], [110.3726795, -7.7962077], [110.3726422000492, -7.795566199997523]]}}, {"type": "Feature", "properties": {"route_id": "4A", "from_stop_sequence": 11, "to_stop_sequence": 12, "from_activity_id": "6a82b0c438bb192425f4c552", "to_activity_id": "6a82ace038bb192425f4c051", "distance_m": 578.4889385414218, "source": "osm_drive_estimated", "estimated": true}, "geometry": {"type": "LineString", "coordinates": [[110.3726422000492, -7.795566199997523], [110.3726795, -7.7962077], [110.3726859, -7.7958357], [110.3726877, -7.7957345], [110.3726894, -7.7955371], [110.3726954, -7.7948644], [110.3727187, -7.7947781], [110.3728877, -7.7941484], [110.3731359, -7.7934634], [110.3735268, -7.7923698], [110.3736185, -7.7921133], [110.37347150000141, -7.79239319998895]]}}, {"type": "Feature", "properties": {"route_id": "4A", "from_stop_sequence": 12, "to_stop_sequence": 13, "from_activity_id": "6a82ace038bb192425f4c051", "to_activity_id": "6a82aa139870dcf66e458f1f", "distance_m": 717.7023800507703, "source": "osm_drive_estimated", "estimated": true}, "geometry": {"type": "LineString", "coordinates": [[110.37347150000141, -7.79239319998895], [110.3736185, -7.7921133], [110.3736812, -7.7919442], [110.3738725, -7.7914145], [110.3740127, -7.7909805], [110.3740565, -7.7907063], [110.3740642, -7.7906141], [110.3741293, -7.7905469], [110.3741814, -7.7904867], [110.3742215, -7.7904398], [110.3745315, -7.7904481], [110.3747002, -7.7904324], [110.3752276, -7.7903996], [110.3758911, -7.7903528], [110.3768119, -7.7902861], [110.3769222, -7.7902782], [110.3771015, -7.7902618], [110.3773292, -7.7902486], [110.3775561, -7.7902354], [110.3776015, -7.7902328], [110.3779135, -7.7902219], [110.378026, -7.7902373], [110.37746284627354, -7.790234774910843]]}}, {"type": "Feature", "properties": {"route_id": "4A", "from_stop_sequence": 13, "to_stop_sequence": 14, "from_activity_id": "6a82aa139870dcf66e458f1f", "to_activity_id": "6a82a1cc38bb192425f4b2de", "distance_m": 1497.823169751862, "source": "osm_drive_estimated", "estimated": true}, "geometry": {"type": "LineString", "coordinates": [[110.37746284627354, -7.790234774910843], [110.378026, -7.7902373], [110.3780508, -7.7901594], [110.3781044, -7.7900956], [110.3781582, -7.790032], [110.3781957, -7.7900125], [110.3782272, -7.7899958], [110.378236, -7.7899466], [110.3782557, -7.7898555], [110.3782632, -7.7898073], [110.3782706, -7.7897618], [110.3782745, -7.7897398], [110.3782832, -7.7896865], [110.3782379, -7.789523], [110.3782343, -7.789419], [110.3782517, -7.7891749], [110.3783109, -7.7887035], [110.3783295, -7.7884718], [110.3783253, -7.7883713], [110.3783173, -7.788338], [110.3782998, -7.7883071], [110.3782769, -7.7882836], [110.3782443, -7.7882623], [110.3781957, -7.7882402], [110.3781357, -7.7882296], [110.3780819, -7.7882264], [110.3780178, -7.7882262], [110.3775506, -7.7883959], [110.3773945, -7.7884565], [110.3772284, -7.7885082], [110.3771609, -7.7885256], [110.3770868, -7.788541], [110.3770027, -7.7885555], [110.3762861, -7.7886311], [110.3762011, -7.788636], [110.376126, -7.7886344], [110.3760274, -7.7886274], [110.3759263, -7.7886195], [110.3758298, -7.7886072], [110.3756817, -7.7885736], [110.3755376, -7.7885322], [110.3752074, -7.7884177], [110.3750179, -7.7883468], [110.3749975, -7.7883393], [110.3749761, -7.7883346], [110.3749533, -7.7883323], [110.374932, -7.7883331], [110.3749092, -7.7883354], [110.3748887, -7.7883411], [110.374864, -7.7883515], [110.374832, -7.7883869], [110.3747934, -7.7884173], [110.37473, -7.7884592], [110.374664, -7.7884961], [110.3745943, -7.7885256], [110.3745316, -7.7885458], [110.3744613, -7.788561], [110.3743841, -7.7885693], [110.3742929, -7.7885758], [110.3741994, -7.788573], [110.3740572, -7.7885634], [110.3739748, -7.7885526], [110.3738854, -7.7885252], [110.3735805, -7.7884292], [110.3735076, -7.7883998], [110.3734461, -7.7883739], [110.3733895, -7.7883422], [110.3733434, -7.7883054], [110.3733048, -7.7882636], [110.3732715, -7.7882185], [110.3732434, -7.7881618], [110.3732263, -7.7881088], [110.3732127, -7.78804], [110.3732008, -7.7879059], [110.3731794, -7.7876642], [110.3731687, -7.7874495], [110.3731671, -7.7873097], [110.3731711, -7.7872518], [110.3731786, -7.7871889], [110.3731917, -7.7871294], [110.3732062, -7.7870772], [110.3732217, -7.7870301], [110.3732393, -7.7869883], [110.3732625, -7.7869464], [110.3732872, -7.7869202], [110.3733179, -7.7868893], [110.3734534, -7.7868662], [110.3735448, -7.786853], [110.3736312, -7.786844], [110.3737159, -7.7868399], [110.3738018, -7.7868371], [110.3738659, -7.7868398], [110.373933, -7.7868447], [110.3740135, -7.7868535], [110.3740844, -7.786861], [110.3741459, -7.7868678], [110.3741808, -7.7868576], [110.3742073, -7.7868461], [110.3742268, -7.7868334], [110.3742423, -7.7868204], [110.3742558, -7.7868024], [110.3742638, -7.7867827], [110.3742788, -7.7867037], [110.3743337, -7.7863868], [110.3744272, -7.7858282], [110.3745164, -7.7858651], [110.3744236, -7.7864015], [110.3743979, -7.7865469], [110.3743679, -7.7867166], [110.3743681, -7.7867608], [110.3743721, -7.7867771], [110.3743806, -7.7867925], [110.3743933, -7.7868054], [110.3744093, -7.7868177], [110.3744276, -7.786829], [110.3744478, -7.7868389], [110.374612, -7.7868931], [110.3747054, -7.7869267], [110.3747875, -7.7869613], [110.3748544, -7.7869911], [110.3749174, -7.7870244], [110.3749769, -7.7870621], [110.3750411, -7.787107], [110.375131, -7.7871741], [110.3752071, -7.7872328], [110.375283, -7.7872902], [110.3753372, -7.7873414], [110.3753854, -7.7873942], [110.37543882332261, -7.787348033143843]]}}, {"type": "Feature", "properties": {"route_id": "4A", "from_stop_sequence": 14, "to_stop_sequence": 15, "from_activity_id": "6a82a1cc38bb192425f4b2de", "to_activity_id": "6a82a3f49870dcf66e4587ac", "distance_m": 586.4492318997167, "source": "osm_drive_estimated", "estimated": true}, "geometry": {"type": "LineString", "coordinates": [[110.37543882332261, -7.787348033143843], [110.3753854, -7.7873942], [110.3754517, -7.7874021], [110.375515, -7.78742], [110.3758135, -7.787518], [110.3760016, -7.7875748], [110.3760521, -7.7875851], [110.3760941, -7.7875861], [110.3761208, -7.7875781], [110.3761492, -7.7875654], [110.3761853, -7.7875454], [110.3762372, -7.7875017], [110.376514, -7.7869837], [110.3765487, -7.7869894], [110.3774067, -7.7871314], [110.3783839, -7.787305], [110.378621, -7.7871727], [110.378638, -7.7870795], [110.3786539, -7.7869921], [110.3786637, -7.7869384], [110.3787902, -7.7861302], [110.37880061400199, -7.785615943750678]]}}, {"type": "Feature", "properties": {"route_id": "4A", "from_stop_sequence": 15, "to_stop_sequence": 16, "from_activity_id": "6a82a3f49870dcf66e4587ac", "to_activity_id": "6a82a6e438bb192425f4b896", "distance_m": 557.7446890614307, "source": "osm_drive_estimated", "estimated": true}, "geometry": {"type": "LineString", "coordinates": [[110.37880061400199, -7.785615943750678], [110.3787902, -7.7861302], [110.3788398, -7.7858159], [110.3789684, -7.7849459], [110.378979, -7.7848761], [110.379042, -7.7844436], [110.3790938, -7.784098], [110.3791519, -7.7837173], [110.3791685, -7.7836113], [110.3792319, -7.7832052], [110.3792322, -7.7831727], [110.3792346, -7.7830085], [110.379062, -7.7830073], [110.3790437, -7.7830072], [110.3786688, -7.7830045], [110.3786422, -7.7830043], [110.3785892, -7.783004], [110.37788045948008, -7.783092673752378]]}}, {"type": "Feature", "properties": {"route_id": "4A", "from_stop_sequence": 16, "to_stop_sequence": 17, "from_activity_id": "6a82a6e438bb192425f4b896", "to_activity_id": "6a8d77b552d86e03b51acbf3", "distance_m": 1107.9633843923252, "source": "osm_drive_estimated", "estimated": true}, "geometry": {"type": "LineString", "coordinates": [[110.37788045948008, -7.783092673752378], [110.3785892, -7.783004], [110.3785603, -7.7830038], [110.3785488, -7.7830037], [110.3785135, -7.7830034], [110.3783969, -7.7830026], [110.3783305, -7.7830021], [110.3783181, -7.7830021], [110.3779908, -7.7829998], [110.3778727, -7.7829989], [110.3775834, -7.7829969], [110.3774812, -7.7829962], [110.3774608, -7.782996], [110.3772474, -7.7829945], [110.3770006, -7.7829928], [110.3762782, -7.7829877], [110.3762858, -7.7828918], [110.3763188, -7.7824789], [110.3763285, -7.7823577], [110.3763772, -7.7817467], [110.3761103, -7.7817229], [110.3760757, -7.7817043], [110.3760542, -7.7816578], [110.3760502, -7.7816242], [110.3760509, -7.7815757], [110.3762729, -7.779819], [110.3755365, -7.7797201], [110.3753794, -7.7806449], [110.3753335, -7.7809118], [110.3751937, -7.781747], [110.3751793, -7.7818328], [110.37518200888871, -7.78119792960976]]}}, {"type": "Feature", "properties": {"route_id": "4A", "from_stop_sequence": 17, "to_stop_sequence": 18, "from_activity_id": "6a8d77b552d86e03b51acbf3", "to_activity_id": "6a8d799852d86e03b51acfac", "distance_m": 893.3689365175911, "source": "osm_drive_estimated", "estimated": true}, "geometry": {"type": "LineString", "coordinates": [[110.37518200888871, -7.78119792960976], [110.3751793, -7.7818328], [110.3751009, -7.7818283], [110.3751167, -7.7817365], [110.3751605, -7.7814813], [110.3751887, -7.7813168], [110.3752069, -7.7812107], [110.3752601, -7.7809012], [110.3753055, -7.7806327], [110.3753415, -7.7804197], [110.3753735, -7.7802192], [110.3753845, -7.7801501], [110.3754062, -7.7800087], [110.3754528, -7.7797223], [110.375495, -7.7797206], [110.3755365, -7.7797201], [110.3762729, -7.779819], [110.3769314, -7.7799013], [110.3770422, -7.7799139], [110.3770876, -7.7795869], [110.3771288, -7.7792896], [110.377052, -7.7792831], [110.3770148, -7.7792775], [110.3768171, -7.7792704], [110.376589, -7.7792663], [110.3766017, -7.7790334], [110.3766024, -7.7790212], [110.3766212, -7.7788332], [110.3766292, -7.7786412], [110.3766386, -7.7784598], [110.3766487, -7.7783774], [110.3766534, -7.7783136], [110.3766601, -7.7781927], [110.3766654, -7.7781628], [110.3766673, -7.7781556], [110.3766687, -7.7781518], [110.3766432, -7.7781284], [110.3766165, -7.7781057], [110.3765749, -7.7780852], [110.3763499, -7.7780536], [110.3758141, -7.7779856], [110.37573404625363, -7.777552952341509]]}}, {"type": "Feature", "properties": {"route_id": "4A", "from_stop_sequence": 18, "to_stop_sequence": 19, "from_activity_id": "6a8d799852d86e03b51acfac", "to_activity_id": "6a8cfb1f52d86e03b51a5dd9", "distance_m": 1186.3292052524816, "source": "osm_drive_estimated", "estimated": true}, "geometry": {"type": "LineString", "coordinates": [[110.37573404625363, -7.777552952341509], [110.3758141, -7.7779856], [110.3755365, -7.7797201], [110.375495, -7.7797206], [110.3754528, -7.7797223], [110.3757757, -7.7776997], [110.3758046, -7.777518], [110.3759357, -7.7766963], [110.376011, -7.7761793], [110.3759958, -7.7761738], [110.3756974, -7.7761701], [110.3755583, -7.7761689], [110.3750679, -7.7761635], [110.3749241, -7.7761601], [110.3748024, -7.7761532], [110.374727, -7.7761478], [110.3746907, -7.7761452], [110.3745982, -7.7761336], [110.3745702, -7.7761299], [110.3745037, -7.7761191], [110.3744289, -7.7761044], [110.3743483, -7.7760854], [110.3744065, -7.7759382], [110.374406, -7.7758775], [110.3744117, -7.7758632], [110.3744214, -7.7758404], [110.3746299, -7.7753369], [110.374675, -7.7752882], [110.3746873, -7.7752585], [110.3747889, -7.7750139], [110.3749266, -7.7746828], [110.3749858, -7.7745405], [110.3750388, -7.7744121], [110.3750776, -7.7743186], [110.3751675, -7.7741018], [110.3751857, -7.7740577], [110.3752708, -7.7738525], [110.3749454685335, -7.774505145151281]]}}, {"type": "Feature", "properties": {"route_id": "4A", "from_stop_sequence": 19, "to_stop_sequence": 20, "from_activity_id": "6a8cfb1f52d86e03b51a5dd9", "to_activity_id": "6a8cf57152d86e03b51a5a67", "distance_m": 489.1554478591769, "source": "osm_drive_estimated", "estimated": true}, "geometry": {"type": "LineString", "coordinates": [[110.3749454685335, -7.774505145151281], [110.3752708, -7.7738525], [110.3753211, -7.7737289], [110.3754067, -7.7735169], [110.375431, -7.773457], [110.3755316, -7.7732082], [110.3756975, -7.7728131], [110.3758183, -7.7725258], [110.3758552, -7.7724335], [110.375976, -7.7721415], [110.3761614, -7.7717007], [110.3756672, -7.7715527], [110.3756515, -7.7715377], [110.3754417, -7.7714742], [110.3751965, -7.7714], [110.3750355, -7.7713513], [110.37520499526164, -7.771397214324622]]}}, {"type": "Feature", "properties": {"route_id": "4A", "from_stop_sequence": 20, "to_stop_sequence": 21, "from_activity_id": "6a8cf57152d86e03b51a5a67", "to_activity_id": "6a8ceff1eca288692ef36913", "distance_m": 633.0132459940766, "source": "osm_drive_estimated", "estimated": true}, "geometry": {"type": "LineString", "coordinates": [[110.37520499526164, -7.771397214324622], [110.3750355, -7.7713513], [110.3750193, -7.7713554], [110.3747614, -7.7712781], [110.3744097, -7.7711728], [110.3743887, -7.7711547], [110.3737539, -7.7709611], [110.3733758, -7.7708458], [110.3733558, -7.7708365], [110.3733353, -7.7708235], [110.3733152, -7.7708072], [110.3732915, -7.7707823], [110.3732716, -7.7707567], [110.3732554, -7.7707291], [110.3732407, -7.7706988], [110.3732356, -7.7706811], [110.3732321, -7.7706629], [110.3732305, -7.7706418], [110.3732325, -7.7706191], [110.3732384, -7.7705985], [110.373229, -7.7705575], [110.3733348, -7.770261], [110.3733846, -7.7701213], [110.3734522, -7.7699318], [110.3735715, -7.7695973], [110.3736856, -7.7692775], [110.3738506, -7.7688149], [110.3739104, -7.7686472], [110.3742105, -7.7678057], [110.3742786, -7.7676148], [110.3743185, -7.7676292], [110.37420361014381, -7.767887440982534]]}}, {"type": "Feature", "properties": {"route_id": "4A", "from_stop_sequence": 21, "to_stop_sequence": 22, "from_activity_id": "6a8ceff1eca288692ef36913", "to_activity_id": "6a8cf2aceca288692ef36aa9", "distance_m": 570.5004992841947, "source": "osm_drive_estimated", "estimated": true}, "geometry": {"type": "LineString", "coordinates": [[110.37420361014381, -7.767887440982534], [110.3743185, -7.7676292], [110.3742786, -7.7676148], [110.3743956, -7.7672867], [110.3744948, -7.7670289], [110.3745143, -7.7669853], [110.3745328, -7.7669461], [110.3745551, -7.7669074], [110.3745788, -7.7668726], [110.3747153, -7.7667124], [110.3748175, -7.7665925], [110.3748512, -7.7665555], [110.3748908, -7.7665121], [110.3749708, -7.7664419], [110.3749972, -7.7664151], [110.3750195, -7.7663845], [110.3750416, -7.7663441], [110.3750584, -7.7663016], [110.3751407, -7.766083], [110.3751739, -7.7659488], [110.3752437, -7.7656489], [110.375309, -7.765387], [110.3753565, -7.7651342], [110.3754081, -7.7650294], [110.375452, -7.7649748], [110.3755171, -7.7649287], [110.3756085, -7.7648805], [110.3756841, -7.7648392], [110.3757565, -7.7647999], [110.3758089, -7.7647743], [110.3758611, -7.7647456], [110.3758629, -7.7647092], [110.3758746, -7.7646745], [110.3758952, -7.7646442], [110.3759231, -7.7646204], [110.3759635, -7.7646029], [110.3760072, -7.764599], [110.3760501, -7.7646092], [110.3760874, -7.7646323], [110.3761154, -7.7646659], [110.3761793, -7.7646966], [110.3765647, -7.7648615], [110.3767341, -7.7649353], [110.3769241, -7.7650181], [110.3770802220306, -7.76505529366294]]}}, {"type": "Feature", "properties": {"route_id": "4A", "from_stop_sequence": 25, "to_stop_sequence": 26, "from_activity_id": "6a8edc3b52d86e03b51b9e7e", "to_activity_id": "6a8ee08652d86e03b51ba5d2", "distance_m": 1625.2317226602584, "source": "osm_drive_estimated", "estimated": true}, "geometry": {"type": "LineString", "coordinates": [[110.38472856675907, -7.756059639836536], [110.3845967, -7.7559087], [110.3845522, -7.7559017], [110.3846312, -7.7559796], [110.3857226, -7.7570571], [110.3860441, -7.7573797], [110.386175, -7.7575191], [110.3862306, -7.7575722], [110.3867488, -7.7580663], [110.3869795, -7.7583183], [110.3872709, -7.7586195], [110.3875042, -7.7588574], [110.3876679, -7.7590208], [110.3878516, -7.7591736], [110.3880166, -7.7592893], [110.3882647, -7.7594195], [110.3884305, -7.7594879], [110.3884645, -7.7595019], [110.3886046, -7.7595497], [110.3888138, -7.7595975], [110.3889915, -7.7596334], [110.3892215, -7.759668], [110.3894703, -7.7596985], [110.3896943, -7.7597131], [110.3900148, -7.7597145], [110.3902119, -7.7596906], [110.390401, -7.759648], [110.3909026, -7.7595231], [110.3912913, -7.7594279], [110.3922145, -7.7592019], [110.3924969, -7.7591328], [110.3928365, -7.7590368], [110.3937095, -7.7588105], [110.3939503, -7.7587497], [110.3942185, -7.7586813], [110.3944706, -7.7586236], [110.394612, -7.7586188], [110.3947237, -7.758593], [110.3950988, -7.7584968], [110.395472, -7.7583592], [110.3955148, -7.7583389], [110.3955542, -7.7583156], [110.3955905, -7.7582856], [110.3956205, -7.7582609], [110.3956488, -7.7582339], [110.3956763, -7.7582069], [110.3957479, -7.7581088], [110.3957923, -7.7579022], [110.3959347, -7.7572536], [110.3959516, -7.7571688], [110.3960327, -7.7567392], [110.3958987657677, -7.756704954686867]]}}, {"type": "Feature", "properties": {"route_id": "4A", "from_stop_sequence": 30, "to_stop_sequence": 31, "from_activity_id": "6a8e970046690fc6c68d9f71", "to_activity_id": "6a8e9c3b52d86e03b51b5e70", "distance_m": 488.2780967923445, "source": "osm_drive_estimated", "estimated": true}, "geometry": {"type": "LineString", "coordinates": [[110.38929278399246, -7.775092965334977], [110.3891739, -7.7754395], [110.3890446, -7.7761249], [110.3889973, -7.7763757], [110.3889529, -7.7766109], [110.3889409, -7.7766749], [110.3888634, -7.7770745], [110.388832, -7.7772523], [110.3887548, -7.777661], [110.3887467, -7.7777044], [110.3887446, -7.7777149], [110.3887161, -7.7778627], [110.3886882, -7.7780069], [110.3886769, -7.7780688], [110.3886507, -7.7782126], [110.3885597, -7.7787113], [110.388472, -7.7791923], [110.38846776345031, -7.779400709828366]]}}, {"type": "Feature", "properties": {"route_id": "4A", "from_stop_sequence": 32, "to_stop_sequence": 33, "from_activity_id": "6a8e9c3b52d86e03b51b5e70", "to_activity_id": "6a82c4c59870dcf66e45afe4", "distance_m": 960.9086940609228, "source": "osm_drive_estimated", "estimated": true}, "geometry": {"type": "LineString", "coordinates": [[110.38846776345031, -7.779400709828366], [110.388472, -7.7791923], [110.3889117, -7.7793701], [110.3892719, -7.7795022], [110.3895281, -7.7795856], [110.3900164, -7.7797315], [110.3901963, -7.7798031], [110.3903149, -7.7798487], [110.390475, -7.7799002], [110.3906441, -7.779945], [110.3909807, -7.7800182], [110.3912734, -7.7800827], [110.391635, -7.7801652], [110.3923808, -7.7803353], [110.3923525, -7.7809099], [110.3922898, -7.7822284], [110.3922551, -7.7827749], [110.3922501, -7.7830908], [110.3935063, -7.7831024], [110.3935964, -7.7831032], [110.39389313362983, -7.783095478413646]]}}, {"type": "Feature", "properties": {"route_id": "4A", "from_stop_sequence": 33, "to_stop_sequence": 34, "from_activity_id": "6a82c4c59870dcf66e45afe4", "to_activity_id": "6a92d63852d86e03b51dd95f", "distance_m": 606.3668994299035, "source": "osm_drive_estimated", "estimated": true}, "geometry": {"type": "LineString", "coordinates": [[110.39389313362983, -7.783095478413646], [110.3935964, -7.7831032], [110.393915, -7.7831061], [110.3942414, -7.7831091], [110.3944199, -7.7831108], [110.3945737, -7.7831122], [110.3948735, -7.7831149], [110.3949023, -7.7831152], [110.395114, -7.7831194], [110.395112, -7.7831946], [110.3951088, -7.7833648], [110.3951083, -7.7833923], [110.3951067, -7.7834794], [110.3950919, -7.7841044], [110.3950783, -7.7853149], [110.3950694, -7.7853519], [110.3950513, -7.7853807], [110.394977, -7.7854733], [110.3949405, -7.7855201], [110.3948619, -7.7856423], [110.3948345, -7.7857134], [110.3948135, -7.7858252], [110.394793, -7.7859489], [110.3948028, -7.7860852], [110.3948409, -7.7862348], [110.3948966, -7.7863703], [110.394918, -7.7864214], [110.39484944411095, -7.786173028766598]]}}, {"type": "Feature", "properties": {"route_id": "4A", "from_stop_sequence": 34, "to_stop_sequence": 35, "from_activity_id": "6a92d63852d86e03b51dd95f", "to_activity_id": "6a92d19952d86e03b51dd0d3", "distance_m": 714.3726530484493, "source": "osm_drive_estimated", "estimated": true}, "geometry": {"type": "LineString", "coordinates": [[110.39484944411095, -7.786173028766598], [110.394918, -7.7864214], [110.3949258, -7.7864491], [110.3949615, -7.7865284], [110.3950664, -7.7868466], [110.395125, -7.7870445], [110.3951708, -7.7872311], [110.3951758, -7.7873003], [110.3951641, -7.7873716], [110.3951321, -7.7874471], [110.395079, -7.7875211], [110.39502, -7.7875802], [110.3948329, -7.7877025], [110.3945219, -7.7878311], [110.3941325, -7.7879739], [110.3939804, -7.7880002], [110.3938358, -7.7880294], [110.3937572, -7.788048], [110.3937015, -7.7881261], [110.3936531, -7.7884604], [110.3936481, -7.7885032], [110.3936417, -7.7885726], [110.3936388, -7.7886195], [110.3936379, -7.7886298], [110.3936358, -7.7886659], [110.3935932, -7.7890323], [110.3935305, -7.7894226], [110.3935178, -7.7895116], [110.3934661, -7.7899063], [110.3934467, -7.7900352], [110.3934437, -7.7900583], [110.3934158, -7.7902936], [110.3934051, -7.7903335], [110.3933608, -7.7906384], [110.3933334, -7.7908154], [110.3933215, -7.7908909], [110.3932772, -7.791173], [110.3932717, -7.7912074], [110.3932603, -7.7913427], [110.39334560001697, -7.791127300004874]]}}, {"type": "Feature", "properties": {"route_id": "4A", "from_stop_sequence": 37, "to_stop_sequence": 38, "from_activity_id": "6a8a50c652d86e03b518eea3", "to_activity_id": "6a893743478dc3b356b740c6", "distance_m": 436.24172383507545, "source": "osm_drive_estimated", "estimated": true}, "geometry": {"type": "LineString", "coordinates": [[110.3950221699996, -7.800413079704626], [110.3952599, -7.8004155], [110.3950269, -7.8003652], [110.3949778, -7.8003522], [110.3946763, -7.8002723], [110.3946327, -7.8002608], [110.3945665, -7.8002432], [110.3939721, -7.8000857], [110.3938592, -7.8005152], [110.3936122, -7.8014283], [110.3934036, -7.8021269], [110.3933654, -7.8021264], [110.3933294, -7.8021259], [110.3932976, -7.8022417], [110.39335463288893, -7.802256588233888]]}}, {"type": "Feature", "properties": {"route_id": "4A", "from_stop_sequence": 38, "to_stop_sequence": 39, "from_activity_id": "6a893743478dc3b356b740c6", "to_activity_id": "6a92ccbc52d86e03b51dc541", "distance_m": 889.6687595584592, "source": "osm_drive_estimated", "estimated": true}, "geometry": {"type": "LineString", "coordinates": [[110.39335463288893, -7.802256588233888], [110.3932976, -7.8022417], [110.3933294, -7.8021259], [110.3932742, -7.8021249], [110.3932295, -7.8021241], [110.3930498, -7.802121], [110.392881, -7.802118], [110.3919979, -7.8020864], [110.391836, -7.8020792], [110.3911218, -7.80206], [110.3906784, -7.8020457], [110.3900952, -7.8020311], [110.3898851, -7.8020313], [110.3895709, -7.8020224], [110.3895152, -7.8020208], [110.3892259, -7.8020153], [110.3891468, -7.8020144], [110.3891027, -7.8020139], [110.3890793, -7.802139], [110.3890747, -7.8021637], [110.3890689, -7.802197], [110.3890057, -7.8025564], [110.3889946, -7.8026199], [110.3888879, -7.8032482], [110.3888815, -7.8032887], [110.3888462, -7.8034754], [110.3888129, -7.8036544], [110.3888032, -7.8037098], [110.3887983, -7.8037476], [110.3887883, -7.8038872], [110.3887768, -7.804008], [110.388773, -7.8042307], [110.3887776, -7.8043005], [110.388783, -7.8044782], [110.3887758, -7.8047061], [110.3887501, -7.8048349], [110.388722, -7.8049147], [110.3887044, -7.8049506], [110.38854, -7.8051983], [110.38845509999442, -7.8055499000184625]]}}, {"type": "Feature", "properties": {"route_id": "4A", "from_stop_sequence": 39, "to_stop_sequence": 40, "from_activity_id": "6a92ccbc52d86e03b51dc541", "to_activity_id": "6a8940bc478dc3b356b74823", "distance_m": 1129.779149022763, "source": "osm_drive_estimated", "estimated": true}, "geometry": {"type": "LineString", "coordinates": [[110.38845509999442, -7.8055499000184625], [110.38854, -7.8051983], [110.3887044, -7.8049506], [110.388722, -7.8049147], [110.3887501, -7.8048349], [110.3887758, -7.8047061], [110.3880813, -7.8046149], [110.3881246, -7.8042911], [110.3881215, -7.8042667], [110.3881159, -7.80425], [110.3880976, -7.8042354], [110.3880666, -7.8042198], [110.3880279, -7.8042115], [110.3874825, -7.8041048], [110.386923, -7.8040073], [110.3869432, -7.8038222], [110.3861523, -7.8037869], [110.3861108, -7.803778], [110.3860807, -7.8037627], [110.3860578, -7.8037456], [110.3859968, -7.8036823], [110.3859285, -7.8036019], [110.3859077, -7.803568], [110.3858956, -7.8035428], [110.3858849, -7.8035016], [110.3858768, -7.8034544], [110.3858748, -7.8032769], [110.3858871, -7.8030607], [110.3858937, -7.8028979], [110.3859052, -7.8028375], [110.3859181, -7.8027821], [110.3859439, -7.8027206], [110.3859966, -7.8025287], [110.3857071, -7.8024455], [110.3854607, -7.8023878], [110.3854054, -7.8023749], [110.3853223, -7.8023622], [110.385156, -7.8023463], [110.3850071, -7.8023403], [110.384515, -7.8022882], [110.3845563, -7.8019067], [110.3843749, -7.801902], [110.3842405, -7.8018979], [110.3841094, -7.8018942], [110.3840454, -7.8018924], [110.3837251, -7.8018832], [110.3834617, -7.8018757], [110.3834494, -7.8018754], [110.3831348, -7.8018664], [110.3830088, -7.8018628], [110.3827178, -7.8018546], [110.3823584, -7.8018441], [110.3822773, -7.801842], [110.3821999, -7.8018386], [110.3820104, -7.8018355], [110.3820107, -7.8019039], [110.38215100000002, -7.801912]]}}, {"type": "Feature", "properties": {"route_id": "4A", "from_stop_sequence": 43, "to_stop_sequence": 44, "from_activity_id": "6a89347152d86e03b51847e6", "to_activity_id": "6a893609478dc3b356b73fd7", "distance_m": 607.1329596055025, "source": "osm_drive_estimated", "estimated": true}, "geometry": {"type": "LineString", "coordinates": [[110.39002507001555, -7.827243619843017], [110.3899528, -7.8279399], [110.3899419, -7.8280785], [110.3899105, -7.8284769], [110.3898911, -7.8287223], [110.3898516, -7.8292239], [110.3898493, -7.8294178], [110.3898612, -7.8295777], [110.3898677, -7.8296468], [110.3899037, -7.8300286], [110.3899759, -7.8306278], [110.3900222, -7.8311843], [110.3900375, -7.8314262], [110.3900557, -7.831642], [110.3900711, -7.8318053], [110.3900857, -7.8319004], [110.3901093, -7.8320547], [110.3901197, -7.8321527], [110.3901233, -7.8322192], [110.3901422, -7.8325729], [110.39020459947233, -7.8324834343696494]]}}, {"type": "Feature", "properties": {"route_id": "4A", "from_stop_sequence": 44, "to_stop_sequence": 45, "from_activity_id": "6a893609478dc3b356b73fd7", "to_activity_id": "6a8d6eb952d86e03b51ac23f", "distance_m": 363.5040345050368, "source": "osm_drive_estimated", "estimated": true}, "geometry": {"type": "LineString", "coordinates": [[110.39020459947233, -7.8324834343696494], [110.3901422, -7.8325729], [110.390169, -7.8327695], [110.3901932, -7.8328625], [110.3902119, -7.8329343], [110.390272, -7.8329283], [110.3906545, -7.832909], [110.3908759, -7.8328918], [110.391024, -7.8328987], [110.3912997, -7.8328939], [110.3913043, -7.8329336], [110.3918521, -7.833002], [110.39183977163486, -7.834127418517099]]}}, {"type": "Feature", "properties": {"route_id": "4B", "from_stop_sequence": 1, "to_stop_sequence": 2, "from_activity_id": "6a893609478dc3b356b73fd7", "to_activity_id": "6a89347152d86e03b51847e6", "distance_m": 607.1329596055025, "source": "osm_drive_estimated", "estimated": true}, "geometry": {"type": "LineString", "coordinates": [[110.39020459947233, -7.8324834343696494], [110.3901422, -7.8325729], [110.3901233, -7.8322192], [110.3901197, -7.8321527], [110.3901093, -7.8320547], [110.3900857, -7.8319004], [110.3900711, -7.8318053], [110.3900557, -7.831642], [110.3900375, -7.8314262], [110.3900222, -7.8311843], [110.3899759, -7.8306278], [110.3899037, -7.8300286], [110.3898677, -7.8296468], [110.3898612, -7.8295777], [110.3898493, -7.8294178], [110.3898516, -7.8292239], [110.3898911, -7.8287223], [110.3899105, -7.8284769], [110.3899419, -7.8280785], [110.3899528, -7.8279399], [110.39002507001555, -7.827243619843017]]}}, {"type": "Feature", "properties": {"route_id": "4B", "from_stop_sequence": 2, "to_stop_sequence": 3, "from_activity_id": "6a89347152d86e03b51847e6", "to_activity_id": "6a8a44a50d6732db988bca0a", "distance_m": 2598.187943629106, "source": "osm_drive_estimated", "estimated": true}, "geometry": {"type": "LineString", "coordinates": [[110.39002507001555, -7.827243619843017], [110.3899528, -7.8279399], [110.3899707, -7.8277131], [110.3899882, -7.8274912], [110.3900212, -7.8270735], [110.3900329, -7.8269243], [110.3900699, -7.8264553], [110.3900894, -7.8262085], [110.3900539, -7.8260736], [110.3899975, -7.8259786], [110.3898915, -7.8258979], [110.3893438, -7.8258373], [110.3892687, -7.825829], [110.3891199, -7.8257951], [110.3888356, -7.8257384], [110.3887994, -7.8257296], [110.388621, -7.8256864], [110.3882595, -7.8256022], [110.3877483, -7.8254628], [110.3873101, -7.8254299], [110.3870654, -7.8254159], [110.3868069, -7.8254048], [110.3862907, -7.8253816], [110.3859839, -7.8253743], [110.3852847, -7.8253529], [110.3851318, -7.8253504], [110.3850199, -7.8253406], [110.3848774, -7.8253364], [110.3846525, -7.8253196], [110.3843909, -7.8253001], [110.384238, -7.8252789], [110.3838456, -7.8252237], [110.3837076, -7.8252141], [110.3835765, -7.8252137], [110.3834253, -7.8252148], [110.3833079, -7.8252119], [110.3830605, -7.8251825], [110.3828583, -7.8251433], [110.3827328, -7.8251211], [110.382679, -7.8251141], [110.3826223, -7.8251114], [110.3824104, -7.8251094], [110.3823175, -7.8250716], [110.3820862, -7.8250071], [110.3817232, -7.8248946], [110.3815278, -7.8248341], [110.3814051, -7.8248034], [110.3802363, -7.8247996], [110.3798979, -7.8247961], [110.3791878, -7.8248019], [110.3786115, -7.8248053], [110.3784348, -7.8248063], [110.3783861, -7.8246843], [110.3781968, -7.8242104], [110.3780867, -7.8239246], [110.3780405, -7.8238047], [110.3775161, -7.8225062], [110.3774562, -7.8223561], [110.377296, -7.8219549], [110.3771604, -7.8216156], [110.3770124, -7.8212449], [110.3769165, -7.8210048], [110.3768159, -7.820753], [110.3765901, -7.8201877], [110.3764604, -7.8198628], [110.3762926, -7.8194427], [110.3761793, -7.8191591], [110.376097, -7.8189532], [110.376067, -7.818878], [110.37594, -7.818525], [110.3759231, -7.818467], [110.3758997, -7.8183461], [110.3758927, -7.8182411], [110.3758881, -7.8181731], [110.3758903, -7.8180445], [110.3759003, -7.8178452], [110.3759024, -7.8178074], [110.3759159, -7.8176439], [110.3759898, -7.8171258], [110.3759971, -7.8170751], [110.3760021, -7.8170412], [110.3760218, -7.8169128], [110.376027, -7.816879], [110.3760741, -7.8165362], [110.37598444651229, -7.816851923930486]]}}, {"type": "Feature", "properties": {"route_id": "4B", "from_stop_sequence": 3, "to_stop_sequence": 4, "from_activity_id": "6a8a44a50d6732db988bca0a", "to_activity_id": "6a93a3aadc237a3a8a7a1649", "distance_m": 1934.5018451120936, "source": "osm_drive_estimated", "estimated": true}, "geometry": {"type": "LineString", "coordinates": [[110.37598444651229, -7.816851923930486], [110.3760741, -7.8165362], [110.3761085, -7.8162938], [110.3761602, -7.8159313], [110.3761842, -7.8157626], [110.3761906, -7.8157204], [110.3761962, -7.8156829], [110.3779002, -7.8159316], [110.3781236, -7.8159641], [110.3783141, -7.8159928], [110.3786212, -7.8160373], [110.3793532, -7.8161393], [110.37987, -7.8162189], [110.3801228, -7.8162521], [110.380274, -7.816277], [110.3804616, -7.8163043], [110.3814412, -7.8164468], [110.3816274, -7.816476], [110.3818775, -7.8165113], [110.3820855, -7.8165406], [110.3824409, -7.8165923], [110.3832449, -7.8167093], [110.3836032, -7.8167609], [110.3836484, -7.8167674], [110.3838166, -7.8167916], [110.3838987, -7.8168044], [110.3840606, -7.816828], [110.3842406, -7.8168559], [110.3844632, -7.8168903], [110.3858001, -7.8170824], [110.3864422, -7.8171803], [110.3866673, -7.8172157], [110.386992, -7.8172668], [110.3882117, -7.8174618], [110.3887166, -7.8175463], [110.3893979, -7.8176744], [110.3897613, -7.8177455], [110.3902458, -7.8178205], [110.3904676, -7.8178575], [110.3905024, -7.8178633], [110.3905815, -7.8178756], [110.3907425, -7.8179006], [110.3907762, -7.8177484], [110.39078, -7.8177314], [110.3908193, -7.8175539], [110.3908873, -7.8172102], [110.390919, -7.8170499], [110.3909272, -7.8170083], [110.3909641, -7.8168542], [110.3909995, -7.8167017], [110.39090624605723, -7.817090693396565]]}}, {"type": "Feature", "properties": {"route_id": "4B", "from_stop_sequence": 9, "to_stop_sequence": 10, "from_activity_id": "6a893743478dc3b356b740c6", "to_activity_id": "6a93990852d86e03b51e35da", "distance_m": 377.09427229586873, "source": "osm_drive_estimated", "estimated": true}, "geometry": {"type": "LineString", "coordinates": [[110.39335463288893, -7.802256588233888], [110.3932976, -7.8022417], [110.3933294, -7.8021259], [110.3935317, -7.8014048], [110.3937659, -7.8004934], [110.3938953, -7.8000654], [110.3939721, -7.8000857], [110.3945665, -7.8002432], [110.3946327, -7.8002608], [110.39492900001528, -7.800390400018401]]}}, {"type": "Feature", "properties": {"route_id": "4B", "from_stop_sequence": 12, "to_stop_sequence": 13, "from_activity_id": "6a92d19952d86e03b51dd0d3", "to_activity_id": "6a92d63852d86e03b51dd95f", "distance_m": 714.3726530484493, "source": "osm_drive_estimated", "estimated": true}, "geometry": {"type": "LineString", "coordinates": [[110.39334560001697, -7.791127300004874], [110.3932603, -7.7913427], [110.3932717, -7.7912074], [110.3932772, -7.791173], [110.3933215, -7.7908909], [110.3933334, -7.7908154], [110.3933608, -7.7906384], [110.3934051, -7.7903335], [110.3934158, -7.7902936], [110.3934437, -7.7900583], [110.3934467, -7.7900352], [110.3934661, -7.7899063], [110.3935178, -7.7895116], [110.3935305, -7.7894226], [110.3935932, -7.7890323], [110.3936358, -7.7886659], [110.3936379, -7.7886298], [110.3936388, -7.7886195], [110.3936417, -7.7885726], [110.3936481, -7.7885032], [110.3936531, -7.7884604], [110.3937015, -7.7881261], [110.3937572, -7.788048], [110.3938358, -7.7880294], [110.3939804, -7.7880002], [110.3941325, -7.7879739], [110.3945219, -7.7878311], [110.3948329, -7.7877025], [110.39502, -7.7875802], [110.395079, -7.7875211], [110.3951321, -7.7874471], [110.3951641, -7.7873716], [110.3951758, -7.7873003], [110.3951708, -7.7872311], [110.395125, -7.7870445], [110.3950664, -7.7868466], [110.3949615, -7.7865284], [110.3949258, -7.7864491], [110.394918, -7.7864214], [110.39484944411095, -7.786173028766598]]}}, {"type": "Feature", "properties": {"route_id": "4B", "from_stop_sequence": 13, "to_stop_sequence": 14, "from_activity_id": "6a92d63852d86e03b51dd95f", "to_activity_id": "6a82c28a9870dcf66e45abdc", "distance_m": 1588.0029749720652, "source": "osm_drive_estimated", "estimated": true}, "geometry": {"type": "LineString", "coordinates": [[110.39484944411095, -7.786173028766598], [110.394918, -7.7864214], [110.3949258, -7.7864491], [110.3949615, -7.7865284], [110.3949128, -7.7865429], [110.3947721, -7.7865323], [110.3944865, -7.7864997], [110.3942988, -7.7864829], [110.393881, -7.7864455], [110.3935706, -7.7864083], [110.3930021, -7.7863436], [110.392919, -7.7863383], [110.3927692, -7.7863246], [110.3926912, -7.7860274], [110.39263, -7.7857819], [110.3926031, -7.7856816], [110.3925508, -7.7855102], [110.3924933, -7.7853271], [110.3924727, -7.7852558], [110.392389, -7.7849741], [110.392359, -7.784867], [110.3923282, -7.784778], [110.3922933, -7.7846797], [110.3922585, -7.7845986], [110.3921845, -7.7844374], [110.3920648, -7.7841327], [110.3917777, -7.7832216], [110.3917785, -7.7831561], [110.3915286, -7.783154], [110.3913605, -7.7831527], [110.3912191, -7.7831515], [110.391023, -7.7831498], [110.3908406, -7.7831484], [110.3907531, -7.7831477], [110.3903669, -7.7831445], [110.3903017, -7.783144], [110.3891929, -7.7831349], [110.3887106, -7.7831309], [110.3881704, -7.7831252], [110.3881418, -7.7831244], [110.3880445, -7.7830924], [110.3881441, -7.7830514], [110.3885283, -7.7830566], [110.3891909, -7.7830627], [110.389507, -7.7830656], [110.3902836, -7.7830727], [110.3907536, -7.7830771], [110.3912174, -7.7830813], [110.3917217, -7.783086], [110.3922501, -7.7830908], [110.39275871461035, -7.783212280859928]]}}, {"type": "Feature", "properties": {"route_id": "4B", "from_stop_sequence": 14, "to_stop_sequence": 15, "from_activity_id": "6a82c28a9870dcf66e45abdc", "to_activity_id": "6a8e9da652d86e03b51b5faa", "distance_m": 840.1500246800463, "source": "osm_drive_estimated", "estimated": true}, "geometry": {"type": "LineString", "coordinates": [[110.39275871461035, -7.783212280859928], [110.3922501, -7.7830908], [110.3922551, -7.7827749], [110.3922898, -7.7822284], [110.3923525, -7.7809099], [110.3923808, -7.7803353], [110.391635, -7.7801652], [110.3912734, -7.7800827], [110.3909807, -7.7800182], [110.3906441, -7.779945], [110.390475, -7.7799002], [110.3903149, -7.7798487], [110.3901963, -7.7798031], [110.3900164, -7.7797315], [110.3895281, -7.7795856], [110.3892719, -7.7795022], [110.3889117, -7.7793701], [110.388472, -7.7791923], [110.3883971, -7.7791784], [110.38832712418196, -7.779318853852615]]}}, {"type": "Feature", "properties": {"route_id": "4B", "from_stop_sequence": 15, "to_stop_sequence": 16, "from_activity_id": "6a8e9da652d86e03b51b5faa", "to_activity_id": "6a8e9ac146690fc6c68da2e3", "distance_m": 487.11575287540273, "source": "osm_drive_estimated", "estimated": true}, "geometry": {"type": "LineString", "coordinates": [[110.38832712418196, -7.779318853852615], [110.3883971, -7.7791784], [110.3884333, -7.7789798], [110.3886017, -7.7780561], [110.3886103, -7.7780091], [110.3886133, -7.7779924], [110.3886415, -7.7778474], [110.3886718, -7.77769], [110.3890758, -7.775548], [110.3890989, -7.7754255], [110.38906775739389, -7.775019362075398]]}}, {"type": "Feature", "properties": {"route_id": "4B", "from_stop_sequence": 16, "to_stop_sequence": 17, "from_activity_id": "6a8e9ac146690fc6c68da2e3", "to_activity_id": "6a8e78f452d86e03b51b44d5", "distance_m": 1376.3178604471723, "source": "osm_drive_estimated", "estimated": true}, "geometry": {"type": "LineString", "coordinates": [[110.38906775739389, -7.775019362075398], [110.3890989, -7.7754255], [110.3891607, -7.7750485], [110.3891661, -7.7750199], [110.3892098, -7.7747878], [110.3892977, -7.7743039], [110.3893105, -7.7742269], [110.3893307, -7.7741185], [110.3894037, -7.7736999], [110.3894565, -7.7734315], [110.3896206, -7.7725742], [110.3896807, -7.772278], [110.3897803, -7.7717877], [110.3899115, -7.7712244], [110.3899787, -7.770942], [110.3902978, -7.7702403], [110.3907708, -7.7692791], [110.3907868, -7.7692482], [110.3908058, -7.7692042], [110.3909925, -7.7687969], [110.3912676, -7.7682033], [110.3913893, -7.7679233], [110.3915219, -7.7675868], [110.3916784, -7.7671432], [110.3917783, -7.7668899], [110.3918802, -7.7666258], [110.391959, -7.7664042], [110.3919902, -7.7663166], [110.3923155, -7.7655336], [110.3924436, -7.7652782], [110.3925324, -7.7650875], [110.3925564, -7.7650361], [110.3926618, -7.7650933], [110.39233672460091, -7.765872802964594]]}}, {"type": "Feature", "properties": {"route_id": "4B", "from_stop_sequence": 20, "to_stop_sequence": 21, "from_activity_id": "6a8ee08652d86e03b51ba5d2", "to_activity_id": "6a82e20938bb192425f4fbc3", "distance_m": 1722.2959659485894, "source": "osm_drive_estimated", "estimated": true}, "geometry": {"type": "LineString", "coordinates": [[110.3958987657677, -7.756704954686867], [110.3960327, -7.7567392], [110.3960661, -7.7567471], [110.3959919, -7.7572509], [110.3959889, -7.7572866], [110.3959904, -7.7573295], [110.3959906, -7.7573573], [110.3959386, -7.7575993], [110.3958459, -7.7580306], [110.3958135, -7.7581814], [110.3957952, -7.7582665], [110.3957796, -7.7583389], [110.3957607, -7.7583908], [110.3957231, -7.7584939], [110.3956312, -7.7585072], [110.3956716, -7.7584019], [110.395702, -7.7583225], [110.3957163, -7.7582558], [110.3957479, -7.7581088], [110.3957923, -7.7579022], [110.3959347, -7.7572536], [110.3954825, -7.757125], [110.3953022, -7.7570734], [110.394967, -7.7569782], [110.3947031, -7.7568979], [110.3944159, -7.7568124], [110.3943529, -7.7567909], [110.394234, -7.7567528], [110.3938745, -7.7566176], [110.3938063, -7.7565981], [110.3936403, -7.7565508], [110.3931421, -7.7564087], [110.3930659, -7.7563867], [110.392979, -7.7563621], [110.3923468, -7.7561818], [110.3921241, -7.7561183], [110.3916594, -7.7559857], [110.3914556, -7.7559276], [110.3913795, -7.7559049], [110.3913511, -7.7560245], [110.3912492, -7.7564536], [110.3911637, -7.7568199], [110.3907651, -7.7567401], [110.3907241, -7.7567319], [110.3906525, -7.7567176], [110.3900611, -7.7565993], [110.3899647, -7.75658], [110.3893028, -7.7564475], [110.3891501, -7.7564123], [110.3888027, -7.7563124], [110.3887669, -7.7563068], [110.3887454, -7.7563055], [110.388724, -7.7563096], [110.3887064, -7.7563168], [110.3886847, -7.7563433], [110.3886761, -7.7563692], [110.3886129, -7.7566118], [110.3885932, -7.7567273], [110.3885813, -7.7568198], [110.3885722, -7.7569202], [110.3882521, -7.7568868], [110.3878919, -7.7568086], [110.3876405, -7.7567727], [110.3875199, -7.7567743], [110.3874391, -7.7567814], [110.3872718, -7.7567689], [110.3871162, -7.756749], [110.3869651, -7.7567255], [110.3869056, -7.7570943], [110.3869053, -7.7570987], [110.3868797, -7.7572552], [110.3868509, -7.7574331], [110.3867987, -7.7577568], [110.3867648, -7.7579657], [110.3867626, -7.7579807], [110.3867488, -7.7580663], [110.3863386914378, -7.758157195755828]]}}, {"type": "Feature", "properties": {"route_id": "4B", "from_stop_sequence": 23, "to_stop_sequence": 24, "from_activity_id": "6a89118b52d86e03b5181907", "to_activity_id": "6a8cf35c52d86e03b51a595f", "distance_m": 676.0257191575224, "source": "osm_drive_estimated", "estimated": true}, "geometry": {"type": "LineString", "coordinates": [[110.37992598967958, -7.762818007809386], [110.3800006, -7.7624174], [110.3797708, -7.7629548], [110.3794413, -7.7637253], [110.3793824, -7.7638696], [110.3791584, -7.7643833], [110.3790573, -7.7646231], [110.3787466, -7.7653782], [110.3786615, -7.7655769], [110.3785995, -7.7657517], [110.3785792, -7.7657948], [110.3785436, -7.7658818], [110.3785251, -7.7659346], [110.378487, -7.7659188], [110.3770348, -7.7653162], [110.3769834, -7.7652949], [110.3768435, -7.7652368], [110.3767941399006, -7.765264836068539]]}}, {"type": "Feature", "properties": {"route_id": "4B", "from_stop_sequence": 24, "to_stop_sequence": 25, "from_activity_id": "6a8cf35c52d86e03b51a595f", "to_activity_id": "6a8cf0f7eca288692ef36a11", "distance_m": 524.2310268224628, "source": "osm_drive_estimated", "estimated": true}, "geometry": {"type": "LineString", "coordinates": [[110.3767941399006, -7.765264836068539], [110.3768435, -7.7652368], [110.3761361, -7.7649433], [110.3760275, -7.7648663], [110.3759854, -7.7648691], [110.3759444, -7.764859], [110.375882, -7.7648714], [110.375832, -7.7648812], [110.3757636, -7.764899], [110.3756528, -7.7649368], [110.3755757, -7.7649792], [110.3755059, -7.7650347], [110.3754509, -7.7650951], [110.3754087, -7.7651523], [110.3753504, -7.7653799], [110.37529, -7.7656682], [110.3752171, -7.7659608], [110.3751885, -7.7660777], [110.3750876, -7.7663667], [110.3750692, -7.7664009], [110.3750469, -7.7664297], [110.375023, -7.7664531], [110.374953, -7.7665124], [110.3749212, -7.7665413], [110.3748518, -7.7666143], [110.3746182, -7.7668935], [110.3745956, -7.766924], [110.3745706, -7.7669647], [110.3745522, -7.767001], [110.374536, -7.7670353], [110.374428, -7.7673239], [110.3743938, -7.7674191], [110.3743185, -7.7676292], [110.37421955581817, -7.767908992696846]]}}, {"type": "Feature", "properties": {"route_id": "4B", "from_stop_sequence": 25, "to_stop_sequence": 26, "from_activity_id": "6a8cf0f7eca288692ef36a11", "to_activity_id": "6a8cf57152d86e03b51a5a67", "distance_m": 629.5286610894962, "source": "osm_drive_estimated", "estimated": true}, "geometry": {"type": "LineString", "coordinates": [[110.37421955581817, -7.767908992696846], [110.3743185, -7.7676292], [110.374269, -7.7677671], [110.373949, -7.7686603], [110.3737231, -7.7692908], [110.3736089, -7.769609], [110.3734208, -7.7701338], [110.3733727, -7.7702681], [110.3732647, -7.7705694], [110.3732384, -7.7705985], [110.3732325, -7.7706191], [110.3732305, -7.7706418], [110.3732321, -7.7706629], [110.3732356, -7.7706811], [110.3732407, -7.7706988], [110.3732554, -7.7707291], [110.3732716, -7.7707567], [110.3732915, -7.7707823], [110.3733152, -7.7708072], [110.3733353, -7.7708235], [110.3733558, -7.7708365], [110.3733758, -7.7708458], [110.3737539, -7.7709611], [110.3743887, -7.7711547], [110.3744164, -7.7711545], [110.3747718, -7.7712609], [110.3750261, -7.771337], [110.3750355, -7.7713513], [110.37520499526164, -7.771397214324622]]}}, {"type": "Feature", "properties": {"route_id": "4B", "from_stop_sequence": 26, "to_stop_sequence": 27, "from_activity_id": "6a8cf57152d86e03b51a5a67", "to_activity_id": "6a8cf95352d86e03b51a5c10", "distance_m": 461.63036347263744, "source": "osm_drive_estimated", "estimated": true}, "geometry": {"type": "LineString", "coordinates": [[110.37520499526164, -7.771397214324622], [110.3750355, -7.7713513], [110.3751965, -7.7714], [110.3754417, -7.7714742], [110.3756515, -7.7715377], [110.3756744, -7.7715345], [110.3758025, -7.7715728], [110.3761686, -7.7716823], [110.3761614, -7.7717007], [110.375976, -7.7721415], [110.3758552, -7.7724335], [110.3758183, -7.7725258], [110.3756975, -7.7728131], [110.3755316, -7.7732082], [110.375431, -7.773457], [110.3754067, -7.7735169], [110.3753211, -7.7737289], [110.3752708, -7.7738525], [110.37513742326371, -7.774292469348211]]}}, {"type": "Feature", "properties": {"route_id": "4B", "from_stop_sequence": 31, "to_stop_sequence": 32, "from_activity_id": "6a86c045460277aa84151af0", "to_activity_id": "6a82aa139870dcf66e458f1f", "distance_m": 828.6034040100162, "source": "osm_drive_estimated", "estimated": true}, "geometry": {"type": "LineString", "coordinates": [[110.37537075941361, -7.787363850950726], [110.3753854, -7.7873942], [110.3754517, -7.7874021], [110.375515, -7.78742], [110.3758135, -7.787518], [110.3760016, -7.7875748], [110.3760521, -7.7875851], [110.3760941, -7.7875861], [110.3761208, -7.7875781], [110.3761492, -7.7875654], [110.3761853, -7.7875454], [110.3762372, -7.7875017], [110.376514, -7.7869837], [110.3765487, -7.7869894], [110.3774067, -7.7871314], [110.3783839, -7.787305], [110.3784847, -7.7873249], [110.3785459, -7.7873362], [110.3785884, -7.7873439], [110.3785636, -7.7874741], [110.3785526, -7.7875318], [110.3784804, -7.7879107], [110.3784622, -7.7880064], [110.3784467, -7.788104], [110.3784866, -7.7883175], [110.3784749, -7.7885332], [110.3784617, -7.7886909], [110.3784464, -7.7888478], [110.3783644, -7.7893109], [110.3783367, -7.7894329], [110.3782832, -7.7896865], [110.3782745, -7.7897398], [110.3782706, -7.7897618], [110.3782632, -7.7898073], [110.3782557, -7.7898555], [110.378236, -7.7899466], [110.3782272, -7.7899958], [110.3781404, -7.7903932], [110.378026, -7.7902373], [110.37746284627354, -7.790234774910843]]}}, {"type": "Feature", "properties": {"route_id": "4B", "from_stop_sequence": 32, "to_stop_sequence": 33, "from_activity_id": "6a82aa139870dcf66e458f1f", "to_activity_id": "6a82b0c438bb192425f4c552", "distance_m": 1467.8415697229195, "source": "osm_drive_estimated", "estimated": true}, "geometry": {"type": "LineString", "coordinates": [[110.37746284627354, -7.790234774910843], [110.378026, -7.7902373], [110.3781404, -7.7903932], [110.3781268, -7.7904486], [110.3781008, -7.7906029], [110.3780857, -7.7906856], [110.3780682, -7.7908184], [110.3780535, -7.7909367], [110.3780393, -7.7910836], [110.3780374, -7.7911174], [110.378024, -7.7913566], [110.3779988, -7.7918086], [110.3779951, -7.7918635], [110.3779884, -7.7919239], [110.3779717, -7.7919864], [110.3779138, -7.7921711], [110.3779214, -7.7922756], [110.3779352, -7.7925332], [110.3779208, -7.7928306], [110.3778835, -7.7937975], [110.3778782, -7.7938897], [110.3778685, -7.794025], [110.3778083, -7.7948492], [110.3772796, -7.7948156], [110.3768752, -7.7947805], [110.3765849, -7.7947535], [110.3761415, -7.7947145], [110.3761926, -7.7944225], [110.375662, -7.7943714], [110.3753671, -7.794335], [110.3751622, -7.7943069], [110.374928, -7.7942682], [110.3747813, -7.7942452], [110.3743441, -7.79422], [110.3743159, -7.7942157], [110.374166, -7.79421], [110.3740571, -7.7942086], [110.3739487, -7.7942073], [110.3737941, -7.7942023], [110.373518, -7.7941934], [110.3731532, -7.7941695], [110.3728877, -7.7941484], [110.3727187, -7.7947781], [110.3726954, -7.7948644], [110.3726894, -7.7955371], [110.3726877, -7.7957345], [110.3726859, -7.7958357], [110.3726795, -7.7962077], [110.3726422000492, -7.795566199997523]]}}, {"type": "Feature", "properties": {"route_id": "4B", "from_stop_sequence": 33, "to_stop_sequence": 34, "from_activity_id": "6a82b0c438bb192425f4c552", "to_activity_id": "6a893a8c478dc3b356b74430", "distance_m": 973.9111695679104, "source": "osm_drive_estimated", "estimated": true}, "geometry": {"type": "LineString", "coordinates": [[110.3726422000492, -7.795566199997523], [110.3726795, -7.7962077], [110.3726562, -7.7966489], [110.3726462, -7.7968395], [110.3726364, -7.7970453], [110.3726294, -7.7971923], [110.3726234, -7.7973959], [110.3726244, -7.7975055], [110.3726307, -7.7975617], [110.3726378, -7.7975965], [110.3726482, -7.7976328], [110.3726587, -7.7976538], [110.3726733, -7.7976801], [110.3726911, -7.7977062], [110.3727782, -7.7978155], [110.3728185, -7.7978633], [110.3728808, -7.7979603], [110.3729291, -7.7980533], [110.3729801, -7.7981802], [110.3730203, -7.7982958], [110.3730538, -7.7984187], [110.373083, -7.7985489], [110.3730968, -7.7986379], [110.3731072, -7.7987213], [110.3731135, -7.7988219], [110.3731316, -7.7994925], [110.3731328, -7.7996899], [110.3731357, -7.8001646], [110.3731343, -7.8002589], [110.3731303, -7.8008302], [110.3730969, -7.8014985], [110.3730942, -7.8015868], [110.3732202, -7.8015901], [110.3739683, -7.8016149], [110.3740622, -7.801618], [110.3741521, -7.801621], [110.3743307, -7.8016227], [110.3745076, -7.8016244], [110.3745438, -7.8016254], [110.3747267, -7.8016268], [110.3751529, -7.8016416], [110.3756363, -7.8016527], [110.3757321328207, -7.8016872881999575]]}}, {"type": "Feature", "properties": {"route_id": "4B", "from_stop_sequence": 34, "to_stop_sequence": 35, "from_activity_id": "6a893a8c478dc3b356b74430", "to_activity_id": "6a89703452d86e03b51884b7", "distance_m": 574.0724457707685, "source": "osm_drive_estimated", "estimated": true}, "geometry": {"type": "LineString", "coordinates": [[110.3757321328207, -7.8016872881999575], [110.3756363, -7.8016527], [110.37574, -7.8016572], [110.3759703, -7.8016634], [110.3759694, -7.8017756], [110.375969, -7.8018245], [110.3759661, -7.8022077], [110.3759626, -7.8026555], [110.3759611, -7.8027409], [110.3759588, -7.8028684], [110.3759527, -7.8032585], [110.3759488, -7.8034217], [110.3759399, -7.8039859], [110.3761061, -7.8039989], [110.3765727, -7.8040155], [110.3767331, -7.8040206], [110.3782221, -7.8040677], [110.37819613284728, -7.8042105882448]]}}, {"type": "Feature", "properties": {"route_id": "4B", "from_stop_sequence": 37, "to_stop_sequence": 38, "from_activity_id": "6a8d73baeca288692ef3dad8", "to_activity_id": "6a93a3aadc237a3a8a7a1649", "distance_m": 861.9748309954841, "source": "osm_drive_estimated", "estimated": true}, "geometry": {"type": "LineString", "coordinates": [[110.38593379147761, -7.816232933352296], [110.3864144, -7.8160159], [110.3866446, -7.8159451], [110.3872572, -7.8157567], [110.3875157, -7.8156772], [110.3875988, -7.8156517], [110.3877904, -7.8155927], [110.3879431, -7.8155458], [110.3880119, -7.8155246], [110.3883012, -7.8154356], [110.3886091, -7.8153409], [110.3887328, -7.8153029], [110.3887696, -7.8152915], [110.3888438, -7.8152688], [110.3888689, -7.8152611], [110.389268, -7.8151383], [110.3892932, -7.8151306], [110.3900249, -7.8149024], [110.3907928, -7.8146694], [110.3906451, -7.8165538], [110.3906488, -7.816569], [110.3906579, -7.816585], [110.3906786, -7.8166069], [110.3907149, -7.8166268], [110.3909995, -7.8167017], [110.39090624605723, -7.817090693396565]]}}, {"type": "Feature", "properties": {"route_id": "4B", "from_stop_sequence": 38, "to_stop_sequence": 39, "from_activity_id": "6a93a3aadc237a3a8a7a1649", "to_activity_id": "6a89347152d86e03b51847e6", "distance_m": 1378.4069306041633, "source": "osm_drive_estimated", "estimated": true}, "geometry": {"type": "LineString", "coordinates": [[110.39090624605723, -7.817090693396565], [110.3909995, -7.8167017], [110.3909641, -7.8168542], [110.3909272, -7.8170083], [110.390919, -7.8170499], [110.3908873, -7.8172102], [110.3908193, -7.8175539], [110.39078, -7.8177314], [110.3907762, -7.8177484], [110.3907425, -7.8179006], [110.3907246, -7.8179946], [110.3907192, -7.8180776], [110.3907184, -7.8180898], [110.3907041, -7.8183088], [110.3906465, -7.8192708], [110.3906186, -7.8196653], [110.390575, -7.8202827], [110.3904807, -7.8212643], [110.3903919, -7.8224983], [110.3903071, -7.8234659], [110.3902996, -7.8235547], [110.3902931, -7.823634], [110.3902877, -7.8237058], [110.3902712, -7.8238994], [110.3902117, -7.8246474], [110.3901877, -7.8249506], [110.3901816, -7.8250181], [110.3901672, -7.8251788], [110.3901332, -7.8256384], [110.3901162, -7.8258688], [110.390112, -7.8259223], [110.3900997, -7.8260778], [110.3900894, -7.8262085], [110.3900699, -7.8264553], [110.3900329, -7.8269243], [110.3900212, -7.8270735], [110.3899882, -7.8274912], [110.3899707, -7.8277131], [110.3899528, -7.8279399], [110.39002507001555, -7.827243619843017]]}}, {"type": "Feature", "properties": {"route_id": "4B", "from_stop_sequence": 39, "to_stop_sequence": 40, "from_activity_id": "6a89347152d86e03b51847e6", "to_activity_id": "6a893609478dc3b356b73fd7", "distance_m": 607.1329596055025, "source": "osm_drive_estimated", "estimated": true}, "geometry": {"type": "LineString", "coordinates": [[110.39002507001555, -7.827243619843017], [110.3899528, -7.8279399], [110.3899419, -7.8280785], [110.3899105, -7.8284769], [110.3898911, -7.8287223], [110.3898516, -7.8292239], [110.3898493, -7.8294178], [110.3898612, -7.8295777], [110.3898677, -7.8296468], [110.3899037, -7.8300286], [110.3899759, -7.8306278], [110.3900222, -7.8311843], [110.3900375, -7.8314262], [110.3900557, -7.831642], [110.3900711, -7.8318053], [110.3900857, -7.8319004], [110.3901093, -7.8320547], [110.3901197, -7.8321527], [110.3901233, -7.8322192], [110.3901422, -7.8325729], [110.39020459947233, -7.8324834343696494]]}}, {"type": "Feature", "properties": {"route_id": "4B", "from_stop_sequence": 40, "to_stop_sequence": 41, "from_activity_id": "6a893609478dc3b356b73fd7", "to_activity_id": "6a8d6eb952d86e03b51ac23f", "distance_m": 363.5040345050368, "source": "osm_drive_estimated", "estimated": true}, "geometry": {"type": "LineString", "coordinates": [[110.39020459947233, -7.8324834343696494], [110.3901422, -7.8325729], [110.390169, -7.8327695], [110.3901932, -7.8328625], [110.3902119, -7.8329343], [110.390272, -7.8329283], [110.3906545, -7.832909], [110.3908759, -7.8328918], [110.391024, -7.8328987], [110.3912997, -7.8328939], [110.3913043, -7.8329336], [110.3918521, -7.833002], [110.39183977163486, -7.834127418517099]]}}, {"type": "Feature", "properties": {"route_id": "5A", "from_stop_sequence": 1, "to_stop_sequence": 2, "from_activity_id": "6a82732138bb192425f47850", "to_activity_id": "6a8abfd40d6732db988c587d", "distance_m": 1755.1701608507565, "source": "osm_drive_estimated", "estimated": true}, "geometry": {"type": "LineString", "coordinates": [[110.36128820793846, -7.747511361346895], [110.3606272, -7.7474096], [110.360734, -7.7477148], [110.3607513, -7.7478877], [110.3607427, -7.7480582], [110.360729, -7.7484166], [110.3614229, -7.7487253], [110.3616479, -7.7488264], [110.3618191, -7.748894], [110.3619671, -7.7489483], [110.361987, -7.7490071], [110.3619862, -7.749069], [110.3619648, -7.7491272], [110.3619252, -7.7491751], [110.3618786, -7.7492034], [110.3617972, -7.7491689], [110.360721, -7.7486881], [110.3606862, -7.7490653], [110.3606788, -7.7491533], [110.360635, -7.7497116], [110.3606098, -7.7501929], [110.3605925, -7.7505233], [110.3605781, -7.7507984], [110.3605543, -7.7512524], [110.3605479, -7.7513743], [110.3604771, -7.7522816], [110.3604515, -7.7523607], [110.3600304, -7.7530995], [110.3599962, -7.7532158], [110.359962, -7.75337], [110.3599392, -7.7536178], [110.359919, -7.7537946], [110.3599083, -7.753938], [110.359915, -7.7540311], [110.3599224, -7.7541334], [110.3602602, -7.7541405], [110.3607635, -7.7541833], [110.3611709, -7.7542039], [110.3614745, -7.7542149], [110.3617126, -7.7542039], [110.3620581, -7.7541998], [110.3621011, -7.7541997], [110.3621198, -7.7537161], [110.3621259, -7.7535586], [110.3621328, -7.753418], [110.3621387, -7.7532961], [110.3621436, -7.7531773], [110.3621738, -7.7524509], [110.3621796, -7.7523114], [110.362217, -7.7514112], [110.3622385, -7.7508925], [110.36238089063244, -7.750937298556053]]}}, {"type": "Feature", "properties": {"route_id": "5A", "from_stop_sequence": 4, "to_stop_sequence": 5, "from_activity_id": "6a8279ea70c999b67933d38e", "to_activity_id": "6a82820238bb192425f486c2", "distance_m": 1844.8873999246498, "source": "osm_drive_estimated", "estimated": true}, "geometry": {"type": "LineString", "coordinates": [[110.36207623374708, -7.7561639477196245], [110.3620366, -7.7557537], [110.3619693, -7.7557499], [110.3618772, -7.7557408], [110.3617272, -7.7557277], [110.3616464, -7.7557277], [110.3615231, -7.7557277], [110.3614481, -7.7557155], [110.3614372, -7.756213], [110.361456, -7.7562476], [110.3614912, -7.7562682], [110.3615351, -7.7562814], [110.3615928, -7.7562974], [110.3616109, -7.756312], [110.3616169, -7.7563273], [110.3616115, -7.7563612], [110.3615782, -7.7565035], [110.3615377, -7.7566557], [110.3615082, -7.7567892], [110.3614863, -7.756874], [110.3614452, -7.7570335], [110.3614256, -7.7571093], [110.3614194, -7.7571643], [110.3613567, -7.7575955], [110.3614872, -7.757606], [110.3614787, -7.7576933], [110.361464, -7.7581183], [110.3614536, -7.7583495], [110.3618634, -7.7584191], [110.3619028, -7.758427], [110.3619737, -7.758435], [110.3619571, -7.7587449], [110.3619366, -7.7592637], [110.3619271, -7.7594179], [110.3618361, -7.7611612], [110.361832, -7.7612399], [110.361831, -7.7612549], [110.3618297, -7.7612829], [110.3618265, -7.7613478], [110.3617674, -7.762627], [110.3617361, -7.7633368], [110.3617203, -7.7636932], [110.3617168, -7.7638093], [110.3617104, -7.7639297], [110.3616995, -7.7642472], [110.3616915, -7.7644375], [110.3616834, -7.7647053], [110.3616761, -7.7648058], [110.3616253, -7.7660176], [110.3616153, -7.7662563], [110.3616058, -7.766482], [110.3616021, -7.7665721], [110.3615888, -7.7668084], [110.3615702, -7.7672494], [110.3615432, -7.7679238], [110.3614782, -7.7679172], [110.3614888, -7.7676853], [110.3615109, -7.7671146], [110.3615299, -7.766571], [110.361531, -7.7665431], [110.3615606, -7.7658154], [110.3617426750921, -7.765335064352419]]}}, {"type": "Feature", "properties": {"route_id": "5A", "from_stop_sequence": 5, "to_stop_sequence": 6, "from_activity_id": "6a82820238bb192425f486c2", "to_activity_id": "6a8287f89870dcf66e45637e", "distance_m": 1047.1929004359963, "source": "osm_drive_estimated", "estimated": true}, "geometry": {"type": "LineString", "coordinates": [[110.3617426750921, -7.765335064352419], [110.3615606, -7.7658154], [110.3613054, -7.7658167], [110.3608979, -7.7658543], [110.3607553, -7.7658739], [110.3604552, -7.7659152], [110.3602287, -7.7659729], [110.3601612, -7.7662637], [110.3600677, -7.7666813], [110.3599987, -7.7669575], [110.3599687, -7.7673007], [110.3599349, -7.7674712], [110.3599103, -7.7678128], [110.3598872, -7.7680351], [110.3598825, -7.7687686], [110.3598547, -7.7691439], [110.3598343, -7.7695373], [110.3598346, -7.7700367], [110.3598078, -7.7705256], [110.3606484, -7.7705727], [110.3607666, -7.7705772], [110.3608887, -7.7705562], [110.3609665, -7.7705217], [110.3610483, -7.7704845], [110.3611153, -7.7704725], [110.3613612, -7.7704837], [110.3613287, -7.7711627], [110.3613227, -7.7714286], [110.361348, -7.7715113], [110.3613521, -7.7715521], [110.3612933, -7.7715493], [110.36120706604345, -7.7718298755167226]]}}, {"type": "Feature", "properties": {"route_id": "5A", "from_stop_sequence": 6, "to_stop_sequence": 7, "from_activity_id": "6a8287f89870dcf66e45637e", "to_activity_id": "6a828cb470c999b67933ee47", "distance_m": 928.8054561471457, "source": "osm_drive_estimated", "estimated": true}, "geometry": {"type": "LineString", "coordinates": [[110.36120706604345, -7.7718298755167226], [110.3612933, -7.7715493], [110.3613521, -7.7715521], [110.3612943, -7.7724282], [110.3612813, -7.7727789], [110.3612591, -7.7733544], [110.3612352, -7.7740987], [110.3612131, -7.774551], [110.3612029, -7.7747718], [110.3611964, -7.7749041], [110.3611785, -7.7753997], [110.3611133, -7.776383], [110.3610983, -7.7767664], [110.361073, -7.7772457], [110.3610687, -7.7774402], [110.3610585, -7.7780996], [110.3610569, -7.7781315], [110.3610558, -7.7781527], [110.3610489, -7.7782925], [110.3611679, -7.7783355], [110.3612529, -7.7783842], [110.3612939, -7.7784077], [110.3614306, -7.7784861], [110.3616581, -7.7786146], [110.3618449, -7.7787176], [110.3620552, -7.7788428], [110.3620582, -7.7788443], [110.362095, -7.7788637], [110.36205652519521, -7.778807194560243]]}}, {"type": "Feature", "properties": {"route_id": "5A", "from_stop_sequence": 7, "to_stop_sequence": 8, "from_activity_id": "6a828cb470c999b67933ee47", "to_activity_id": "6a828f544fd70be4125ccb42", "distance_m": 570.4063462785389, "source": "osm_drive_estimated", "estimated": true}, "geometry": {"type": "LineString", "coordinates": [[110.36205652519521, -7.778807194560243], [110.362095, -7.7788637], [110.362258, -7.7789341], [110.3623103, -7.7789508], [110.3623559, -7.7789607], [110.3624175, -7.7789587], [110.3631082, -7.778673], [110.3643878, -7.7780867], [110.3650675, -7.7777729], [110.365203, -7.7776645], [110.3652848, -7.7776479], [110.3653686, -7.7776433], [110.365842, -7.7777255], [110.3666478, -7.7778554], [110.3666401, -7.7779356], [110.3667686316013, -7.777989337320522]]}}, {"type": "Feature", "properties": {"route_id": "5A", "from_stop_sequence": 10, "to_stop_sequence": 11, "from_activity_id": "6a8d0a83eca288692ef377ee", "to_activity_id": "6a8d00b0eca288692ef3728a", "distance_m": 1422.7841953712114, "source": "osm_drive_estimated", "estimated": true}, "geometry": {"type": "LineString", "coordinates": [[110.37822992213239, -7.776234113554651], [110.3781959, -7.7755021], [110.3779638, -7.7754815], [110.3773373, -7.775406], [110.3776676, -7.7742735], [110.3769586, -7.7740657], [110.37686, -7.7741063], [110.3767968, -7.7740881], [110.3766402, -7.7745983], [110.3765411, -7.7749281], [110.3765117, -7.7750264], [110.3764713, -7.7751621], [110.3764451, -7.7752558], [110.3763469, -7.7755851], [110.3762365, -7.7759513], [110.3762428, -7.7759761], [110.3762459, -7.7760073], [110.3762443, -7.7760376], [110.3762376, -7.7760701], [110.3762261, -7.7760949], [110.3762168, -7.7761086], [110.3762069, -7.7761213], [110.3761857, -7.776144], [110.3761639, -7.7761597], [110.3761384, -7.7761736], [110.3761132, -7.7761828], [110.3760889, -7.7761874], [110.376016, -7.7766766], [110.3760131, -7.776707], [110.3760086, -7.776753], [110.3759666, -7.7770372], [110.3759288, -7.7772666], [110.3758838, -7.7775398], [110.3758496, -7.7777531], [110.3758193, -7.7779511], [110.3758141, -7.7779856], [110.3755365, -7.7797201], [110.3753794, -7.7806449], [110.3753335, -7.7809118], [110.3751937, -7.781747], [110.3751793, -7.7818328], [110.3751576, -7.7819616], [110.3750962, -7.7823259], [110.3750391, -7.7826652], [110.37512734006174, -7.782377312450095]]}}, {"type": "Feature", "properties": {"route_id": "5A", "from_stop_sequence": 13, "to_stop_sequence": 14, "from_activity_id": "6a86c045460277aa84151af0", "to_activity_id": "6a82bca038bb192425f4d1ce", "distance_m": 1055.3529980216167, "source": "osm_drive_estimated", "estimated": true}, "geometry": {"type": "LineString", "coordinates": [[110.37537075941361, -7.787363850950726], [110.3753854, -7.7873942], [110.3754517, -7.7874021], [110.375515, -7.78742], [110.3758135, -7.787518], [110.3760016, -7.7875748], [110.3760521, -7.7875851], [110.3760941, -7.7875861], [110.3761208, -7.7875781], [110.3761492, -7.7875654], [110.3761853, -7.7875454], [110.3762372, -7.7875017], [110.376514, -7.7869837], [110.3765487, -7.7869894], [110.3774067, -7.7871314], [110.3783839, -7.787305], [110.378621, -7.7871727], [110.378638, -7.7870795], [110.378711, -7.7870981], [110.3788742, -7.7871398], [110.3792326, -7.7872456], [110.3794467, -7.7873171], [110.3795542, -7.787349], [110.3800588, -7.7875067], [110.3802261, -7.7875527], [110.3803451, -7.7875813], [110.3804382, -7.7875841], [110.3805342, -7.7875558], [110.3810123, -7.7874173], [110.3811876, -7.7873564], [110.3812746, -7.7873313], [110.3814146, -7.7872908], [110.3817024, -7.7872285], [110.381881, -7.7871813], [110.3819309, -7.7871475], [110.3819761, -7.7871079], [110.3820161, -7.7870631], [110.3820501, -7.7870136], [110.3820777, -7.7869604], [110.3820984, -7.7869041], [110.3821261, -7.7866915], [110.382143, -7.786483], [110.3821519, -7.7863895], [110.3821681, -7.7863215], [110.3821987, -7.7862634], [110.3822863, -7.7861687], [110.3823788, -7.7861228], [110.3830244, -7.7861496], [110.3835311019015, -7.786178490478329]]}}, {"type": "Feature", "properties": {"route_id": "5A", "from_stop_sequence": 14, "to_stop_sequence": 15, "from_activity_id": "6a82bca038bb192425f4d1ce", "to_activity_id": "6a8e9c3b52d86e03b51b5e70", "distance_m": 1378.067195929302, "source": "osm_drive_estimated", "estimated": true}, "geometry": {"type": "LineString", "coordinates": [[110.3835311019015, -7.786178490478329], [110.3830244, -7.7861496], [110.3840591, -7.7861656], [110.3857316, -7.7862052], [110.3864383, -7.7862261], [110.3865854, -7.7862215], [110.386683, -7.786209], [110.386791, -7.7861917], [110.3869035, -7.7861707], [110.3870064, -7.7861303], [110.3871273, -7.7860668], [110.3872395, -7.7859893], [110.3873689, -7.7858949], [110.3874891, -7.7857893], [110.3875982, -7.7856723], [110.3876436, -7.7856222], [110.3877914, -7.7854522], [110.3879067, -7.7853196], [110.3880259, -7.7851474], [110.3881238, -7.784958], [110.3881478, -7.7847726], [110.3881424, -7.784525], [110.3881136, -7.7842131], [110.3880931, -7.7840266], [110.388002, -7.7832801], [110.3879732, -7.7830929], [110.3878742, -7.7830934], [110.3878182, -7.7830667], [110.3877783, -7.7830311], [110.3877602, -7.7830062], [110.387741, -7.7829736], [110.3877435, -7.7827636], [110.3878249, -7.7823021], [110.3879976, -7.7813699], [110.3882056, -7.7802288], [110.3882998, -7.779712], [110.3883566, -7.7794004], [110.3883971, -7.7791784], [110.388472, -7.7791923], [110.38846776345031, -7.779400709828366]]}}, {"type": "Feature", "properties": {"route_id": "5A", "from_stop_sequence": 23, "to_stop_sequence": 24, "from_activity_id": "6a82d7ea4fd70be4125d2241", "to_activity_id": "6a82dc184fd70be4125d2627", "distance_m": 1163.2396185187367, "source": "osm_drive_estimated", "estimated": true}, "geometry": {"type": "LineString", "coordinates": [[110.41036062602092, -7.767040656408739], [110.4104033, -7.766948], [110.4104293, -7.7668279], [110.4104864, -7.7665643], [110.4105119, -7.7664465], [110.4105872, -7.7660986], [110.4106004, -7.7660374], [110.4106456, -7.7658286], [110.410686, -7.765642], [110.41072, -7.765485], [110.4108294, -7.7649756], [110.4108983, -7.7647019], [110.4109635, -7.7644746], [110.4109939, -7.7644028], [110.4110098, -7.764353], [110.4109828, -7.7641905], [110.4111109, -7.7642054], [110.4113143, -7.7642424], [110.4113424, -7.7642265], [110.4113686, -7.7642079], [110.4114067, -7.7641356], [110.41152, -7.7637771], [110.4115854, -7.7635699], [110.4117511, -7.7630457], [110.4118699, -7.76247], [110.4119753, -7.7619599], [110.4119786, -7.7619435], [110.4120145, -7.7617959], [110.41183, -7.7617445], [110.4113459, -7.7615987], [110.4112536, -7.7616095], [110.4099442, -7.7612204], [110.4093928, -7.7610536], [110.4080093, -7.7606377], [110.4078171, -7.7605772], [110.40806741092467, -7.760728614312441]]}}, {"type": "Feature", "properties": {"route_id": "5A", "from_stop_sequence": 24, "to_stop_sequence": 25, "from_activity_id": "6a82dc184fd70be4125d2627", "to_activity_id": "6a82df994fd70be4125d2a71", "distance_m": 1581.5358018773165, "source": "osm_drive_estimated", "estimated": true}, "geometry": {"type": "LineString", "coordinates": [[110.40806741092467, -7.760728614312441], [110.4078171, -7.7605772], [110.4070152, -7.7603045], [110.40655, -7.7601621], [110.4044948, -7.7595118], [110.4045159, -7.7594683], [110.40397, -7.7592955], [110.4031839, -7.7590271], [110.4022942, -7.7587274], [110.4019768, -7.7586235], [110.4011258, -7.7583591], [110.4008442, -7.75829], [110.4006256, -7.7582435], [110.4004218, -7.7582063], [110.4002434, -7.758185], [110.4000489, -7.7581625], [110.3998303, -7.7581452], [110.399626, -7.7581368], [110.399138, -7.7581248], [110.3986475, -7.7581265], [110.3982519, -7.7581504], [110.3975478, -7.7582408], [110.3975344, -7.7581617], [110.3982492, -7.7580707], [110.3984173, -7.7580631], [110.3986596, -7.7580521], [110.399081, -7.7580503], [110.399447, -7.7580567], [110.3997878, -7.7580667], [110.4000534, -7.7580856], [110.4001417, -7.7580983], [110.39951833893446, -7.758275267444745]]}}, {"type": "Feature", "properties": {"route_id": "5A", "from_stop_sequence": 25, "to_stop_sequence": 26, "from_activity_id": "6a82df994fd70be4125d2a71", "to_activity_id": "6a8ee08652d86e03b51ba5d2", "distance_m": 1161.4215728801612, "source": "osm_drive_estimated", "estimated": true}, "geometry": {"type": "LineString", "coordinates": [[110.39951833893446, -7.758275267444745], [110.4001417, -7.7580983], [110.400159, -7.7580441], [110.4004513, -7.758084], [110.4006404, -7.7581146], [110.4008233, -7.75815], [110.4009072, -7.7581651], [110.4009877, -7.7579033], [110.4010032, -7.7578561], [110.401033, -7.7577655], [110.4010846, -7.7575936], [110.4011177, -7.7574905], [110.4012378, -7.7571748], [110.401254, -7.7571282], [110.4012687, -7.7570861], [110.4013056, -7.7569857], [110.4014068, -7.7566994], [110.4013237, -7.7566824], [110.4012643, -7.7566668], [110.4012083, -7.7566518], [110.4010836, -7.7566243], [110.4007944, -7.7565962], [110.4006216, -7.7565785], [110.4004345, -7.7565612], [110.3999912, -7.7565489], [110.3996187, -7.7565369], [110.399481, -7.7565346], [110.3992785, -7.7565472], [110.3992255, -7.7565651], [110.3991853, -7.7565851], [110.3991585, -7.7566329], [110.3990934, -7.7567791], [110.3988084, -7.7567598], [110.3986126, -7.7567319], [110.3985462, -7.75672], [110.3984477, -7.7567063], [110.398453, -7.7566651], [110.3984832, -7.7565173], [110.3985335, -7.7563285], [110.3985416, -7.7562766], [110.3983806, -7.7562346], [110.3980836, -7.756114], [110.3976792, -7.7565465], [110.3974794, -7.7567545], [110.3974586, -7.7567259], [110.397364, -7.7566515], [110.3973185, -7.7565784], [110.3972769, -7.7564748], [110.3972045, -7.756405], [110.3971401, -7.7563565], [110.3970737, -7.7563107], [110.396898, -7.7562044], [110.3967679, -7.7561167], [110.3964521, -7.7558695], [110.3964166, -7.7558436], [110.3963271, -7.7560462], [110.3962921, -7.7561073], [110.3962409, -7.7561942], [110.3962011, -7.7562689], [110.396166, -7.756339], [110.3961308, -7.7564215], [110.3961152, -7.7564627], [110.3961003, -7.7565039], [110.3960767, -7.7565976], [110.3960593, -7.7566913], [110.3960661, -7.7567471], [110.3960327, -7.7567392], [110.3958987657677, -7.756704954686867]]}}, {"type": "Feature", "properties": {"route_id": "5A", "from_stop_sequence": 26, "to_stop_sequence": 27, "from_activity_id": "6a8ee08652d86e03b51ba5d2", "to_activity_id": "6a82e20938bb192425f4fbc3", "distance_m": 1722.2959659485894, "source": "osm_drive_estimated", "estimated": true}, "geometry": {"type": "LineString", "coordinates": [[110.3958987657677, -7.756704954686867], [110.3960327, -7.7567392], [110.3960661, -7.7567471], [110.3959919, -7.7572509], [110.3959889, -7.7572866], [110.3959904, -7.7573295], [110.3959906, -7.7573573], [110.3959386, -7.7575993], [110.3958459, -7.7580306], [110.3958135, -7.7581814], [110.3957952, -7.7582665], [110.3957796, -7.7583389], [110.3957607, -7.7583908], [110.3957231, -7.7584939], [110.3956312, -7.7585072], [110.3956716, -7.7584019], [110.395702, -7.7583225], [110.3957163, -7.7582558], [110.3957479, -7.7581088], [110.3957923, -7.7579022], [110.3959347, -7.7572536], [110.3954825, -7.757125], [110.3953022, -7.7570734], [110.394967, -7.7569782], [110.3947031, -7.7568979], [110.3944159, -7.7568124], [110.3943529, -7.7567909], [110.394234, -7.7567528], [110.3938745, -7.7566176], [110.3938063, -7.7565981], [110.3936403, -7.7565508], [110.3931421, -7.7564087], [110.3930659, -7.7563867], [110.392979, -7.7563621], [110.3923468, -7.7561818], [110.3921241, -7.7561183], [110.3916594, -7.7559857], [110.3914556, -7.7559276], [110.3913795, -7.7559049], [110.3913511, -7.7560245], [110.3912492, -7.7564536], [110.3911637, -7.7568199], [110.3907651, -7.7567401], [110.3907241, -7.7567319], [110.3906525, -7.7567176], [110.3900611, -7.7565993], [110.3899647, -7.75658], [110.3893028, -7.7564475], [110.3891501, -7.7564123], [110.3888027, -7.7563124], [110.3887669, -7.7563068], [110.3887454, -7.7563055], [110.388724, -7.7563096], [110.3887064, -7.7563168], [110.3886847, -7.7563433], [110.3886761, -7.7563692], [110.3886129, -7.7566118], [110.3885932, -7.7567273], [110.3885813, -7.7568198], [110.3885722, -7.7569202], [110.3882521, -7.7568868], [110.3878919, -7.7568086], [110.3876405, -7.7567727], [110.3875199, -7.7567743], [110.3874391, -7.7567814], [110.3872718, -7.7567689], [110.3871162, -7.756749], [110.3869651, -7.7567255], [110.3869056, -7.7570943], [110.3869053, -7.7570987], [110.3868797, -7.7572552], [110.3868509, -7.7574331], [110.3867987, -7.7577568], [110.3867648, -7.7579657], [110.3867626, -7.7579807], [110.3867488, -7.7580663], [110.3863386914378, -7.758157195755828]]}}, {"type": "Feature", "properties": {"route_id": "5A", "from_stop_sequence": 29, "to_stop_sequence": 30, "from_activity_id": "6a89118b52d86e03b5181907", "to_activity_id": "6a8cf57152d86e03b51a5a67", "distance_m": 1310.538915877549, "source": "osm_drive_estimated", "estimated": true}, "geometry": {"type": "LineString", "coordinates": [[110.37992598967958, -7.762818007809386], [110.3800006, -7.7624174], [110.3797708, -7.7629548], [110.3794413, -7.7637253], [110.3793824, -7.7638696], [110.3791584, -7.7643833], [110.3790573, -7.7646231], [110.3787466, -7.7653782], [110.3786615, -7.7655769], [110.3785995, -7.7657517], [110.3785792, -7.7657948], [110.3785436, -7.7658818], [110.3785251, -7.7659346], [110.3784704, -7.7660799], [110.3780931, -7.7670014], [110.3780645, -7.7670712], [110.3778341, -7.7676301], [110.3776021, -7.768204], [110.377536, -7.7683657], [110.3775166, -7.768414], [110.3770874, -7.7694552], [110.3770727, -7.7694908], [110.3770628, -7.7695148], [110.3768395, -7.7700565], [110.3766361, -7.7705498], [110.376203, -7.7715968], [110.3761686, -7.7716823], [110.3761614, -7.7717007], [110.3756672, -7.7715527], [110.3756515, -7.7715377], [110.3754417, -7.7714742], [110.3751965, -7.7714], [110.3750355, -7.7713513], [110.37520499526164, -7.771397214324622]]}}, {"type": "Feature", "properties": {"route_id": "5A", "from_stop_sequence": 30, "to_stop_sequence": 31, "from_activity_id": "6a8cf57152d86e03b51a5a67", "to_activity_id": "6a8ceff1eca288692ef36913", "distance_m": 633.0132459940766, "source": "osm_drive_estimated", "estimated": true}, "geometry": {"type": "LineString", "coordinates": [[110.37520499526164, -7.771397214324622], [110.3750355, -7.7713513], [110.3750193, -7.7713554], [110.3747614, -7.7712781], [110.3744097, -7.7711728], [110.3743887, -7.7711547], [110.3737539, -7.7709611], [110.3733758, -7.7708458], [110.3733558, -7.7708365], [110.3733353, -7.7708235], [110.3733152, -7.7708072], [110.3732915, -7.7707823], [110.3732716, -7.7707567], [110.3732554, -7.7707291], [110.3732407, -7.7706988], [110.3732356, -7.7706811], [110.3732321, -7.7706629], [110.3732305, -7.7706418], [110.3732325, -7.7706191], [110.3732384, -7.7705985], [110.373229, -7.7705575], [110.3733348, -7.770261], [110.3733846, -7.7701213], [110.3734522, -7.7699318], [110.3735715, -7.7695973], [110.3736856, -7.7692775], [110.3738506, -7.7688149], [110.3739104, -7.7686472], [110.3742105, -7.7678057], [110.3742786, -7.7676148], [110.3743185, -7.7676292], [110.37420361014381, -7.767887440982534]]}}, {"type": "Feature", "properties": {"route_id": "5A", "from_stop_sequence": 31, "to_stop_sequence": 32, "from_activity_id": "6a8ceff1eca288692ef36913", "to_activity_id": "6a8d0e9c52d86e03b51a67b9", "distance_m": 582.4621534111676, "source": "osm_drive_estimated", "estimated": true}, "geometry": {"type": "LineString", "coordinates": [[110.37420361014381, -7.767887440982534], [110.3743185, -7.7676292], [110.3742786, -7.7676148], [110.3743956, -7.7672867], [110.3744948, -7.7670289], [110.3745143, -7.7669853], [110.3745328, -7.7669461], [110.3745551, -7.7669074], [110.3745788, -7.7668726], [110.3747153, -7.7667124], [110.3748175, -7.7665925], [110.3748512, -7.7665555], [110.3748908, -7.7665121], [110.3749708, -7.7664419], [110.3749972, -7.7664151], [110.3750195, -7.7663845], [110.3750416, -7.7663441], [110.3750584, -7.7663016], [110.3751407, -7.766083], [110.3751739, -7.7659488], [110.3752437, -7.7656489], [110.375309, -7.765387], [110.3753565, -7.7651342], [110.3754081, -7.7650294], [110.375452, -7.7649748], [110.3755171, -7.7649287], [110.3756085, -7.7648805], [110.3756841, -7.7648392], [110.3757565, -7.7647999], [110.3758089, -7.7647743], [110.3758611, -7.7647456], [110.3756105, -7.764627], [110.3745456, -7.7641846], [110.3745721416305, -7.764267293478937]]}}, {"type": "Feature", "properties": {"route_id": "5A", "from_stop_sequence": 34, "to_stop_sequence": 35, "from_activity_id": "6a842c273dbe4dacc783d981", "to_activity_id": "6a8432efbb859bd06d94f679", "distance_m": 1688.4047586325728, "source": "osm_drive_estimated", "estimated": true}, "geometry": {"type": "LineString", "coordinates": [[110.36989656329786, -7.755990960135563], [110.3698593, -7.7561332], [110.3698888, -7.7558041], [110.3698953, -7.7557314], [110.369942, -7.7551484], [110.3700396, -7.7544526], [110.3700788, -7.7542907], [110.3701397, -7.7540827], [110.3701976, -7.7539154], [110.3702077, -7.7538884], [110.3702706, -7.7537317], [110.3703601, -7.7534667], [110.3705199, -7.753029], [110.370533, -7.7529948], [110.3707192, -7.7524503], [110.3708143, -7.7521811], [110.3709765, -7.7517626], [110.3710392, -7.7516007], [110.371065, -7.7515467], [110.3710919, -7.7514901], [110.3711894, -7.7512579], [110.3712293, -7.7511665], [110.3713401, -7.7509142], [110.3713551, -7.750874], [110.3713725, -7.7508273], [110.3714752, -7.7505981], [110.3715624, -7.7504176], [110.3717043, -7.7501553], [110.3718512, -7.7498946], [110.3719405, -7.7497245], [110.3720655, -7.7492259], [110.3720684, -7.7492112], [110.3720758, -7.7491737], [110.3720853, -7.7491255], [110.3721204, -7.7489425], [110.371938, -7.748925], [110.3719047, -7.7489315], [110.3718633, -7.7489438], [110.371824, -7.748957], [110.3717876, -7.7489761], [110.3716111, -7.7488271], [110.3715929, -7.7488091], [110.3715849, -7.7488009], [110.3715284, -7.748848], [110.3714316, -7.7489245], [110.3712014, -7.7490682], [110.3710234, -7.7491236], [110.3709845, -7.7491249], [110.370957, -7.7491183], [110.3708303, -7.7490666], [110.3707177, -7.7488993], [110.3707012, -7.7488465], [110.3706709, -7.7485625], [110.3705064, -7.7487735], [110.3704843, -7.7487834], [110.3704575, -7.7487854], [110.3694684, -7.7483768], [110.3692324, -7.7482785], [110.3692076, -7.7482831], [110.3691861, -7.7482957], [110.369125, -7.7484425], [110.3690875, -7.7485303], [110.3689896, -7.7487794], [110.3688982, -7.7490193], [110.3686805, -7.7493336], [110.3686484, -7.749404], [110.3685614, -7.7496452], [110.368381, -7.7495828], [110.3682097, -7.7495236], [110.3676425, -7.7494164], [110.3673438, -7.7503095], [110.36769187033116, -7.750480947112415]]}}, {"type": "Feature", "properties": {"route_id": "5A", "from_stop_sequence": 35, "to_stop_sequence": 36, "from_activity_id": "6a8432efbb859bd06d94f679", "to_activity_id": "6a82732138bb192425f47850", "distance_m": 1213.4452196009547, "source": "osm_drive_estimated", "estimated": true}, "geometry": {"type": "LineString", "coordinates": [[110.36769187033116, -7.750480947112415], [110.3673438, -7.7503095], [110.3671336, -7.7502306], [110.3670081, -7.7502066], [110.3668129, -7.7501961], [110.3666567, -7.7501879], [110.3662089, -7.7501973], [110.3660157, -7.7501508], [110.3655739, -7.7500152], [110.3654666, -7.7499989], [110.3654475, -7.7499937], [110.3650693, -7.7499237], [110.3649881, -7.7496119], [110.3649482, -7.7492738], [110.3649187, -7.7491349], [110.3648765, -7.7490359], [110.364849, -7.7489937], [110.3648396, -7.7489668], [110.3648335, -7.7487595], [110.3648303, -7.7486945], [110.3647515, -7.7486692], [110.3646143, -7.7486492], [110.3640372, -7.7485661], [110.3640385, -7.7483896], [110.3640396, -7.7482379], [110.3640235, -7.7481801], [110.3639853, -7.7481223], [110.3638961, -7.748006], [110.363766, -7.7478924], [110.3629108, -7.7478215], [110.3628816, -7.7478206], [110.3625143, -7.7478102], [110.3624911, -7.7483653], [110.3624827, -7.748529], [110.3624682, -7.7485694], [110.3624482, -7.7485973], [110.3624222, -7.7486164], [110.3623882, -7.7486238], [110.3623533, -7.7486134], [110.3623326, -7.7485942], [110.3623178, -7.7485715], [110.362303, -7.7485386], [110.3623114, -7.7484105], [110.3623143, -7.7483438], [110.3623576, -7.7478124], [110.3617637, -7.7476631], [110.361698, -7.7476479], [110.3610975, -7.7475037], [110.361015, -7.7474846], [110.3606272, -7.7474096], [110.36128820793846, -7.747511361346895]]}}, {"type": "Feature", "properties": {"route_id": "5B", "from_stop_sequence": 1, "to_stop_sequence": 2, "from_activity_id": "6a82732138bb192425f47850", "to_activity_id": "6a8432efbb859bd06d94f679", "distance_m": 1002.193570847499, "source": "osm_drive_estimated", "estimated": true}, "geometry": {"type": "LineString", "coordinates": [[110.36128820793846, -7.747511361346895], [110.3606272, -7.7474096], [110.360734, -7.7477148], [110.3607513, -7.7478877], [110.3607427, -7.7480582], [110.360729, -7.7484166], [110.3614229, -7.7487253], [110.3616479, -7.7488264], [110.3618191, -7.748894], [110.3619671, -7.7489483], [110.3621915, -7.7490058], [110.3622286, -7.748992], [110.3623069, -7.7489828], [110.3623841, -7.7489984], [110.3624524, -7.7490373], [110.3624809, -7.7490656], [110.362505, -7.7490954], [110.3625204, -7.7491276], [110.3628514, -7.7492983], [110.3631172, -7.7494179], [110.363246, -7.7494758], [110.3635294, -7.7496013], [110.3638268, -7.7497199], [110.364023, -7.7497945], [110.3641596, -7.7498013], [110.364503, -7.7498319], [110.3648812, -7.7499037], [110.3650693, -7.7499237], [110.3654475, -7.7499937], [110.3654666, -7.7499989], [110.3655739, -7.7500152], [110.3660157, -7.7501508], [110.3662089, -7.7501973], [110.3666567, -7.7501879], [110.3668129, -7.7501961], [110.3670081, -7.7502066], [110.3671336, -7.7502306], [110.3673438, -7.7503095], [110.36769187033116, -7.750480947112415]]}}, {"type": "Feature", "properties": {"route_id": "5B", "from_stop_sequence": 2, "to_stop_sequence": 3, "from_activity_id": "6a8432efbb859bd06d94f679", "to_activity_id": "6a842c273dbe4dacc783d981", "distance_m": 1100.5035174231173, "source": "osm_drive_estimated", "estimated": true}, "geometry": {"type": "LineString", "coordinates": [[110.36769187033116, -7.750480947112415], [110.3673438, -7.7503095], [110.3672836, -7.7504895], [110.3673609, -7.7504963], [110.3676532, -7.7505203], [110.3682278, -7.750583], [110.3686743, -7.7506321], [110.3689487, -7.7506621], [110.3692998, -7.750719], [110.3700466, -7.7508445], [110.3701356, -7.7508814], [110.3701765, -7.7508993], [110.370206, -7.7509255], [110.370218, -7.7509453], [110.3703926, -7.7509793], [110.3709051, -7.7510957], [110.3710141, -7.7511205], [110.3712293, -7.7511665], [110.3711894, -7.7512579], [110.3710919, -7.7514901], [110.371065, -7.7515467], [110.3710392, -7.7516007], [110.3709765, -7.7517626], [110.3708143, -7.7521811], [110.3707192, -7.7524503], [110.370533, -7.7529948], [110.3705199, -7.753029], [110.3703601, -7.7534667], [110.3702706, -7.7537317], [110.3702077, -7.7538884], [110.3701976, -7.7539154], [110.3701397, -7.7540827], [110.3700788, -7.7542907], [110.3700396, -7.7544526], [110.369942, -7.7551484], [110.3698953, -7.7557314], [110.3698888, -7.7558041], [110.3698593, -7.7561332], [110.36989656329786, -7.755990960135563]]}}, {"type": "Feature", "properties": {"route_id": "5B", "from_stop_sequence": 10, "to_stop_sequence": 11, "from_activity_id": "6a8edc3b52d86e03b51b9e7e", "to_activity_id": "6a8ee08652d86e03b51ba5d2", "distance_m": 1625.2317226602584, "source": "osm_drive_estimated", "estimated": true}, "geometry": {"type": "LineString", "coordinates": [[110.38472856675907, -7.756059639836536], [110.3845967, -7.7559087], [110.3845522, -7.7559017], [110.3846312, -7.7559796], [110.3857226, -7.7570571], [110.3860441, -7.7573797], [110.386175, -7.7575191], [110.3862306, -7.7575722], [110.3867488, -7.7580663], [110.3869795, -7.7583183], [110.3872709, -7.7586195], [110.3875042, -7.7588574], [110.3876679, -7.7590208], [110.3878516, -7.7591736], [110.3880166, -7.7592893], [110.3882647, -7.7594195], [110.3884305, -7.7594879], [110.3884645, -7.7595019], [110.3886046, -7.7595497], [110.3888138, -7.7595975], [110.3889915, -7.7596334], [110.3892215, -7.759668], [110.3894703, -7.7596985], [110.3896943, -7.7597131], [110.3900148, -7.7597145], [110.3902119, -7.7596906], [110.390401, -7.759648], [110.3909026, -7.7595231], [110.3912913, -7.7594279], [110.3922145, -7.7592019], [110.3924969, -7.7591328], [110.3928365, -7.7590368], [110.3937095, -7.7588105], [110.3939503, -7.7587497], [110.3942185, -7.7586813], [110.3944706, -7.7586236], [110.394612, -7.7586188], [110.3947237, -7.758593], [110.3950988, -7.7584968], [110.395472, -7.7583592], [110.3955148, -7.7583389], [110.3955542, -7.7583156], [110.3955905, -7.7582856], [110.3956205, -7.7582609], [110.3956488, -7.7582339], [110.3956763, -7.7582069], [110.3957479, -7.7581088], [110.3957923, -7.7579022], [110.3959347, -7.7572536], [110.3959516, -7.7571688], [110.3960327, -7.7567392], [110.3958987657677, -7.756704954686867]]}}, {"type": "Feature", "properties": {"route_id": "5B", "from_stop_sequence": 11, "to_stop_sequence": 12, "from_activity_id": "6a8ee08652d86e03b51ba5d2", "to_activity_id": "6a82df994fd70be4125d2a71", "distance_m": 647.7011984757567, "source": "osm_drive_estimated", "estimated": true}, "geometry": {"type": "LineString", "coordinates": [[110.3958987657677, -7.756704954686867], [110.3960327, -7.7567392], [110.3960661, -7.7567471], [110.3959919, -7.7572509], [110.3959889, -7.7572866], [110.3959904, -7.7573295], [110.3959906, -7.7573573], [110.3962253, -7.7574187], [110.3963897, -7.7574349], [110.3965104, -7.7574701], [110.3966271, -7.7575], [110.3966754, -7.7574987], [110.3967223, -7.757492], [110.3967659, -7.7574801], [110.3968102, -7.7574668], [110.3968994, -7.7574953], [110.3970388, -7.7575372], [110.3974271, -7.7576309], [110.3980051, -7.7577545], [110.3987642, -7.7579033], [110.3987348, -7.7580058], [110.3989364, -7.7580035], [110.3990872, -7.7580033], [110.3993306, -7.7580075], [110.3995191, -7.7580105], [110.3996817, -7.7580149], [110.3998223, -7.7580192], [110.4000443, -7.7580289], [110.400159, -7.7580441], [110.4001417, -7.7580983], [110.39951833893446, -7.758275267444745]]}}, {"type": "Feature", "properties": {"route_id": "5B", "from_stop_sequence": 14, "to_stop_sequence": 15, "from_activity_id": "6a82da6f38bb192425f4f346", "to_activity_id": "6a82d7ea4fd70be4125d2241", "distance_m": 1123.2763241936116, "source": "osm_drive_estimated", "estimated": true}, "geometry": {"type": "LineString", "coordinates": [[110.4089714942125, -7.760718057518275], [110.4083977, -7.7606282], [110.4106137, -7.7613064], [110.4113475, -7.761513], [110.4118552, -7.7616435], [110.4120401, -7.7616908], [110.4120145, -7.7617959], [110.4119786, -7.7619435], [110.4119753, -7.7619599], [110.4118699, -7.76247], [110.4117511, -7.7630457], [110.4115854, -7.7635699], [110.41152, -7.7637771], [110.4114067, -7.7641356], [110.4113686, -7.7642079], [110.4113424, -7.7642265], [110.4113143, -7.7642424], [110.411215, -7.7642637], [110.4111654, -7.7642783], [110.4111295, -7.7642929], [110.4110957, -7.7643074], [110.4110098, -7.764353], [110.4109939, -7.7644028], [110.4109635, -7.7644746], [110.4108983, -7.7647019], [110.4108294, -7.7649756], [110.41072, -7.765485], [110.410686, -7.765642], [110.4106456, -7.7658286], [110.4106004, -7.7660374], [110.4105872, -7.7660986], [110.4105119, -7.7664465], [110.4104864, -7.7665643], [110.4104293, -7.7668279], [110.4104033, -7.766948], [110.41036062602092, -7.767040656408739]]}}, {"type": "Feature", "properties": {"route_id": "5B", "from_stop_sequence": 21, "to_stop_sequence": 22, "from_activity_id": "6a82dd1338bb192425f4f6cf", "to_activity_id": "6a8961f652d86e03b5187355", "distance_m": 1101.5503320055382, "source": "osm_drive_estimated", "estimated": true}, "geometry": {"type": "LineString", "coordinates": [[110.43091366895266, -7.783398800192629], [110.431005, -7.7828699], [110.4313201, -7.7829038], [110.4316655, -7.7829509], [110.4317062, -7.7825324], [110.4317083, -7.7825126], [110.4317577, -7.7820579], [110.4320866, -7.7821267], [110.4325855, -7.7822288], [110.43266, -7.7822402], [110.432905, -7.782291], [110.4332007, -7.7823536], [110.434165, -7.7825738], [110.4340937, -7.7829549], [110.4339943, -7.783443], [110.4345191, -7.7834408], [110.4349136, -7.7834417], [110.4357559, -7.7834404], [110.4362925, -7.7834406], [110.4364758, -7.7834443], [110.4370401, -7.7834471], [110.43609695062298, -7.784580417870302]]}}, {"type": "Feature", "properties": {"route_id": "5B", "from_stop_sequence": 29, "to_stop_sequence": 30, "from_activity_id": "6a8d7398eca288692ef3da8b", "to_activity_id": "6a82a6e438bb192425f4b896", "distance_m": 706.7955246852904, "source": "osm_drive_estimated", "estimated": true}, "geometry": {"type": "LineString", "coordinates": [[110.38428667127943, -7.783115407637396], [110.3836722, -7.7830519], [110.3835945, -7.7830498], [110.383304, -7.7830467], [110.3828302, -7.7830456], [110.3826503, -7.7830438], [110.3826267, -7.7830435], [110.382423, -7.783043], [110.3823671, -7.7830424], [110.3823041, -7.7830421], [110.3814199, -7.7830349], [110.3813123, -7.7830341], [110.3807005, -7.7830285], [110.3804824, -7.7830251], [110.3796062, -7.7830113], [110.3794779, -7.7830099], [110.3794447, -7.7830095], [110.3794182, -7.7830091], [110.3792346, -7.7830085], [110.379062, -7.7830073], [110.3790437, -7.7830072], [110.3786688, -7.7830045], [110.3786422, -7.7830043], [110.3785892, -7.783004], [110.37788045948008, -7.783092673752378]]}}, {"type": "Feature", "properties": {"route_id": "5B", "from_stop_sequence": 34, "to_stop_sequence": 35, "from_activity_id": "6a8d77b552d86e03b51acbf3", "to_activity_id": "6a8d799852d86e03b51acfac", "distance_m": 893.3689365175911, "source": "osm_drive_estimated", "estimated": true}, "geometry": {"type": "LineString", "coordinates": [[110.37518200888871, -7.78119792960976], [110.3751793, -7.7818328], [110.3751009, -7.7818283], [110.3751167, -7.7817365], [110.3751605, -7.7814813], [110.3751887, -7.7813168], [110.3752069, -7.7812107], [110.3752601, -7.7809012], [110.3753055, -7.7806327], [110.3753415, -7.7804197], [110.3753735, -7.7802192], [110.3753845, -7.7801501], [110.3754062, -7.7800087], [110.3754528, -7.7797223], [110.375495, -7.7797206], [110.3755365, -7.7797201], [110.3762729, -7.779819], [110.3769314, -7.7799013], [110.3770422, -7.7799139], [110.3770876, -7.7795869], [110.3771288, -7.7792896], [110.377052, -7.7792831], [110.3770148, -7.7792775], [110.3768171, -7.7792704], [110.376589, -7.7792663], [110.3766017, -7.7790334], [110.3766024, -7.7790212], [110.3766212, -7.7788332], [110.3766292, -7.7786412], [110.3766386, -7.7784598], [110.3766487, -7.7783774], [110.3766534, -7.7783136], [110.3766601, -7.7781927], [110.3766654, -7.7781628], [110.3766673, -7.7781556], [110.3766687, -7.7781518], [110.3766432, -7.7781284], [110.3766165, -7.7781057], [110.3765749, -7.7780852], [110.3763499, -7.7780536], [110.3758141, -7.7779856], [110.37573404625363, -7.777552952341509]]}}, {"type": "Feature", "properties": {"route_id": "5B", "from_stop_sequence": 37, "to_stop_sequence": 38, "from_activity_id": "6a8293484fd70be4125cd110", "to_activity_id": "6a828a6a9870dcf66e4567b3", "distance_m": 1150.7510165645494, "source": "osm_drive_estimated", "estimated": true}, "geometry": {"type": "LineString", "coordinates": [[110.36691755255441, -7.7780981116151], [110.3666401, -7.7779356], [110.3665854, -7.7779262], [110.3661857, -7.7778578], [110.3658307, -7.7777971], [110.3653381, -7.7777228], [110.3652424, -7.7777227], [110.3650675, -7.7777729], [110.3643878, -7.7780867], [110.3631082, -7.778673], [110.3624175, -7.7789587], [110.3623559, -7.7789607], [110.3623103, -7.7789508], [110.362258, -7.7789341], [110.362095, -7.7788637], [110.3620582, -7.7788443], [110.3620552, -7.7788428], [110.3618449, -7.7787176], [110.3616581, -7.7786146], [110.3614306, -7.7784861], [110.3612939, -7.7784077], [110.3612529, -7.7783842], [110.3611679, -7.7783355], [110.3610489, -7.7782925], [110.3609722, -7.7782942], [110.3609845, -7.7781302], [110.3610027, -7.7774486], [110.3610067, -7.7772453], [110.3610255, -7.7767762], [110.361062, -7.7762374], [110.3610751, -7.7759913], [110.3611047, -7.7756615], [110.3611434, -7.7748984], [110.3611964, -7.7749041], [110.36125270180361, -7.774394363918574]]}}, {"type": "Feature", "properties": {"route_id": "5B", "from_stop_sequence": 38, "to_stop_sequence": 39, "from_activity_id": "6a828a6a9870dcf66e4567b3", "to_activity_id": "6a8287f89870dcf66e45637e", "distance_m": 468.3145961107846, "source": "osm_drive_estimated", "estimated": true}, "geometry": {"type": "LineString", "coordinates": [[110.36125270180361, -7.774394363918574], [110.3611964, -7.7749041], [110.3611434, -7.7748984], [110.361175, -7.7737185], [110.3612156, -7.7729207], [110.3612376, -7.7724284], [110.3612386, -7.7723974], [110.3612933, -7.7715493], [110.36120706604345, -7.7718298755167226]]}}, {"type": "Feature", "properties": {"route_id": "5B", "from_stop_sequence": 39, "to_stop_sequence": 40, "from_activity_id": "6a8287f89870dcf66e45637e", "to_activity_id": "6a82820238bb192425f486c2", "distance_m": 729.0104048840226, "source": "osm_drive_estimated", "estimated": true}, "geometry": {"type": "LineString", "coordinates": [[110.36120706604345, -7.7718298755167226], [110.3612933, -7.7715493], [110.3613028, -7.7715017], [110.3613227, -7.7714286], [110.3613287, -7.7711627], [110.3613612, -7.7704837], [110.361366, -7.7704001], [110.3613672, -7.7703785], [110.3613679, -7.770367], [110.3613385, -7.7702951], [110.3613717, -7.7697034], [110.3614362, -7.7686054], [110.3614627, -7.7681778], [110.3614782, -7.7679172], [110.3614888, -7.7676853], [110.3615109, -7.7671146], [110.3615299, -7.766571], [110.361531, -7.7665431], [110.3615606, -7.7658154], [110.3617426750921, -7.765335064352419]]}}, {"type": "Feature", "properties": {"route_id": "5B", "from_stop_sequence": 40, "to_stop_sequence": 41, "from_activity_id": "6a82820238bb192425f486c2", "to_activity_id": "6a827b319870dcf66e45516e", "distance_m": 1105.5476662902736, "source": "osm_drive_estimated", "estimated": true}, "geometry": {"type": "LineString", "coordinates": [[110.3617426750921, -7.765335064352419], [110.3615606, -7.7658154], [110.3615831, -7.7652623], [110.3615937, -7.7650021], [110.3616012, -7.7648179], [110.3616172, -7.7644263], [110.3616357, -7.7639378], [110.3616405, -7.7638058], [110.361662, -7.7633247], [110.3616929, -7.762567], [110.36174, -7.7614114], [110.3617428, -7.7613417], [110.3617507, -7.7612344], [110.3617841, -7.7604899], [110.3618434, -7.759599], [110.3618656, -7.7592482], [110.3618868, -7.7587368], [110.3619028, -7.758427], [110.3619036, -7.7584123], [110.3619174, -7.7581716], [110.3619421, -7.7576307], [110.361977, -7.7569664], [110.36206630764042, -7.756402966070512]]}}, {"type": "Feature", "properties": {"route_id": "5B", "from_stop_sequence": 43, "to_stop_sequence": 44, "from_activity_id": "6a8276c070c999b67933d100", "to_activity_id": "6a82732138bb192425f47850", "distance_m": 1116.859462631247, "source": "osm_drive_estimated", "estimated": true}, "geometry": {"type": "LineString", "coordinates": [[110.36207457674249, -7.753191901082519], [110.3621011, -7.7541997], [110.3621198, -7.7537161], [110.3621259, -7.7535586], [110.3621328, -7.753418], [110.3621387, -7.7532961], [110.3621436, -7.7531773], [110.3621738, -7.7524509], [110.3621796, -7.7523114], [110.362217, -7.7514112], [110.3622385, -7.7508925], [110.3622818, -7.7504011], [110.3623016, -7.7500105], [110.3623171, -7.7497635], [110.3623248, -7.7496012], [110.3623204, -7.7495671], [110.3623105, -7.7495329], [110.3622928, -7.7495027], [110.3622727, -7.7494725], [110.3622036, -7.7494557], [110.3621422, -7.7494201], [110.3620935, -7.7493688], [110.3620616, -7.7493058], [110.3620513, -7.7492624], [110.3620491, -7.7492179], [110.362055, -7.7491737], [110.3620689, -7.7491313], [110.3620904, -7.7490921], [110.3621186, -7.7490574], [110.3621527, -7.7490283], [110.3621915, -7.7490058], [110.3622286, -7.748992], [110.3622527, -7.7488548], [110.3622631, -7.7487853], [110.3622942, -7.7486526], [110.362303, -7.7485386], [110.3623114, -7.7484105], [110.3623143, -7.7483438], [110.3623576, -7.7478124], [110.3617637, -7.7476631], [110.361698, -7.7476479], [110.3610975, -7.7475037], [110.361015, -7.7474846], [110.3606272, -7.7474096], [110.36128820793846, -7.747511361346895]]}}, {"type": "Feature", "properties": {"route_id": "6", "from_stop_sequence": 1, "to_stop_sequence": 2, "from_activity_id": "6a8aaaab0d6732db988c32ce", "to_activity_id": "6a8aa9d50d6732db988c3145", "distance_m": 189.43333172229168, "source": "osm_drive_estimated", "estimated": true}, "geometry": {"type": "LineString", "coordinates": [[110.31510380107005, -7.802371471196194], [110.31675772304908, -7.8019053630189745]]}}, {"type": "Feature", "properties": {"route_id": "6", "from_stop_sequence": 12, "to_stop_sequence": 13, "from_activity_id": "6a8a9a2252d86e03b519321f", "to_activity_id": "6a8a984752d86e03b5192fa5", "distance_m": 463.8143658727955, "source": "osm_drive_estimated", "estimated": true}, "geometry": {"type": "LineString", "coordinates": [[110.34826419609499, -7.818373736802727], [110.3482236, -7.8184851], [110.3482729, -7.8181892], [110.348283, -7.8181282], [110.3484077, -7.817418], [110.3485995, -7.8164268], [110.3488453, -7.8151785], [110.3488958, -7.814922], [110.3489408, -7.8146936], [110.34906199212219, -7.8145398572160065]]}}, {"type": "Feature", "properties": {"route_id": "6", "from_stop_sequence": 13, "to_stop_sequence": 14, "from_activity_id": "6a8a984752d86e03b5192fa5", "to_activity_id": "6a8a96810d6732db988c0e35", "distance_m": 701.7870616138487, "source": "osm_drive_estimated", "estimated": true}, "geometry": {"type": "LineString", "coordinates": [[110.34906199212219, -7.8145398572160065], [110.3489408, -7.8146936], [110.3490994, -7.8139637], [110.3492035, -7.8133901], [110.3492694, -7.8130268], [110.3493679, -7.812503], [110.3494483, -7.8121304], [110.3494699, -7.8120454], [110.3494392, -7.8119832], [110.3494473, -7.8119117], [110.3496264, -7.8110697], [110.349631, -7.8110449], [110.3496347, -7.8110248], [110.3496495, -7.8109667], [110.3498567, -7.8100083], [110.3500674, -7.8090051], [110.3501455, -7.8090198], [110.35020939084734, -7.809236124165178]]}}, {"type": "Feature", "properties": {"route_id": "6", "from_stop_sequence": 16, "to_stop_sequence": 17, "from_activity_id": "6a856ccabbd0aa678bab85c4", "to_activity_id": "6a856e91bbd0aa678bab879c", "distance_m": 744.2506538995142, "source": "osm_drive_estimated", "estimated": true}, "geometry": {"type": "LineString", "coordinates": [[110.35606982877533, -7.807940761615626], [110.356391, -7.8076058], [110.3563856, -7.8078632], [110.356362, -7.8086423], [110.3561761, -7.8086263], [110.3560625, -7.8086167], [110.3560702, -7.8084178], [110.3560834, -7.8080796], [110.3560877, -7.8079701], [110.3560846, -7.8070141], [110.3561505, -7.8053919], [110.3561734, -7.8049133], [110.3561821, -7.8045055], [110.3561889, -7.804454], [110.3561663, -7.804433], [110.3561512, -7.8044184], [110.3561398, -7.8044031], [110.3561331, -7.8043805], [110.3561305, -7.8043536], [110.3562113, -7.8039838], [110.35626401421268, -7.803758428469791]]}}, {"type": "Feature", "properties": {"route_id": "6", "from_stop_sequence": 17, "to_stop_sequence": 18, "from_activity_id": "6a856e91bbd0aa678bab879c", "to_activity_id": "6a855e58bbd0aa678bab72c7", "distance_m": 764.3244901045865, "source": "osm_drive_estimated", "estimated": true}, "geometry": {"type": "LineString", "coordinates": [[110.35626401421268, -7.803758428469791], [110.3562113, -7.8039838], [110.3562199, -7.8036345], [110.3562238, -7.8034984], [110.35623, -7.8034734], [110.3562413, -7.803456], [110.3562582, -7.8034449], [110.3562815, -7.8034363], [110.3564138, -7.8034357], [110.3564189, -7.8031897], [110.3564248, -7.8028136], [110.3564255, -7.8027625], [110.3564648, -7.8013696], [110.3564655, -7.8013438], [110.3564715, -7.8011474], [110.3566051, -7.8011485], [110.3566362, -7.8011493], [110.356683, -7.8011505], [110.3567211, -7.8011515], [110.3579919, -7.8011633], [110.3592095, -7.8011747], [110.3593269, -7.8011789], [110.3599674, -7.8011837], [110.36014288772952, -7.801236698318434]]}}, {"type": "Feature", "properties": {"route_id": "6", "from_stop_sequence": 18, "to_stop_sequence": 19, "from_activity_id": "6a855e58bbd0aa678bab72c7", "to_activity_id": "6a86b6ff89acf23707a33178", "distance_m": 875.4726847879874, "source": "osm_drive_estimated", "estimated": true}, "geometry": {"type": "LineString", "coordinates": [[110.36014288772952, -7.801236698318434], [110.3599674, -7.8011837], [110.3601798, -7.8011892], [110.3602274, -7.8011905], [110.3604445, -7.8011962], [110.3606337, -7.8012012], [110.3608454, -7.8012071], [110.361012, -7.801217], [110.3614848, -7.8012428], [110.3616409, -7.8012534], [110.3619047, -7.8012779], [110.3620292, -7.8012782], [110.3621559, -7.8012827], [110.3624188, -7.8012921], [110.3625068, -7.8012953], [110.3633322, -7.8013249], [110.3634928, -7.8013306], [110.3644284, -7.8013642], [110.3644546, -7.8013651], [110.3647527, -7.8013747], [110.3649376, -7.8013683], [110.365023, -7.8013654], [110.3650472, -7.8013662], [110.3656884, -7.8013887], [110.3656856, -7.8014132], [110.3656822, -7.8014432], [110.3656707, -7.8015444], [110.3656613, -7.8016272], [110.3656614, -7.80164], [110.3656659, -7.8016529], [110.3656759, -7.8016625], [110.3656887, -7.8016685], [110.3659536, -7.801688], [110.3665908, -7.8017349], [110.3666876, -7.8017421], [110.3666969, -7.801605], [110.3667053, -7.8014824], [110.36717622423924, -7.801414970393125]]}}, {"type": "Feature", "properties": {"route_id": "6", "from_stop_sequence": 22, "to_stop_sequence": 23, "from_activity_id": "6a86baac0235f477d358e46e", "to_activity_id": "6a85506ebbd0aa678bab6390", "distance_m": 441.1489859034293, "source": "osm_drive_estimated", "estimated": true}, "geometry": {"type": "LineString", "coordinates": [[110.36803342412259, -7.794265961281729], [110.3678043, -7.7938994], [110.3677895, -7.7938634], [110.3677246, -7.7938599], [110.367717, -7.7938596], [110.3673349, -7.7938397], [110.3658154, -7.7937606], [110.3657878, -7.7937585], [110.3657395, -7.7937561], [110.3657116, -7.7937547], [110.3656783, -7.7940203], [110.36559857460782, -7.795185718747462]]}}, {"type": "Feature", "properties": {"route_id": "6", "from_stop_sequence": 23, "to_stop_sequence": 24, "from_activity_id": "6a85506ebbd0aa678bab6390", "to_activity_id": "6a854da0bbd0aa678bab5d44", "distance_m": 2021.1474447913147, "source": "osm_drive_estimated", "estimated": true}, "geometry": {"type": "LineString", "coordinates": [[110.36559857460782, -7.795185718747462], [110.3656783, -7.7940203], [110.3656488, -7.7942553], [110.365528, -7.795218], [110.365448, -7.7958554], [110.3653845, -7.7963616], [110.3654639, -7.7963682], [110.3668521, -7.7964837], [110.367502, -7.7965377], [110.3676872, -7.7965532], [110.3682372, -7.7965989], [110.3683909, -7.7966116], [110.3688548, -7.7966498], [110.368889, -7.7966526], [110.3691029, -7.7966702], [110.3690379, -7.796599], [110.3690274, -7.7965169], [110.3690278, -7.7965057], [110.3690626, -7.795635], [110.3690577, -7.7954794], [110.3690453, -7.795275], [110.3689395, -7.7948567], [110.3689037, -7.7947739], [110.3688556, -7.7947153], [110.3687943, -7.7946526], [110.3687449, -7.7946199], [110.368208, -7.7943234], [110.3681494, -7.7942639], [110.36788, -7.7939903], [110.3678043, -7.7938994], [110.3677895, -7.7938634], [110.3676987, -7.7936934], [110.3676546, -7.7934812], [110.3676358, -7.7932978], [110.3676138, -7.7930345], [110.3676056, -7.7929372], [110.367593, -7.7927667], [110.3675944, -7.7927072], [110.3675994, -7.7923025], [110.3676084, -7.7915801], [110.3676112, -7.7913535], [110.3676179, -7.7908164], [110.3675996, -7.7906871], [110.367603, -7.7905828], [110.3676086, -7.7904263], [110.3676075, -7.7904118], [110.3676044, -7.7903976], [110.3676002, -7.7903854], [110.3675936, -7.7903744], [110.3674693, -7.790208], [110.3674552, -7.7901919], [110.3674363, -7.7901756], [110.3673772, -7.7901352], [110.3668984, -7.7901076], [110.3668177, -7.7901032], [110.3667364, -7.7900986], [110.3666589, -7.7901187], [110.3666321, -7.7901222], [110.3666062, -7.7901229], [110.3663424, -7.7901111], [110.3662409, -7.790106], [110.3662051, -7.7901043], [110.3661948, -7.7901049], [110.3661847, -7.7901092], [110.3661761, -7.7901165], [110.3661701, -7.790125], [110.3661661, -7.7901355], [110.366114, -7.7905501], [110.3660791, -7.7908276], [110.3660387, -7.7911494], [110.3660157, -7.7913323], [110.3659763, -7.7916462], [110.3659611, -7.7917676], [110.36611832728073, -7.790937054153417]]}}, {"type": "Feature", "properties": {"route_id": "6", "from_stop_sequence": 24, "to_stop_sequence": 25, "from_activity_id": "6a854da0bbd0aa678bab5d44", "to_activity_id": "6a85506ebbd0aa678bab6390", "distance_m": 476.2677190200377, "source": "osm_drive_estimated", "estimated": true}, "geometry": {"type": "LineString", "coordinates": [[110.36611832728073, -7.790937054153417], [110.3659611, -7.7917676], [110.3659265, -7.7920425], [110.3658892, -7.7923395], [110.3658511, -7.792643], [110.3657116, -7.7937547], [110.3656783, -7.7940203], [110.36559857460782, -7.795185718747462]]}}, {"type": "Feature", "properties": {"route_id": "6", "from_stop_sequence": 25, "to_stop_sequence": 26, "from_activity_id": "6a85506ebbd0aa678bab6390", "to_activity_id": "6a8555e83dbe4dacc7849c7a", "distance_m": 789.2145458063991, "source": "osm_drive_estimated", "estimated": true}, "geometry": {"type": "LineString", "coordinates": [[110.36559857460782, -7.795185718747462], [110.3656783, -7.7940203], [110.3656488, -7.7942553], [110.365528, -7.795218], [110.365448, -7.7958554], [110.3653845, -7.7963616], [110.3652559, -7.7974366], [110.3651367, -7.7983519], [110.3651059, -7.7985886], [110.3650744, -7.7988304], [110.3650428, -7.7990731], [110.364989, -7.7994861], [110.3649645, -7.799674], [110.36499709175035, -7.79990342392729]]}}, {"type": "Feature", "properties": {"route_id": "6", "from_stop_sequence": 26, "to_stop_sequence": 27, "from_activity_id": "6a8555e83dbe4dacc7849c7a", "to_activity_id": "6a855e58bbd0aa678bab72c7", "distance_m": 764.1996041567986, "source": "osm_drive_estimated", "estimated": true}, "geometry": {"type": "LineString", "coordinates": [[110.36499709175035, -7.79990342392729], [110.3649645, -7.799674], [110.3649435, -7.7998427], [110.3648985, -7.8002039], [110.3648936, -7.8002437], [110.3648289, -7.8007629], [110.364814, -7.800883], [110.364792, -7.8010596], [110.3647891, -7.8010829], [110.3647786, -7.8011672], [110.3647527, -7.8013747], [110.3644546, -7.8013651], [110.3644284, -7.8013642], [110.3634928, -7.8013306], [110.3633322, -7.8013249], [110.3625068, -7.8012953], [110.3624188, -7.8012921], [110.3621559, -7.8012827], [110.3620292, -7.8012782], [110.3619047, -7.8012779], [110.3616409, -7.8012534], [110.3614848, -7.8012428], [110.361012, -7.801217], [110.3608454, -7.8012071], [110.3606337, -7.8012012], [110.3604445, -7.8011962], [110.3602274, -7.8011905], [110.3601798, -7.8011892], [110.3599674, -7.8011837], [110.36014288772952, -7.801236698318434]]}}, {"type": "Feature", "properties": {"route_id": "6", "from_stop_sequence": 27, "to_stop_sequence": 28, "from_activity_id": "6a855e58bbd0aa678bab72c7", "to_activity_id": "6a856e91bbd0aa678bab879c", "distance_m": 764.3244901045865, "source": "osm_drive_estimated", "estimated": true}, "geometry": {"type": "LineString", "coordinates": [[110.36014288772952, -7.801236698318434], [110.3599674, -7.8011837], [110.3593269, -7.8011789], [110.3592095, -7.8011747], [110.3579919, -7.8011633], [110.3567211, -7.8011515], [110.356683, -7.8011505], [110.3566362, -7.8011493], [110.3566051, -7.8011485], [110.3564715, -7.8011474], [110.3564655, -7.8013438], [110.3564648, -7.8013696], [110.3564255, -7.8027625], [110.3564248, -7.8028136], [110.3564189, -7.8031897], [110.3564138, -7.8034357], [110.3562815, -7.8034363], [110.3562582, -7.8034449], [110.3562413, -7.803456], [110.35623, -7.8034734], [110.3562238, -7.8034984], [110.3562199, -7.8036345], [110.3562113, -7.8039838], [110.35626401421268, -7.803758428469791]]}}, {"type": "Feature", "properties": {"route_id": "6", "from_stop_sequence": 30, "to_stop_sequence": 31, "from_activity_id": "6a8a96810d6732db988c0e35", "to_activity_id": "6a8a984752d86e03b5192fa5", "distance_m": 693.069995406428, "source": "osm_drive_estimated", "estimated": true}, "geometry": {"type": "LineString", "coordinates": [[110.35020939084734, -7.809236124165178], [110.3501455, -7.8090198], [110.34995, -7.8100232], [110.3497417, -7.8109851], [110.349726, -7.8110466], [110.349715, -7.81109], [110.3495547, -7.8118198], [110.3495349, -7.8119247], [110.3495267, -7.8119906], [110.3494699, -7.8120454], [110.3494483, -7.8121304], [110.3493679, -7.812503], [110.3492694, -7.8130268], [110.3492035, -7.8133901], [110.3490994, -7.8139637], [110.3489408, -7.8146936], [110.34906199212219, -7.8145398572160065]]}}, {"type": "Feature", "properties": {"route_id": "6", "from_stop_sequence": 31, "to_stop_sequence": 32, "from_activity_id": "6a8a984752d86e03b5192fa5", "to_activity_id": "6a8a9a2252d86e03b519321f", "distance_m": 463.8143658727955, "source": "osm_drive_estimated", "estimated": true}, "geometry": {"type": "LineString", "coordinates": [[110.34906199212219, -7.8145398572160065], [110.3489408, -7.8146936], [110.3488958, -7.814922], [110.3488453, -7.8151785], [110.3485995, -7.8164268], [110.3484077, -7.817418], [110.348283, -7.8181282], [110.3482729, -7.8181892], [110.3482236, -7.8184851], [110.34826419609499, -7.818373736802727]]}}, {"type": "Feature", "properties": {"route_id": "6", "from_stop_sequence": 41, "to_stop_sequence": 42, "from_activity_id": "6a8aa8c20d6732db988c2ee6", "to_activity_id": "6a8aaaab0d6732db988c32ce", "distance_m": 792.6331676428854, "source": "osm_drive_estimated", "estimated": true}, "geometry": {"type": "LineString", "coordinates": [[110.31877570245945, -7.801671229224345], [110.3195887, -7.8023855], [110.3196645, -7.8024048], [110.3198898, -7.8016248], [110.3199475, -7.8013896], [110.319862, -7.8013717], [110.3193668, -7.8014561], [110.318458, -7.801619], [110.3181461, -7.8016752], [110.317404, -7.8018221], [110.3171622, -7.8018613], [110.3171062, -7.8018689], [110.3170619, -7.801874], [110.315974, -7.8020499], [110.3158555, -7.8020698], [110.31510380107005, -7.802371471196194]]}}, {"type": "Feature", "properties": {"route_id": "8", "from_stop_sequence": 1, "to_stop_sequence": 2, "from_activity_id": "6a82732138bb192425f47850", "to_activity_id": "6a88121d3be6880665733ccf", "distance_m": 993.1535850126152, "source": "osm_drive_estimated", "estimated": true}, "geometry": {"type": "LineString", "coordinates": [[110.36128820793846, -7.747511361346895], [110.3606272, -7.7474096], [110.360734, -7.7477148], [110.3607513, -7.7478877], [110.3607427, -7.7480582], [110.360729, -7.7484166], [110.3614229, -7.7487253], [110.3616479, -7.7488264], [110.3618191, -7.748894], [110.3619671, -7.7489483], [110.361987, -7.7490071], [110.3619862, -7.749069], [110.3619648, -7.7491272], [110.3619252, -7.7491751], [110.3618786, -7.7492034], [110.3617972, -7.7491689], [110.360721, -7.7486881], [110.3600712, -7.748401], [110.3599811, -7.7483569], [110.3598293, -7.7482862], [110.3596947, -7.748232], [110.3593994, -7.7481175], [110.3592258, -7.7480597], [110.3587026, -7.7479058], [110.3584551, -7.7478383], [110.3583429, -7.7478069], [110.3574997, -7.7475674], [110.3572042, -7.7474862], [110.3571592, -7.7474739], [110.3571233, -7.7474239], [110.3570743, -7.7473882], [110.35658642659928, -7.747408105067673]]}}, {"type": "Feature", "properties": {"route_id": "8", "from_stop_sequence": 2, "to_stop_sequence": 3, "from_activity_id": "6a88121d3be6880665733ccf", "to_activity_id": "6a881492d57440d48a1f2ec3", "distance_m": 1614.388676815016, "source": "osm_drive_estimated", "estimated": true}, "geometry": {"type": "LineString", "coordinates": [[110.35658642659928, -7.747408105067673], [110.3570743, -7.7473882], [110.3564884, -7.7472109], [110.3544913, -7.7465832], [110.3542003, -7.7464917], [110.3537163, -7.7463322], [110.3530112, -7.7461091], [110.3526311, -7.7459872], [110.3508337, -7.7454355], [110.3501661, -7.7452348], [110.3498305, -7.7451362], [110.3496019, -7.7450942], [110.3495672, -7.7450844], [110.3490929, -7.7449429], [110.3489335, -7.74489], [110.3487631, -7.7448357], [110.3484871, -7.7447443], [110.3476758, -7.744481], [110.3475624, -7.7444549], [110.3474387, -7.7444197], [110.34624, -7.744031], [110.3461161, -7.7439953], [110.3459792, -7.7439684], [110.3458402, -7.7439491], [110.3457082, -7.7439371], [110.3455608, -7.7439303], [110.3453969, -7.7439398], [110.3452519, -7.7439606], [110.345107, -7.7439962], [110.3449832, -7.7440393], [110.3448545, -7.7440877], [110.344728, -7.7441444], [110.3446153, -7.7442051], [110.3445049, -7.7442667], [110.3444001, -7.7443393], [110.3443101, -7.7444069], [110.3442238, -7.7444776], [110.3441463, -7.7445513], [110.3440564, -7.7446556], [110.3439762, -7.7447561], [110.3438605, -7.7449216], [110.34386479306067, -7.744987662888826]]}}, {"type": "Feature", "properties": {"route_id": "8", "from_stop_sequence": 3, "to_stop_sequence": 4, "from_activity_id": "6a881492d57440d48a1f2ec3", "to_activity_id": "6a88161e3be68806657340a3", "distance_m": 576.8427820423251, "source": "osm_drive_estimated", "estimated": true}, "geometry": {"type": "LineString", "coordinates": [[110.34386479306067, -7.744987662888826], [110.3438605, -7.7449216], [110.343775, -7.7450488], [110.3435376, -7.7454183], [110.3431486, -7.7459723], [110.342696, -7.7466619], [110.3425514, -7.7469065], [110.3422952, -7.7473335], [110.3421164, -7.7476234], [110.3417864, -7.7481157], [110.3416204, -7.7483706], [110.3415299, -7.7485224], [110.3415077, -7.7485636], [110.3413587, -7.7488137], [110.3411762, -7.7491788], [110.34117041124347, -7.749276526847169]]}}, {"type": "Feature", "properties": {"route_id": "8", "from_stop_sequence": 17, "to_stop_sequence": 18, "from_activity_id": "6a8c457252d86e03b51a39d3", "to_activity_id": "6a8bac5fa4262ae1033d0d42", "distance_m": 362.3193316648358, "source": "osm_drive_estimated", "estimated": true}, "geometry": {"type": "LineString", "coordinates": [[110.36683935985099, -7.784749271429504], [110.366858, -7.7846282], [110.3668419, -7.7847574], [110.3668199, -7.7849344], [110.3667509, -7.7854877], [110.366697, -7.7859204], [110.366661, -7.7862091], [110.3666257, -7.7864925], [110.3665898, -7.7867806], [110.3665533, -7.7870735], [110.3665197, -7.7873434], [110.3664799, -7.7876631], [110.3664769, -7.7876871], [110.3665164836438, -7.787650230803976]]}}, {"type": "Feature", "properties": {"route_id": "8", "from_stop_sequence": 18, "to_stop_sequence": 19, "from_activity_id": "6a8bac5fa4262ae1033d0d42", "to_activity_id": "6a86be25460277aa8415118b", "distance_m": 647.445293403822, "source": "osm_drive_estimated", "estimated": true}, "geometry": {"type": "LineString", "coordinates": [[110.3665164836438, -7.787650230803976], [110.3664769, -7.7876871], [110.3664448, -7.7879442], [110.3664231, -7.7881185], [110.3663983, -7.7883175], [110.3663795, -7.7884683], [110.3663526, -7.7886843], [110.3663352, -7.7888235], [110.3663257, -7.7889001], [110.366316, -7.7889779], [110.3663029, -7.7890834], [110.3663482, -7.789186], [110.3663538, -7.7892064], [110.3663537, -7.7892285], [110.3663165, -7.7895408], [110.3663484, -7.7895578], [110.3663825, -7.789572], [110.3664161, -7.7895794], [110.3675496, -7.7896716], [110.3677163, -7.7896791], [110.3678796, -7.789678], [110.3682897, -7.7896638], [110.3683114, -7.7896644], [110.3684252, -7.7896643], [110.3685449, -7.7896762], [110.368637, -7.7896941], [110.3689199, -7.7897397], [110.3689548, -7.7897258], [110.3690083, -7.7896918], [110.3691857, -7.7895755], [110.3692201, -7.7895601], [110.3692554, -7.7895474], [110.3692961, -7.7895393], [110.3693394, -7.7895342], [110.3695854, -7.7895002], [110.3696318, -7.7894943], [110.3696814, -7.7894856], [110.3697305, -7.7894756], [110.3697737, -7.7894607], [110.3698151, -7.789444], [110.37010514084454, -7.789256599640282]]}}, {"type": "Feature", "properties": {"route_id": "8", "from_stop_sequence": 19, "to_stop_sequence": 20, "from_activity_id": "6a86be25460277aa8415118b", "to_activity_id": "6a86c045460277aa84151af0", "distance_m": 1028.633696552273, "source": "osm_drive_estimated", "estimated": true}, "geometry": {"type": "LineString", "coordinates": [[110.37010514084454, -7.789256599640282], [110.3698151, -7.789444], [110.3698662, -7.7894225], [110.3700712, -7.7892839], [110.3704924, -7.7889944], [110.3713342, -7.7884179], [110.3714903, -7.7883123], [110.3715791, -7.7882568], [110.371703, -7.7881835], [110.3717716, -7.7881471], [110.3718438, -7.7881106], [110.3719488, -7.7880657], [110.3721709, -7.787984], [110.3722698, -7.7879509], [110.3723458, -7.7879285], [110.3724303, -7.7879104], [110.3725181, -7.7878936], [110.3726104, -7.7878797], [110.3727041, -7.7878671], [110.3730853, -7.7878434], [110.3731108, -7.787834], [110.3731332, -7.7878159], [110.3731489, -7.7877921], [110.3731609, -7.7877585], [110.3731794, -7.7876642], [110.3731687, -7.7874495], [110.3731671, -7.7873097], [110.3731711, -7.7872518], [110.3731786, -7.7871889], [110.3731917, -7.7871294], [110.3732062, -7.7870772], [110.3732217, -7.7870301], [110.3732393, -7.7869883], [110.3732625, -7.7869464], [110.3732872, -7.7869202], [110.3733179, -7.7868893], [110.3734534, -7.7868662], [110.3735448, -7.786853], [110.3736312, -7.786844], [110.3737159, -7.7868399], [110.3738018, -7.7868371], [110.3738659, -7.7868398], [110.373933, -7.7868447], [110.3740135, -7.7868535], [110.3740844, -7.786861], [110.3741459, -7.7868678], [110.3741808, -7.7868576], [110.3742073, -7.7868461], [110.3742268, -7.7868334], [110.3742423, -7.7868204], [110.3742558, -7.7868024], [110.3742638, -7.7867827], [110.3742788, -7.7867037], [110.3743337, -7.7863868], [110.3744272, -7.7858282], [110.3745164, -7.7858651], [110.3744236, -7.7864015], [110.3743979, -7.7865469], [110.3743679, -7.7867166], [110.3743681, -7.7867608], [110.3743721, -7.7867771], [110.3743806, -7.7867925], [110.3743933, -7.7868054], [110.3744093, -7.7868177], [110.3744276, -7.786829], [110.3744478, -7.7868389], [110.374612, -7.7868931], [110.3747054, -7.7869267], [110.3747875, -7.7869613], [110.3748544, -7.7869911], [110.3749174, -7.7870244], [110.3749769, -7.7870621], [110.3750411, -7.787107], [110.375131, -7.7871741], [110.3752071, -7.7872328], [110.375283, -7.7872902], [110.3753372, -7.7873414], [110.3753854, -7.7873942], [110.37537075941361, -7.787363850950726]]}}, {"type": "Feature", "properties": {"route_id": "8", "from_stop_sequence": 20, "to_stop_sequence": 21, "from_activity_id": "6a86c045460277aa84151af0", "to_activity_id": "6a86be25460277aa8415118b", "distance_m": 1329.3357168255834, "source": "osm_drive_estimated", "estimated": true}, "geometry": {"type": "LineString", "coordinates": [[110.37537075941361, -7.787363850950726], [110.3753854, -7.7873942], [110.3752319, -7.7876675], [110.3751657, -7.7877883], [110.3750712, -7.7879606], [110.375022, -7.7880503], [110.374864, -7.7883515], [110.374832, -7.7883869], [110.3747934, -7.7884173], [110.37473, -7.7884592], [110.374664, -7.7884961], [110.3745943, -7.7885256], [110.3745316, -7.7885458], [110.3744613, -7.788561], [110.3743841, -7.7885693], [110.3742929, -7.7885758], [110.3741994, -7.788573], [110.3740572, -7.7885634], [110.3739748, -7.7885526], [110.3738854, -7.7885252], [110.3735805, -7.7884292], [110.3735076, -7.7883998], [110.3734461, -7.7883739], [110.3733895, -7.7883422], [110.3733434, -7.7883054], [110.3733048, -7.7882636], [110.3732715, -7.7882185], [110.3732434, -7.7881618], [110.3732263, -7.7881088], [110.3732127, -7.78804], [110.3732, -7.7880031], [110.3731846, -7.7879755], [110.3731619, -7.7879506], [110.3731341, -7.7879314], [110.3730977, -7.7879179], [110.3730548, -7.7879088], [110.373004, -7.7879077], [110.3727092, -7.7879261], [110.3726243, -7.787938], [110.3725341, -7.7879516], [110.3724574, -7.7879657], [110.3723765, -7.7879833], [110.3722925, -7.7880073], [110.3722055, -7.788036], [110.3721258, -7.7880648], [110.3720347, -7.7880989], [110.3719533, -7.7881319], [110.3718587, -7.788176], [110.371789, -7.7882102], [110.3717229, -7.7882454], [110.3716389, -7.7882917], [110.3715577, -7.7883434], [110.3713694, -7.7884671], [110.3705235, -7.7890492], [110.3701368, -7.789316], [110.3699183, -7.789464], [110.3698672, -7.7894919], [110.3698137, -7.7895153], [110.369749, -7.7895358], [110.3696885, -7.7895488], [110.3696511, -7.7895539], [110.3694199, -7.7895803], [110.3693737, -7.7895878], [110.3693287, -7.789598], [110.3692311, -7.7896302], [110.3691749, -7.7896622], [110.3691291, -7.7897095], [110.3690921, -7.7897588], [110.369062, -7.789794], [110.3690206, -7.7898214], [110.368995, -7.7898164], [110.3689599, -7.7897878], [110.368927, -7.7897589], [110.3686246, -7.7897113], [110.368582, -7.7897039], [110.3685571, -7.7897097], [110.3685417, -7.7897325], [110.3685309, -7.7897989], [110.3685265, -7.789833], [110.3685214, -7.7898615], [110.3685065, -7.7899463], [110.3684999, -7.7899717], [110.3684705, -7.7900554], [110.3684521, -7.7901044], [110.3684024, -7.7902199], [110.3683503, -7.7903239], [110.3683311, -7.7903461], [110.368312, -7.7903607], [110.3682833, -7.7903766], [110.3682555, -7.790386], [110.3682143, -7.7903915], [110.3681758, -7.7903928], [110.3681377, -7.7903919], [110.3681058, -7.7903889], [110.368076, -7.7903823], [110.3680021, -7.790353], [110.3680617, -7.7903246], [110.3680877, -7.7903179], [110.3681162, -7.7903157], [110.3681501, -7.7903179], [110.3681853, -7.7903187], [110.3682174, -7.7903127], [110.3682478, -7.7903031], [110.36827, -7.7902882], [110.3682862, -7.790263], [110.3683293, -7.790178], [110.3683786, -7.7900757], [110.3683952, -7.790033], [110.3684193, -7.7899708], [110.3684244, -7.7899525], [110.3684286, -7.7899317], [110.3684442, -7.7898474], [110.3684485, -7.7898188], [110.3684544, -7.7897704], [110.3684612, -7.7897412], [110.3684704, -7.7897219], [110.3684808, -7.7897053], [110.3685449, -7.7896762], [110.368637, -7.7896941], [110.3689199, -7.7897397], [110.3689548, -7.7897258], [110.3690083, -7.7896918], [110.3691857, -7.7895755], [110.3692201, -7.7895601], [110.3692554, -7.7895474], [110.3692961, -7.7895393], [110.3693394, -7.7895342], [110.3695854, -7.7895002], [110.3696318, -7.7894943], [110.3696814, -7.7894856], [110.3697305, -7.7894756], [110.3697737, -7.7894607], [110.3698151, -7.789444], [110.37010514084454, -7.789256599640282]]}}, {"type": "Feature", "properties": {"route_id": "8", "from_stop_sequence": 21, "to_stop_sequence": 22, "from_activity_id": "6a86be25460277aa8415118b", "to_activity_id": "6a854da0bbd0aa678bab5d44", "distance_m": 2306.0762358512243, "source": "osm_drive_estimated", "estimated": true}, "geometry": {"type": "LineString", "coordinates": [[110.37010514084454, -7.789256599640282], [110.3698151, -7.789444], [110.3698662, -7.7894225], [110.3700712, -7.7892839], [110.3704924, -7.7889944], [110.3713342, -7.7884179], [110.3714903, -7.7883123], [110.3715791, -7.7882568], [110.371703, -7.7881835], [110.3717716, -7.7881471], [110.3718438, -7.7881106], [110.3719488, -7.7880657], [110.3721709, -7.787984], [110.3722698, -7.7879509], [110.3723458, -7.7879285], [110.3724303, -7.7879104], [110.3725181, -7.7878936], [110.3726104, -7.7878797], [110.3727041, -7.7878671], [110.3730853, -7.7878434], [110.3731108, -7.787834], [110.3731332, -7.7878159], [110.3731489, -7.7877921], [110.3731609, -7.7877585], [110.3731794, -7.7876642], [110.3731687, -7.7874495], [110.3731671, -7.7873097], [110.3731711, -7.7872518], [110.3731786, -7.7871889], [110.3731917, -7.7871294], [110.3732062, -7.7870772], [110.3732217, -7.7870301], [110.3732393, -7.7869883], [110.3732625, -7.7869464], [110.3732872, -7.7869202], [110.3733179, -7.7868893], [110.3734534, -7.7868662], [110.3735448, -7.786853], [110.3736312, -7.786844], [110.3737159, -7.7868399], [110.3738018, -7.7868371], [110.3738659, -7.7868398], [110.373933, -7.7868447], [110.3740135, -7.7868535], [110.3740844, -7.786861], [110.3741459, -7.7868678], [110.374229, -7.7868774], [110.3742863, -7.786887], [110.374336, -7.7868972], [110.3743875, -7.7869105], [110.3744433, -7.7869274], [110.3745136, -7.7869497], [110.3746355, -7.7869914], [110.3747331, -7.7870306], [110.374825, -7.7870728], [110.3749137, -7.7871216], [110.3750088, -7.7871858], [110.3751514, -7.7872986], [110.375171, -7.7873119], [110.3752026, -7.7873467], [110.3752235, -7.7873774], [110.375241, -7.7874106], [110.3752505, -7.7874441], [110.3752556, -7.7874797], [110.3752576, -7.7875249], [110.3752536, -7.787571], [110.3752463, -7.7876139], [110.3752319, -7.7876675], [110.3751657, -7.7877883], [110.3750712, -7.7879606], [110.375022, -7.7880503], [110.374864, -7.7883515], [110.374832, -7.7883869], [110.3747934, -7.7884173], [110.37473, -7.7884592], [110.374664, -7.7884961], [110.3745943, -7.7885256], [110.3745316, -7.7885458], [110.3744613, -7.788561], [110.3743841, -7.7885693], [110.3742929, -7.7885758], [110.3741994, -7.788573], [110.3740572, -7.7885634], [110.3739748, -7.7885526], [110.3738854, -7.7885252], [110.3735805, -7.7884292], [110.3735076, -7.7883998], [110.3734461, -7.7883739], [110.3733895, -7.7883422], [110.3733434, -7.7883054], [110.3733048, -7.7882636], [110.3732715, -7.7882185], [110.3732434, -7.7881618], [110.3732263, -7.7881088], [110.3732127, -7.78804], [110.3732, -7.7880031], [110.3731846, -7.7879755], [110.3731619, -7.7879506], [110.3731341, -7.7879314], [110.3730977, -7.7879179], [110.3730548, -7.7879088], [110.373004, -7.7879077], [110.3727092, -7.7879261], [110.3726243, -7.787938], [110.3725341, -7.7879516], [110.3724574, -7.7879657], [110.3723765, -7.7879833], [110.3722925, -7.7880073], [110.3722055, -7.788036], [110.3721258, -7.7880648], [110.3720347, -7.7880989], [110.3719533, -7.7881319], [110.3718587, -7.788176], [110.371789, -7.7882102], [110.3717229, -7.7882454], [110.3716389, -7.7882917], [110.3715577, -7.7883434], [110.3713694, -7.7884671], [110.3705235, -7.7890492], [110.3701368, -7.789316], [110.3699183, -7.789464], [110.3698672, -7.7894919], [110.3698137, -7.7895153], [110.369749, -7.7895358], [110.3696885, -7.7895488], [110.3696511, -7.7895539], [110.3694199, -7.7895803], [110.3693737, -7.7895878], [110.3693287, -7.789598], [110.3692311, -7.7896302], [110.3691749, -7.7896622], [110.3691291, -7.7897095], [110.3690921, -7.7897588], [110.369062, -7.789794], [110.3690206, -7.7898214], [110.368995, -7.7898164], [110.3689599, -7.7897878], [110.368927, -7.7897589], [110.3686246, -7.7897113], [110.368582, -7.7897039], [110.3685571, -7.7897097], [110.3685417, -7.7897325], [110.3685309, -7.7897989], [110.3685265, -7.789833], [110.3685214, -7.7898615], [110.3685065, -7.7899463], [110.3684999, -7.7899717], [110.3684705, -7.7900554], [110.3684521, -7.7901044], [110.3684024, -7.7902199], [110.3683503, -7.7903239], [110.3683311, -7.7903461], [110.368312, -7.7903607], [110.3682833, -7.7903766], [110.3682555, -7.790386], [110.3682143, -7.7903915], [110.3681758, -7.7903928], [110.3681377, -7.7903919], [110.3681058, -7.7903889], [110.368076, -7.7903823], [110.3680021, -7.790353], [110.367956, -7.7903025], [110.3679303, -7.7902786], [110.3679051, -7.7902629], [110.3676698, -7.7901607], [110.3676355, -7.7901528], [110.367602, -7.790148], [110.3673772, -7.7901352], [110.3668984, -7.7901076], [110.3668177, -7.7901032], [110.3667364, -7.7900986], [110.3666589, -7.7901187], [110.3666321, -7.7901222], [110.3666062, -7.7901229], [110.3663424, -7.7901111], [110.3662409, -7.790106], [110.3662051, -7.7901043], [110.3661948, -7.7901049], [110.3661847, -7.7901092], [110.3661761, -7.7901165], [110.3661701, -7.790125], [110.3661661, -7.7901355], [110.366114, -7.7905501], [110.3660791, -7.7908276], [110.3660387, -7.7911494], [110.3660157, -7.7913323], [110.3659763, -7.7916462], [110.3659611, -7.7917676], [110.36611832728073, -7.790937054153417]]}}, {"type": "Feature", "properties": {"route_id": "8", "from_stop_sequence": 22, "to_stop_sequence": 23, "from_activity_id": "6a854da0bbd0aa678bab5d44", "to_activity_id": "6a85506ebbd0aa678bab6390", "distance_m": 476.2677190200377, "source": "osm_drive_estimated", "estimated": true}, "geometry": {"type": "LineString", "coordinates": [[110.36611832728073, -7.790937054153417], [110.3659611, -7.7917676], [110.3659265, -7.7920425], [110.3658892, -7.7923395], [110.3658511, -7.792643], [110.3657116, -7.7937547], [110.3656783, -7.7940203], [110.36559857460782, -7.795185718747462]]}}, {"type": "Feature", "properties": {"route_id": "8", "from_stop_sequence": 23, "to_stop_sequence": 24, "from_activity_id": "6a85506ebbd0aa678bab6390", "to_activity_id": "6a8555e83dbe4dacc7849c7a", "distance_m": 789.2145458063991, "source": "osm_drive_estimated", "estimated": true}, "geometry": {"type": "LineString", "coordinates": [[110.36559857460782, -7.795185718747462], [110.3656783, -7.7940203], [110.3656488, -7.7942553], [110.365528, -7.795218], [110.365448, -7.7958554], [110.3653845, -7.7963616], [110.3652559, -7.7974366], [110.3651367, -7.7983519], [110.3651059, -7.7985886], [110.3650744, -7.7988304], [110.3650428, -7.7990731], [110.364989, -7.7994861], [110.3649645, -7.799674], [110.36499709175035, -7.79990342392729]]}}, {"type": "Feature", "properties": {"route_id": "8", "from_stop_sequence": 24, "to_stop_sequence": 25, "from_activity_id": "6a8555e83dbe4dacc7849c7a", "to_activity_id": "6a855e58bbd0aa678bab72c7", "distance_m": 764.1996041567986, "source": "osm_drive_estimated", "estimated": true}, "geometry": {"type": "LineString", "coordinates": [[110.36499709175035, -7.79990342392729], [110.3649645, -7.799674], [110.3649435, -7.7998427], [110.3648985, -7.8002039], [110.3648936, -7.8002437], [110.3648289, -7.8007629], [110.364814, -7.800883], [110.364792, -7.8010596], [110.3647891, -7.8010829], [110.3647786, -7.8011672], [110.3647527, -7.8013747], [110.3644546, -7.8013651], [110.3644284, -7.8013642], [110.3634928, -7.8013306], [110.3633322, -7.8013249], [110.3625068, -7.8012953], [110.3624188, -7.8012921], [110.3621559, -7.8012827], [110.3620292, -7.8012782], [110.3619047, -7.8012779], [110.3616409, -7.8012534], [110.3614848, -7.8012428], [110.361012, -7.801217], [110.3608454, -7.8012071], [110.3606337, -7.8012012], [110.3604445, -7.8011962], [110.3602274, -7.8011905], [110.3601798, -7.8011892], [110.3599674, -7.8011837], [110.36014288772952, -7.801236698318434]]}}, {"type": "Feature", "properties": {"route_id": "8", "from_stop_sequence": 25, "to_stop_sequence": 26, "from_activity_id": "6a855e58bbd0aa678bab72c7", "to_activity_id": "6a856e91bbd0aa678bab879c", "distance_m": 764.3244901045865, "source": "osm_drive_estimated", "estimated": true}, "geometry": {"type": "LineString", "coordinates": [[110.36014288772952, -7.801236698318434], [110.3599674, -7.8011837], [110.3593269, -7.8011789], [110.3592095, -7.8011747], [110.3579919, -7.8011633], [110.3567211, -7.8011515], [110.356683, -7.8011505], [110.3566362, -7.8011493], [110.3566051, -7.8011485], [110.3564715, -7.8011474], [110.3564655, -7.8013438], [110.3564648, -7.8013696], [110.3564255, -7.8027625], [110.3564248, -7.8028136], [110.3564189, -7.8031897], [110.3564138, -7.8034357], [110.3562815, -7.8034363], [110.3562582, -7.8034449], [110.3562413, -7.803456], [110.35623, -7.8034734], [110.3562238, -7.8034984], [110.3562199, -7.8036345], [110.3562113, -7.8039838], [110.35626401421268, -7.803758428469791]]}}, {"type": "Feature", "properties": {"route_id": "8", "from_stop_sequence": 26, "to_stop_sequence": 27, "from_activity_id": "6a856e91bbd0aa678bab879c", "to_activity_id": "6a855e58bbd0aa678bab72c7", "distance_m": 764.3244901045865, "source": "osm_drive_estimated", "estimated": true}, "geometry": {"type": "LineString", "coordinates": [[110.35626401421268, -7.803758428469791], [110.3562113, -7.8039838], [110.3562199, -7.8036345], [110.3562238, -7.8034984], [110.35623, -7.8034734], [110.3562413, -7.803456], [110.3562582, -7.8034449], [110.3562815, -7.8034363], [110.3564138, -7.8034357], [110.3564189, -7.8031897], [110.3564248, -7.8028136], [110.3564255, -7.8027625], [110.3564648, -7.8013696], [110.3564655, -7.8013438], [110.3564715, -7.8011474], [110.3566051, -7.8011485], [110.3566362, -7.8011493], [110.356683, -7.8011505], [110.3567211, -7.8011515], [110.3579919, -7.8011633], [110.3592095, -7.8011747], [110.3593269, -7.8011789], [110.3599674, -7.8011837], [110.36014288772952, -7.801236698318434]]}}, {"type": "Feature", "properties": {"route_id": "8", "from_stop_sequence": 27, "to_stop_sequence": 28, "from_activity_id": "6a855e58bbd0aa678bab72c7", "to_activity_id": "6a8a88b40d6732db988bfbb8", "distance_m": 506.65008065890567, "source": "osm_drive_estimated", "estimated": true}, "geometry": {"type": "LineString", "coordinates": [[110.36014288772952, -7.801236698318434], [110.3599674, -7.8011837], [110.3601798, -7.8011892], [110.3602274, -7.8011905], [110.3604445, -7.8011962], [110.3606337, -7.8012012], [110.3608454, -7.8012071], [110.361012, -7.801217], [110.3614848, -7.8012428], [110.3616409, -7.8012534], [110.3619047, -7.8012779], [110.3620292, -7.8012782], [110.3620348, -7.8011025], [110.362039, -7.800971], [110.3620637, -7.8002043], [110.3620693, -7.8000307], [110.3620857, -7.7995212], [110.36209, -7.7993859], [110.3620968, -7.7991748], [110.36208001256682, -7.799398820735533]]}}, {"type": "Feature", "properties": {"route_id": "8", "from_stop_sequence": 28, "to_stop_sequence": 29, "from_activity_id": "6a8a88b40d6732db988bfbb8", "to_activity_id": "6a8a8a110d6732db988bfe24", "distance_m": 400.0257422201485, "source": "osm_drive_estimated", "estimated": true}, "geometry": {"type": "LineString", "coordinates": [[110.36208001256682, -7.799398820735533], [110.3620968, -7.7991748], [110.3621366, -7.7984505], [110.3621406, -7.7981323], [110.3621428, -7.7978363], [110.3621351, -7.7976402], [110.362149, -7.7971658], [110.3621715, -7.7968187], [110.3621694, -7.7967146], [110.3621662, -7.7964945], [110.3621554, -7.7963667], [110.3621482, -7.7963089], [110.3621422, -7.7962647], [110.3621322, -7.7962233], [110.3621176, -7.7961872], [110.3621028, -7.7961594], [110.3620769, -7.7961284], [110.3620474, -7.7960983], [110.3620079, -7.7960669], [110.3618854, -7.7959903], [110.36181950219066, -7.7960169118630205]]}}, {"type": "Feature", "properties": {"route_id": "8", "from_stop_sequence": 34, "to_stop_sequence": 35, "from_activity_id": "6a8ba82fa4262ae1033d0be2", "to_activity_id": "6a8824323be68806657354c9", "distance_m": 1000.0939444217453, "source": "osm_drive_estimated", "estimated": true}, "geometry": {"type": "LineString", "coordinates": [[110.3598915994072, -7.786639735892905], [110.3599521, -7.7867931], [110.3597391, -7.7871503], [110.3597152, -7.7872263], [110.3596782, -7.7875199], [110.3596708, -7.7875555], [110.3596566, -7.787589], [110.359636, -7.7876191], [110.3596098, -7.7876446], [110.3595792, -7.7876646], [110.3595476, -7.7876775], [110.3595142, -7.7876845], [110.3594801, -7.7876854], [110.3594463, -7.7876801], [110.3594115, -7.7876677], [110.3593799, -7.7876487], [110.3593526, -7.7876239], [110.3593309, -7.7875942], [110.3593154, -7.7875609], [110.3593069, -7.7875252], [110.3593056, -7.7874886], [110.3593116, -7.7874524], [110.3593237, -7.7874202], [110.3593415, -7.7873907], [110.3593646, -7.7873651], [110.359392, -7.787344], [110.3594229, -7.7873284], [110.359568, -7.7871841], [110.3596507, -7.7870872], [110.3598685, -7.7867412], [110.3600605, -7.7864433], [110.3604505, -7.7857103], [110.3606567, -7.7853228], [110.36069, -7.7852313], [110.3607032, -7.7851472], [110.3607061, -7.7848916], [110.3607067, -7.7848342], [110.3607408, -7.7839367], [110.3607867, -7.7830353], [110.3607877, -7.783011], [110.3607898, -7.7828855], [110.3605919, -7.7828854], [110.3600934, -7.7828782], [110.3596161, -7.7828712], [110.3595039, -7.7828693], [110.3592342, -7.7828639], [110.3590326, -7.7828474], [110.3589093, -7.7828433], [110.3588147, -7.7828424], [110.3587222, -7.7828415], [110.3585895, -7.7828402], [110.35884881664526, -7.782752724266089]]}}, {"type": "Feature", "properties": {"route_id": "8", "from_stop_sequence": 35, "to_stop_sequence": 36, "from_activity_id": "6a8824323be68806657354c9", "to_activity_id": "6a8822233be6880665734fc9", "distance_m": 395.481712090086, "source": "osm_drive_estimated", "estimated": true}, "geometry": {"type": "LineString", "coordinates": [[110.35884881664526, -7.782752724266089], [110.3585895, -7.7828402], [110.3583811, -7.7828438], [110.3581661, -7.7828477], [110.3581464, -7.7828481], [110.3579963, -7.7828508], [110.3579129, -7.7828412], [110.3578481, -7.7828342], [110.3577663, -7.7828241], [110.3574152, -7.7827808], [110.3569163, -7.7826765], [110.3567866, -7.7826476], [110.3561382, -7.782503], [110.3557456, -7.7824149], [110.3557751, -7.7823283], [110.3560319, -7.7823891], [110.35596291688137, -7.782405022552254]]}}, {"type": "Feature", "properties": {"route_id": "8", "from_stop_sequence": 47, "to_stop_sequence": 48, "from_activity_id": "6a88161e3be68806657340a3", "to_activity_id": "6a88121d3be6880665733ccf", "distance_m": 2936.9863345655785, "source": "osm_drive_estimated", "estimated": true}, "geometry": {"type": "LineString", "coordinates": [[110.34117041124347, -7.749276526847169], [110.3411762, -7.7491788], [110.3421408, -7.749985], [110.3423801, -7.7501379], [110.3425391, -7.7502317], [110.3426486, -7.7502595], [110.3428954, -7.7502913], [110.3429584, -7.7502827], [110.3431425, -7.7502505], [110.3433644, -7.7501891], [110.3441206, -7.750232], [110.3443487, -7.7502141], [110.3444106, -7.7502086], [110.3444991, -7.7502106], [110.3446425, -7.7497229], [110.3454141, -7.7498718], [110.3454811, -7.7496901], [110.3455585, -7.7495475], [110.3455897, -7.7495312], [110.345641, -7.7495339], [110.3456886, -7.7495362], [110.3460708, -7.7496073], [110.3461437, -7.7496334], [110.3465124, -7.7497259], [110.3466354, -7.7497568], [110.3467132, -7.7497395], [110.3467783, -7.7497322], [110.3469199, -7.7497319], [110.3471249, -7.7497508], [110.347308, -7.7498033], [110.3473858, -7.7498452], [110.3475534, -7.749897], [110.3477281, -7.7499509], [110.3479422, -7.7499931], [110.3480155, -7.7496333], [110.3481649, -7.7488223], [110.3482121, -7.7485963], [110.3482553, -7.7483693], [110.3482837, -7.7482281], [110.3484132, -7.7475356], [110.3484567, -7.7472661], [110.3487206, -7.7458549], [110.3488245, -7.7453636], [110.3488469, -7.7452624], [110.3488536, -7.7452381], [110.3489117, -7.7449803], [110.3489335, -7.74489], [110.3489668, -7.744748], [110.349135, -7.7448002], [110.3494735, -7.7449052], [110.3496312, -7.744951], [110.3498574, -7.744997], [110.3508747, -7.7452978], [110.3526853, -7.7458636], [110.3530531, -7.7459818], [110.3537574, -7.7462072], [110.3547327, -7.7465207], [110.3550345, -7.746616], [110.3561823, -7.7469806], [110.3566581, -7.7471245], [110.3572724, -7.7473078], [110.3575648, -7.7473887], [110.3584065, -7.747626], [110.3586462, -7.7476842], [110.3586732, -7.7475915], [110.3584385, -7.7475081], [110.3584116, -7.747503], [110.3583852, -7.7475048], [110.358362, -7.7475197], [110.3583436, -7.7475399], [110.3583261, -7.7475658], [110.3581438, -7.7477924], [110.3581401, -7.7478027], [110.3581414, -7.7478184], [110.3581967, -7.7478844], [110.3583147, -7.7479289], [110.3584157, -7.7479618], [110.3584551, -7.7478383], [110.3583429, -7.7478069], [110.3574997, -7.7475674], [110.3572042, -7.7474862], [110.3571592, -7.7474739], [110.3571233, -7.7474239], [110.3570743, -7.7473882], [110.35658642659928, -7.747408105067673]]}}, {"type": "Feature", "properties": {"route_id": "8", "from_stop_sequence": 48, "to_stop_sequence": 49, "from_activity_id": "6a88121d3be6880665733ccf", "to_activity_id": "6a82732138bb192425f47850", "distance_m": 2227.0316839888505, "source": "osm_drive_estimated", "estimated": true}, "geometry": {"type": "LineString", "coordinates": [[110.35658642659928, -7.747408105067673], [110.3570743, -7.7473882], [110.3564884, -7.7472109], [110.3544913, -7.7465832], [110.3542003, -7.7464917], [110.3537163, -7.7463322], [110.3530112, -7.7461091], [110.3526311, -7.7459872], [110.3508337, -7.7454355], [110.3501661, -7.7452348], [110.3501925, -7.7451467], [110.3508591, -7.7453454], [110.3526558, -7.7459154], [110.3530348, -7.7460372], [110.3537402, -7.7462596], [110.3542221, -7.74642], [110.3547149, -7.7465715], [110.3566293, -7.7471768], [110.3572548, -7.747366], [110.3575326, -7.7474437], [110.3583859, -7.7476728], [110.3586243, -7.7477376], [110.3592427, -7.7479176], [110.3594167, -7.7479691], [110.3595827, -7.74802], [110.3599202, -7.7481378], [110.3601658, -7.7481937], [110.3601656, -7.7481139], [110.3601707, -7.7479544], [110.3601751, -7.7477472], [110.3602109, -7.7475736], [110.3602594, -7.7474095], [110.360306, -7.7472854], [110.3603446, -7.7472912], [110.3604502, -7.747333], [110.3605459, -7.747372], [110.3606272, -7.7474096], [110.36128820793846, -7.747511361346895]]}}, {"type": "Feature", "properties": {"route_id": "9", "from_stop_sequence": 1, "to_stop_sequence": 2, "from_activity_id": "6a8d6eb952d86e03b51ac23f", "to_activity_id": "6a8d37e352d86e03b51a8a8b", "distance_m": 1900.9825593292906, "source": "osm_drive_estimated", "estimated": true}, "geometry": {"type": "LineString", "coordinates": [[110.39183977163486, -7.834127418517099], [110.3918521, -7.833002], [110.3913043, -7.8329336], [110.3913254, -7.8330362], [110.3913579, -7.8332667], [110.3913787, -7.8333026], [110.3913784, -7.8333398], [110.391378, -7.8334016], [110.3913876, -7.8335239], [110.3913876, -7.8335805], [110.3913669, -7.8339623], [110.3913505, -7.8339845], [110.3913193, -7.8339964], [110.390663, -7.8339602], [110.3907045, -7.8340061], [110.3907237, -7.8340273], [110.390849, -7.8343007], [110.3908858, -7.8343892], [110.3909366, -7.8345113], [110.3910129, -7.8346948], [110.3910394, -7.8347484], [110.3912432, -7.8351888], [110.3916584, -7.8360799], [110.3917115, -7.8361938], [110.3917313, -7.8362363], [110.3917642, -7.8363069], [110.391834, -7.8364543], [110.3918786, -7.8365527], [110.3917542, -7.8365453], [110.391533, -7.8365316], [110.3913697, -7.8365215], [110.391254, -7.836549], [110.3911752, -7.836558], [110.3908838, -7.8365321], [110.3905834, -7.8365214], [110.3904225, -7.8364816], [110.3903072, -7.8364431], [110.3901301, -7.836368], [110.3899625, -7.8362883], [110.3897868, -7.8361813], [110.3896151, -7.8360578], [110.3894918, -7.8359475], [110.3893818, -7.8358239], [110.389308, -7.8357362], [110.3891927, -7.8355516], [110.3890935, -7.8353603], [110.3889567, -7.8350321], [110.3888413, -7.8347757], [110.3887998, -7.834692], [110.3887287, -7.8345897], [110.3886482, -7.834494], [110.3885369, -7.8343837], [110.3884323, -7.8342907], [110.3883491, -7.834227], [110.3882244, -7.8341592], [110.3880648, -7.8341034], [110.3879307, -7.8340755], [110.3877678, -7.8340749], [110.3876826, -7.8340702], [110.3870147, -7.8340888], [110.3865406, -7.8340868], [110.3864756, -7.8340915], [110.3861484, -7.8341207], [110.3860463, -7.8341294], [110.3857622, -7.8341818], [110.3854671, -7.8342575], [110.3851815, -7.8343492], [110.3844299, -7.8345992], [110.3840852, -7.8347286], [110.3838983, -7.8347988], [110.3837378, -7.8348591], [110.3832181, -7.835072], [110.3828989, -7.8351836], [110.382691, -7.83525], [110.38305739882435, -7.835201499990965]]}}, {"type": "Feature", "properties": {"route_id": "9", "from_stop_sequence": 2, "to_stop_sequence": 3, "from_activity_id": "6a8d37e352d86e03b51a8a8b", "to_activity_id": "6a8d399552d86e03b51a8e6c", "distance_m": 1047.950972858838, "source": "osm_drive_estimated", "estimated": true}, "geometry": {"type": "LineString", "coordinates": [[110.38305739882435, -7.835201499990965], [110.382691, -7.83525], [110.3824776, -7.8353043], [110.3822035, -7.8353652], [110.381193, -7.8355762], [110.3805962, -7.8357137], [110.3799176, -7.8358425], [110.3792544, -7.8359681], [110.3790371, -7.8360111], [110.3787212, -7.8360761], [110.377906, -7.8362597], [110.377446, -7.8363404], [110.3771241, -7.8364139], [110.3766815, -7.8364882], [110.3764039, -7.8365135], [110.3758836, -7.8365121], [110.3757669, -7.8364976], [110.3756237, -7.8364431], [110.3755925, -7.8364412], [110.3751943, -7.8364257], [110.3749019, -7.8364072], [110.374502, -7.8363908], [110.3744226, -7.8363865], [110.3742545, -7.8363775], [110.3740733, -7.8363679], [110.3740054, -7.8363643], [110.3737421, -7.836348], [110.37376259705007, -7.8363931103692295]]}}, {"type": "Feature", "properties": {"route_id": "9", "from_stop_sequence": 9, "to_stop_sequence": 10, "from_activity_id": "6a856ccabbd0aa678bab85c4", "to_activity_id": "6a856e91bbd0aa678bab879c", "distance_m": 744.2506538995142, "source": "osm_drive_estimated", "estimated": true}, "geometry": {"type": "LineString", "coordinates": [[110.35606982877533, -7.807940761615626], [110.356391, -7.8076058], [110.3563856, -7.8078632], [110.356362, -7.8086423], [110.3561761, -7.8086263], [110.3560625, -7.8086167], [110.3560702, -7.8084178], [110.3560834, -7.8080796], [110.3560877, -7.8079701], [110.3560846, -7.8070141], [110.3561505, -7.8053919], [110.3561734, -7.8049133], [110.3561821, -7.8045055], [110.3561889, -7.804454], [110.3561663, -7.804433], [110.3561512, -7.8044184], [110.3561398, -7.8044031], [110.3561331, -7.8043805], [110.3561305, -7.8043536], [110.3562113, -7.8039838], [110.35626401421268, -7.803758428469791]]}}, {"type": "Feature", "properties": {"route_id": "9", "from_stop_sequence": 10, "to_stop_sequence": 11, "from_activity_id": "6a856e91bbd0aa678bab879c", "to_activity_id": "6a8d470c52d86e03b51aa113", "distance_m": 698.0168601211125, "source": "osm_drive_estimated", "estimated": true}, "geometry": {"type": "LineString", "coordinates": [[110.35626401421268, -7.803758428469791], [110.3562113, -7.8039838], [110.3562199, -7.8036345], [110.3562238, -7.8034984], [110.35623, -7.8034734], [110.3562413, -7.803456], [110.3562582, -7.8034449], [110.3562815, -7.8034363], [110.3564138, -7.8034357], [110.3564189, -7.8031897], [110.3564248, -7.8028136], [110.3564255, -7.8027625], [110.3564648, -7.8013696], [110.3564655, -7.8013438], [110.3564715, -7.8011474], [110.3564234, -7.801145], [110.3562964, -7.8011385], [110.3562385, -7.8011356], [110.3561915, -7.8011334], [110.3561655, -7.8011322], [110.3561234, -7.8011293], [110.3561024, -7.8011281], [110.355883, -7.8011156], [110.3555242, -7.8010973], [110.3549455, -7.8010677], [110.3549161, -7.8010662], [110.3548289, -7.8010653], [110.3546722, -7.8010645], [110.3545861, -7.8010636], [110.3545547, -7.8010633], [110.3544394, -7.8010621], [110.3538166, -7.8010558], [110.3542366775277, -7.801076533486338]]}}, {"type": "Feature", "properties": {"route_id": "9", "from_stop_sequence": 14, "to_stop_sequence": 15, "from_activity_id": "6a8ba82fa4262ae1033d0be2", "to_activity_id": "6a86caf989acf23707a36360", "distance_m": 1088.4537916938534, "source": "osm_drive_estimated", "estimated": true}, "geometry": {"type": "LineString", "coordinates": [[110.3598915994072, -7.786639735892905], [110.3599521, -7.7867931], [110.3597391, -7.7871503], [110.3597152, -7.7872263], [110.3596782, -7.7875199], [110.3596708, -7.7875555], [110.3596566, -7.787589], [110.359636, -7.7876191], [110.3596098, -7.7876446], [110.3595792, -7.7876646], [110.3595476, -7.7876775], [110.3595142, -7.7876845], [110.3594801, -7.7876854], [110.3594463, -7.7876801], [110.3594115, -7.7876677], [110.3593799, -7.7876487], [110.3593526, -7.7876239], [110.3593309, -7.7875942], [110.3593154, -7.7875609], [110.3593069, -7.7875252], [110.3593056, -7.7874886], [110.3593116, -7.7874524], [110.3593237, -7.7874202], [110.3593415, -7.7873907], [110.3593646, -7.7873651], [110.359392, -7.787344], [110.3594229, -7.7873284], [110.359568, -7.7871841], [110.3596507, -7.7870872], [110.3598685, -7.7867412], [110.3600605, -7.7864433], [110.3604505, -7.7857103], [110.3606567, -7.7853228], [110.36069, -7.7852313], [110.3607032, -7.7851472], [110.3607061, -7.7848916], [110.3607067, -7.7848342], [110.3607408, -7.7839367], [110.3607867, -7.7830353], [110.3607877, -7.783011], [110.3607898, -7.7828855], [110.3607794, -7.782879], [110.3607635, -7.7828632], [110.360754, -7.782843], [110.360752, -7.7828208], [110.3607537, -7.7828105], [110.3607578, -7.7827992], [110.3607668, -7.7827854], [110.3607696, -7.7827172], [110.3607757, -7.7825616], [110.3607856, -7.7821823], [110.3608397, -7.7811467], [110.3608712, -7.7807316], [110.360885, -7.7803677], [110.3608978, -7.7800643], [110.3609635, -7.7800613], [110.36100149127998, -7.7797239601825225]]}}, {"type": "Feature", "properties": {"route_id": "9", "from_stop_sequence": 15, "to_stop_sequence": 16, "from_activity_id": "6a86caf989acf23707a36360", "to_activity_id": "6a828a6a9870dcf66e4567b3", "distance_m": 683.0438215226118, "source": "osm_drive_estimated", "estimated": true}, "geometry": {"type": "LineString", "coordinates": [[110.36100149127998, -7.7797239601825225], [110.3609635, -7.7800613], [110.3608978, -7.7800643], [110.3609043, -7.7799094], [110.3609073, -7.7798372], [110.3609102, -7.7797684], [110.3609136, -7.7796879], [110.3609352, -7.7792917], [110.3609551, -7.7789282], [110.360958, -7.7786313], [110.3609632, -7.7785082], [110.360967, -7.778419], [110.3609722, -7.7782942], [110.3609845, -7.7781302], [110.3610027, -7.7774486], [110.3610067, -7.7772453], [110.3610255, -7.7767762], [110.361062, -7.7762374], [110.3610751, -7.7759913], [110.3611047, -7.7756615], [110.3611434, -7.7748984], [110.3611964, -7.7749041], [110.36125270180361, -7.774394363918574]]}}, {"type": "Feature", "properties": {"route_id": "9", "from_stop_sequence": 16, "to_stop_sequence": 17, "from_activity_id": "6a828a6a9870dcf66e4567b3", "to_activity_id": "6a8287f89870dcf66e45637e", "distance_m": 468.3145961107846, "source": "osm_drive_estimated", "estimated": true}, "geometry": {"type": "LineString", "coordinates": [[110.36125270180361, -7.774394363918574], [110.3611964, -7.7749041], [110.3611434, -7.7748984], [110.361175, -7.7737185], [110.3612156, -7.7729207], [110.3612376, -7.7724284], [110.3612386, -7.7723974], [110.3612933, -7.7715493], [110.36120706604345, -7.7718298755167226]]}}, {"type": "Feature", "properties": {"route_id": "9", "from_stop_sequence": 17, "to_stop_sequence": 18, "from_activity_id": "6a8287f89870dcf66e45637e", "to_activity_id": "6a82820238bb192425f486c2", "distance_m": 729.0104048840226, "source": "osm_drive_estimated", "estimated": true}, "geometry": {"type": "LineString", "coordinates": [[110.36120706604345, -7.7718298755167226], [110.3612933, -7.7715493], [110.3613028, -7.7715017], [110.3613227, -7.7714286], [110.3613287, -7.7711627], [110.3613612, -7.7704837], [110.361366, -7.7704001], [110.3613672, -7.7703785], [110.3613679, -7.770367], [110.3613385, -7.7702951], [110.3613717, -7.7697034], [110.3614362, -7.7686054], [110.3614627, -7.7681778], [110.3614782, -7.7679172], [110.3614888, -7.7676853], [110.3615109, -7.7671146], [110.3615299, -7.766571], [110.361531, -7.7665431], [110.3615606, -7.7658154], [110.3617426750921, -7.765335064352419]]}}, {"type": "Feature", "properties": {"route_id": "9", "from_stop_sequence": 18, "to_stop_sequence": 19, "from_activity_id": "6a82820238bb192425f486c2", "to_activity_id": "6a827b319870dcf66e45516e", "distance_m": 1105.5476662902736, "source": "osm_drive_estimated", "estimated": true}, "geometry": {"type": "LineString", "coordinates": [[110.3617426750921, -7.765335064352419], [110.3615606, -7.7658154], [110.3615831, -7.7652623], [110.3615937, -7.7650021], [110.3616012, -7.7648179], [110.3616172, -7.7644263], [110.3616357, -7.7639378], [110.3616405, -7.7638058], [110.361662, -7.7633247], [110.3616929, -7.762567], [110.36174, -7.7614114], [110.3617428, -7.7613417], [110.3617507, -7.7612344], [110.3617841, -7.7604899], [110.3618434, -7.759599], [110.3618656, -7.7592482], [110.3618868, -7.7587368], [110.3619028, -7.758427], [110.3619036, -7.7584123], [110.3619174, -7.7581716], [110.3619421, -7.7576307], [110.361977, -7.7569664], [110.36206630764042, -7.756402966070512]]}}, {"type": "Feature", "properties": {"route_id": "9", "from_stop_sequence": 21, "to_stop_sequence": 22, "from_activity_id": "6a8276c070c999b67933d100", "to_activity_id": "6a82732138bb192425f47850", "distance_m": 1116.859462631247, "source": "osm_drive_estimated", "estimated": true}, "geometry": {"type": "LineString", "coordinates": [[110.36207457674249, -7.753191901082519], [110.3621011, -7.7541997], [110.3621198, -7.7537161], [110.3621259, -7.7535586], [110.3621328, -7.753418], [110.3621387, -7.7532961], [110.3621436, -7.7531773], [110.3621738, -7.7524509], [110.3621796, -7.7523114], [110.362217, -7.7514112], [110.3622385, -7.7508925], [110.3622818, -7.7504011], [110.3623016, -7.7500105], [110.3623171, -7.7497635], [110.3623248, -7.7496012], [110.3623204, -7.7495671], [110.3623105, -7.7495329], [110.3622928, -7.7495027], [110.3622727, -7.7494725], [110.3622036, -7.7494557], [110.3621422, -7.7494201], [110.3620935, -7.7493688], [110.3620616, -7.7493058], [110.3620513, -7.7492624], [110.3620491, -7.7492179], [110.362055, -7.7491737], [110.3620689, -7.7491313], [110.3620904, -7.7490921], [110.3621186, -7.7490574], [110.3621527, -7.7490283], [110.3621915, -7.7490058], [110.3622286, -7.748992], [110.3622527, -7.7488548], [110.3622631, -7.7487853], [110.3622942, -7.7486526], [110.362303, -7.7485386], [110.3623114, -7.7484105], [110.3623143, -7.7483438], [110.3623576, -7.7478124], [110.3617637, -7.7476631], [110.361698, -7.7476479], [110.3610975, -7.7475037], [110.361015, -7.7474846], [110.3606272, -7.7474096], [110.36128820793846, -7.747511361346895]]}}, {"type": "Feature", "properties": {"route_id": "9", "from_stop_sequence": 22, "to_stop_sequence": 23, "from_activity_id": "6a82732138bb192425f47850", "to_activity_id": "6a8abfd40d6732db988c587d", "distance_m": 1755.1701608507565, "source": "osm_drive_estimated", "estimated": true}, "geometry": {"type": "LineString", "coordinates": [[110.36128820793846, -7.747511361346895], [110.3606272, -7.7474096], [110.360734, -7.7477148], [110.3607513, -7.7478877], [110.3607427, -7.7480582], [110.360729, -7.7484166], [110.3614229, -7.7487253], [110.3616479, -7.7488264], [110.3618191, -7.748894], [110.3619671, -7.7489483], [110.361987, -7.7490071], [110.3619862, -7.749069], [110.3619648, -7.7491272], [110.3619252, -7.7491751], [110.3618786, -7.7492034], [110.3617972, -7.7491689], [110.360721, -7.7486881], [110.3606862, -7.7490653], [110.3606788, -7.7491533], [110.360635, -7.7497116], [110.3606098, -7.7501929], [110.3605925, -7.7505233], [110.3605781, -7.7507984], [110.3605543, -7.7512524], [110.3605479, -7.7513743], [110.3604771, -7.7522816], [110.3604515, -7.7523607], [110.3600304, -7.7530995], [110.3599962, -7.7532158], [110.359962, -7.75337], [110.3599392, -7.7536178], [110.359919, -7.7537946], [110.3599083, -7.753938], [110.359915, -7.7540311], [110.3599224, -7.7541334], [110.3602602, -7.7541405], [110.3607635, -7.7541833], [110.3611709, -7.7542039], [110.3614745, -7.7542149], [110.3617126, -7.7542039], [110.3620581, -7.7541998], [110.3621011, -7.7541997], [110.3621198, -7.7537161], [110.3621259, -7.7535586], [110.3621328, -7.753418], [110.3621387, -7.7532961], [110.3621436, -7.7531773], [110.3621738, -7.7524509], [110.3621796, -7.7523114], [110.362217, -7.7514112], [110.3622385, -7.7508925], [110.36238089063244, -7.750937298556053]]}}, {"type": "Feature", "properties": {"route_id": "9", "from_stop_sequence": 25, "to_stop_sequence": 26, "from_activity_id": "6a8279ea70c999b67933d38e", "to_activity_id": "6a82820238bb192425f486c2", "distance_m": 1844.8873999246498, "source": "osm_drive_estimated", "estimated": true}, "geometry": {"type": "LineString", "coordinates": [[110.36207623374708, -7.7561639477196245], [110.3620366, -7.7557537], [110.3619693, -7.7557499], [110.3618772, -7.7557408], [110.3617272, -7.7557277], [110.3616464, -7.7557277], [110.3615231, -7.7557277], [110.3614481, -7.7557155], [110.3614372, -7.756213], [110.361456, -7.7562476], [110.3614912, -7.7562682], [110.3615351, -7.7562814], [110.3615928, -7.7562974], [110.3616109, -7.756312], [110.3616169, -7.7563273], [110.3616115, -7.7563612], [110.3615782, -7.7565035], [110.3615377, -7.7566557], [110.3615082, -7.7567892], [110.3614863, -7.756874], [110.3614452, -7.7570335], [110.3614256, -7.7571093], [110.3614194, -7.7571643], [110.3613567, -7.7575955], [110.3614872, -7.757606], [110.3614787, -7.7576933], [110.361464, -7.7581183], [110.3614536, -7.7583495], [110.3618634, -7.7584191], [110.3619028, -7.758427], [110.3619737, -7.758435], [110.3619571, -7.7587449], [110.3619366, -7.7592637], [110.3619271, -7.7594179], [110.3618361, -7.7611612], [110.361832, -7.7612399], [110.361831, -7.7612549], [110.3618297, -7.7612829], [110.3618265, -7.7613478], [110.3617674, -7.762627], [110.3617361, -7.7633368], [110.3617203, -7.7636932], [110.3617168, -7.7638093], [110.3617104, -7.7639297], [110.3616995, -7.7642472], [110.3616915, -7.7644375], [110.3616834, -7.7647053], [110.3616761, -7.7648058], [110.3616253, -7.7660176], [110.3616153, -7.7662563], [110.3616058, -7.766482], [110.3616021, -7.7665721], [110.3615888, -7.7668084], [110.3615702, -7.7672494], [110.3615432, -7.7679238], [110.3614782, -7.7679172], [110.3614888, -7.7676853], [110.3615109, -7.7671146], [110.3615299, -7.766571], [110.361531, -7.7665431], [110.3615606, -7.7658154], [110.3617426750921, -7.765335064352419]]}}, {"type": "Feature", "properties": {"route_id": "9", "from_stop_sequence": 26, "to_stop_sequence": 27, "from_activity_id": "6a82820238bb192425f486c2", "to_activity_id": "6a8287f89870dcf66e45637e", "distance_m": 1047.1929004359963, "source": "osm_drive_estimated", "estimated": true}, "geometry": {"type": "LineString", "coordinates": [[110.3617426750921, -7.765335064352419], [110.3615606, -7.7658154], [110.3613054, -7.7658167], [110.3608979, -7.7658543], [110.3607553, -7.7658739], [110.3604552, -7.7659152], [110.3602287, -7.7659729], [110.3601612, -7.7662637], [110.3600677, -7.7666813], [110.3599987, -7.7669575], [110.3599687, -7.7673007], [110.3599349, -7.7674712], [110.3599103, -7.7678128], [110.3598872, -7.7680351], [110.3598825, -7.7687686], [110.3598547, -7.7691439], [110.3598343, -7.7695373], [110.3598346, -7.7700367], [110.3598078, -7.7705256], [110.3606484, -7.7705727], [110.3607666, -7.7705772], [110.3608887, -7.7705562], [110.3609665, -7.7705217], [110.3610483, -7.7704845], [110.3611153, -7.7704725], [110.3613612, -7.7704837], [110.3613287, -7.7711627], [110.3613227, -7.7714286], [110.361348, -7.7715113], [110.3613521, -7.7715521], [110.3612933, -7.7715493], [110.36120706604345, -7.7718298755167226]]}}, {"type": "Feature", "properties": {"route_id": "9", "from_stop_sequence": 27, "to_stop_sequence": 28, "from_activity_id": "6a8287f89870dcf66e45637e", "to_activity_id": "6a86caf989acf23707a36360", "distance_m": 1024.0877909901365, "source": "osm_drive_estimated", "estimated": true}, "geometry": {"type": "LineString", "coordinates": [[110.36120706604345, -7.7718298755167226], [110.3612933, -7.7715493], [110.3613521, -7.7715521], [110.3612943, -7.7724282], [110.3612813, -7.7727789], [110.3612591, -7.7733544], [110.3612352, -7.7740987], [110.3612131, -7.774551], [110.3612029, -7.7747718], [110.3611964, -7.7749041], [110.3611785, -7.7753997], [110.3611133, -7.776383], [110.3610983, -7.7767664], [110.361073, -7.7772457], [110.3610687, -7.7774402], [110.3610585, -7.7780996], [110.3610569, -7.7781315], [110.3610558, -7.7781527], [110.3610489, -7.7782925], [110.3610385, -7.7785078], [110.3610025, -7.7792405], [110.3609823, -7.7796448], [110.3609708, -7.7799087], [110.3609635, -7.7800613], [110.36100149127998, -7.7797239601825225]]}}, {"type": "Feature", "properties": {"route_id": "9", "from_stop_sequence": 28, "to_stop_sequence": 29, "from_activity_id": "6a86caf989acf23707a36360", "to_activity_id": "6a8a7c760d6732db988bef49", "distance_m": 935.6453743142848, "source": "osm_drive_estimated", "estimated": true}, "geometry": {"type": "LineString", "coordinates": [[110.36100149127998, -7.7797239601825225], [110.3609635, -7.7800613], [110.360939, -7.7807326], [110.3608887, -7.7814469], [110.3608595, -7.7820885], [110.3608453, -7.7825376], [110.3608429, -7.7825637], [110.3608368, -7.7827173], [110.360836, -7.7827654], [110.3608461, -7.7827691], [110.3608625, -7.7827809], [110.3608745, -7.7827972], [110.3608807, -7.7828163], [110.3608807, -7.7828364], [110.3608745, -7.7828555], [110.3608625, -7.7828718], [110.3608542, -7.7828794], [110.3608503, -7.7830126], [110.3607958, -7.7842221], [110.360775, -7.7848923], [110.3607744, -7.7849199], [110.3607693, -7.7851567], [110.3607568, -7.785255], [110.3606978, -7.7854222], [110.3606526, -7.7855179], [110.3605348, -7.7857431], [110.3603294, -7.786144], [110.3601365, -7.7864759], [110.3599637, -7.7867732], [110.3599521, -7.7867931], [110.3597391, -7.7871503], [110.3597152, -7.7872263], [110.3596782, -7.7875199], [110.3598252281177, -7.787233112145842]]}}, {"type": "Feature", "properties": {"route_id": "9", "from_stop_sequence": 29, "to_stop_sequence": 30, "from_activity_id": "6a8a7c760d6732db988bef49", "to_activity_id": "6a8d4dbb52d86e03b51aa8ae", "distance_m": 1141.472873336997, "source": "osm_drive_estimated", "estimated": true}, "geometry": {"type": "LineString", "coordinates": [[110.3598252281177, -7.787233112145842], [110.3596782, -7.7875199], [110.3596708, -7.7875555], [110.3596566, -7.787589], [110.359636, -7.7876191], [110.3596098, -7.7876446], [110.3595792, -7.7876646], [110.3595476, -7.7876775], [110.3595142, -7.7876845], [110.3594801, -7.7876854], [110.3594463, -7.7876801], [110.3593203, -7.7876694], [110.3592171, -7.7876919], [110.3590592, -7.7877599], [110.3589005, -7.7878482], [110.3587503, -7.7879126], [110.3585639, -7.7879722], [110.3582849, -7.7880526], [110.3577363, -7.7882019], [110.357676, -7.788226], [110.3576153, -7.7882724], [110.357591, -7.7883012], [110.3575567, -7.7883752], [110.3575328, -7.788926], [110.3575265, -7.7891283], [110.3575253, -7.7893485], [110.357481, -7.7893516], [110.3573466, -7.7893917], [110.3572519, -7.7894267], [110.3569365, -7.7895588], [110.3569165, -7.7895681], [110.356339, -7.7898591], [110.3562944, -7.7898792], [110.3562571, -7.7898959], [110.3562428, -7.7899018], [110.355934, -7.7900583], [110.3558777, -7.790083], [110.3558629, -7.7900943], [110.3557308, -7.7901428], [110.3556762, -7.7901633], [110.355602, -7.7901886], [110.3555162, -7.7902125], [110.3553472, -7.7902511], [110.3551575, -7.7902769], [110.3549683, -7.7902823], [110.3547612, -7.7902617], [110.3540738, -7.790166], [110.3539873, -7.790154], [110.3538794, -7.7901394], [110.3538667, -7.7902497], [110.3538531, -7.7903547], [110.3538103, -7.7906856], [110.3537882, -7.7908497], [110.3537788, -7.7908942], [110.3537332, -7.79114], [110.3536668, -7.7915054], [110.3535917, -7.791916], [110.3535582, -7.7921631], [110.3534764, -7.7926534], [110.35353826170126, -7.792417567752096]]}}, {"type": "Feature", "properties": {"route_id": "9", "from_stop_sequence": 33, "to_stop_sequence": 34, "from_activity_id": "6a856e91bbd0aa678bab879c", "to_activity_id": "6a8560833dbe4dacc784a905", "distance_m": 677.7432752697687, "source": "osm_drive_estimated", "estimated": true}, "geometry": {"type": "LineString", "coordinates": [[110.35626401421268, -7.803758428469791], [110.3562113, -7.8039838], [110.3561305, -7.8043536], [110.3561331, -7.8043805], [110.3561398, -7.8044031], [110.3561512, -7.8044184], [110.3561663, -7.804433], [110.3561889, -7.804454], [110.3561821, -7.8045055], [110.3561734, -7.8049133], [110.3561505, -7.8053919], [110.3560846, -7.8070141], [110.3560877, -7.8079701], [110.3560834, -7.8080796], [110.3560702, -7.8084178], [110.3560625, -7.8086167], [110.3560525, -7.808788], [110.3560476, -7.8088721], [110.3560163, -7.8094116], [110.3560131, -7.8095059], [110.35602512687007, -7.809813718604147]]}}, {"type": "Feature", "properties": {"route_id": "9", "from_stop_sequence": 39, "to_stop_sequence": 40, "from_activity_id": "6a8d3c3052d86e03b51a9270", "to_activity_id": "6a8d37e352d86e03b51a8a8b", "distance_m": 3179.095817825587, "source": "osm_drive_estimated", "estimated": true}, "geometry": {"type": "LineString", "coordinates": [[110.36646357747759, -7.833864879801714], [110.3666353, -7.8335348], [110.3665542, -7.8337061], [110.3660465, -7.8348037], [110.3667925, -7.8349441], [110.3669143, -7.834967], [110.3669958, -7.8349864], [110.3685075, -7.835347], [110.3687355, -7.8354174], [110.3691566, -7.8356213], [110.369219, -7.8356293], [110.3693189, -7.8356519], [110.3695073, -7.8356957], [110.3697165, -7.8357382], [110.3696769, -7.8357861], [110.3696535, -7.8358465], [110.369632, -7.8359337], [110.3696156, -7.8360204], [110.36969, -7.8360242], [110.3697668, -7.8360279], [110.3705283, -7.8360656], [110.3710913, -7.8360963], [110.3713775, -7.8361119], [110.3723837, -7.8361412], [110.3726836, -7.8361554], [110.3729, -7.8361703], [110.3731004, -7.8362198], [110.3731291, -7.8362212], [110.3735602, -7.8362426], [110.373977, -7.8362633], [110.3740062, -7.8362648], [110.37425, -7.8362769], [110.3744687, -7.8362906], [110.374507, -7.836293], [110.3748176, -7.8363152], [110.3751929, -7.8363421], [110.3755933, -7.8363728], [110.376074, -7.8363859], [110.3764522, -7.8363713], [110.3768894, -7.8363195], [110.3778409, -7.8361261], [110.3805668, -7.8355695], [110.3822176, -7.83525], [110.3827541, -7.8351131], [110.3830115, -7.8350268], [110.3838457, -7.834676], [110.3838846, -7.8347511], [110.3830799, -7.8350826], [110.3827514, -7.8351929], [110.3824309, -7.8352805], [110.3821465, -7.8353403], [110.3811823, -7.835521], [110.381193, -7.8355762], [110.3805962, -7.8357137], [110.3807687, -7.8363148], [110.380883, -7.836713], [110.3809719, -7.8370227], [110.3823453, -7.8366153], [110.382345, -7.8364497], [110.3823316, -7.8362796], [110.3823356, -7.8362225], [110.382351, -7.836184], [110.3823882, -7.8361596], [110.3827878, -7.8360954], [110.3827803, -7.8359647], [110.3827715, -7.8358492], [110.3827679, -7.8357584], [110.3827594, -7.8355449], [110.3827246, -7.8353749], [110.382691, -7.83525], [110.38305739882435, -7.835201499990965]]}}, {"type": "Feature", "properties": {"route_id": "9", "from_stop_sequence": 40, "to_stop_sequence": 41, "from_activity_id": "6a8d37e352d86e03b51a8a8b", "to_activity_id": "6a8d6eb952d86e03b51ac23f", "distance_m": 2432.3495534982244, "source": "osm_drive_estimated", "estimated": true}, "geometry": {"type": "LineString", "coordinates": [[110.38305739882435, -7.835201499990965], [110.382691, -7.83525], [110.3824776, -7.8353043], [110.3822035, -7.8353652], [110.381193, -7.8355762], [110.3811823, -7.835521], [110.3787084, -7.8360197], [110.3778583, -7.8361846], [110.3778409, -7.8361261], [110.3805668, -7.8355695], [110.3822176, -7.83525], [110.3827541, -7.8351131], [110.3830115, -7.8350268], [110.3838457, -7.834676], [110.3846504, -7.8343612], [110.3850742, -7.8342349], [110.3852727, -7.8341659], [110.3856026, -7.8340808], [110.385797, -7.8340463], [110.3861967, -7.8339931], [110.3869195, -7.8339559], [110.3875914, -7.833944], [110.3875901, -7.8338962], [110.3877161, -7.8338895], [110.3877658, -7.8338882], [110.3878638, -7.8338922], [110.3879736, -7.8338962], [110.3880967, -7.8339201], [110.3882748, -7.8339366], [110.3884077, -7.8339452], [110.3891263, -7.8339327], [110.3894556, -7.8339194], [110.3904708, -7.8339134], [110.390619, -7.8338988], [110.3906267, -7.8339201], [110.390663, -7.8339602], [110.3913193, -7.8339964], [110.3913505, -7.8339845], [110.3913669, -7.8339623], [110.3913876, -7.8335805], [110.3913876, -7.8335239], [110.391378, -7.8334016], [110.3913784, -7.8333398], [110.3913787, -7.8333026], [110.3913579, -7.8332667], [110.3913254, -7.8330362], [110.3913043, -7.8329336], [110.3918521, -7.833002], [110.39183977163486, -7.834127418517099]]}}, {"type": "Feature", "properties": {"route_id": "10", "from_stop_sequence": 1, "to_stop_sequence": 2, "from_activity_id": "6a8aaaab0d6732db988c32ce", "to_activity_id": "6a8aa9d50d6732db988c3145", "distance_m": 189.43333172229168, "source": "osm_drive_estimated", "estimated": true}, "geometry": {"type": "LineString", "coordinates": [[110.31510380107005, -7.802371471196194], [110.31675772304908, -7.8019053630189745]]}}, {"type": "Feature", "properties": {"route_id": "10", "from_stop_sequence": 10, "to_stop_sequence": 11, "from_activity_id": "6a856ccabbd0aa678bab85c4", "to_activity_id": "6a856e91bbd0aa678bab879c", "distance_m": 744.2506538995142, "source": "osm_drive_estimated", "estimated": true}, "geometry": {"type": "LineString", "coordinates": [[110.35606982877533, -7.807940761615626], [110.356391, -7.8076058], [110.3563856, -7.8078632], [110.356362, -7.8086423], [110.3561761, -7.8086263], [110.3560625, -7.8086167], [110.3560702, -7.8084178], [110.3560834, -7.8080796], [110.3560877, -7.8079701], [110.3560846, -7.8070141], [110.3561505, -7.8053919], [110.3561734, -7.8049133], [110.3561821, -7.8045055], [110.3561889, -7.804454], [110.3561663, -7.804433], [110.3561512, -7.8044184], [110.3561398, -7.8044031], [110.3561331, -7.8043805], [110.3561305, -7.8043536], [110.3562113, -7.8039838], [110.35626401421268, -7.803758428469791]]}}, {"type": "Feature", "properties": {"route_id": "10", "from_stop_sequence": 11, "to_stop_sequence": 12, "from_activity_id": "6a856e91bbd0aa678bab879c", "to_activity_id": "6a855e58bbd0aa678bab72c7", "distance_m": 764.3244901045865, "source": "osm_drive_estimated", "estimated": true}, "geometry": {"type": "LineString", "coordinates": [[110.35626401421268, -7.803758428469791], [110.3562113, -7.8039838], [110.3562199, -7.8036345], [110.3562238, -7.8034984], [110.35623, -7.8034734], [110.3562413, -7.803456], [110.3562582, -7.8034449], [110.3562815, -7.8034363], [110.3564138, -7.8034357], [110.3564189, -7.8031897], [110.3564248, -7.8028136], [110.3564255, -7.8027625], [110.3564648, -7.8013696], [110.3564655, -7.8013438], [110.3564715, -7.8011474], [110.3566051, -7.8011485], [110.3566362, -7.8011493], [110.356683, -7.8011505], [110.3567211, -7.8011515], [110.3579919, -7.8011633], [110.3592095, -7.8011747], [110.3593269, -7.8011789], [110.3599674, -7.8011837], [110.36014288772952, -7.801236698318434]]}}, {"type": "Feature", "properties": {"route_id": "10", "from_stop_sequence": 12, "to_stop_sequence": 13, "from_activity_id": "6a855e58bbd0aa678bab72c7", "to_activity_id": "6a86b6ff89acf23707a33178", "distance_m": 875.4726847879874, "source": "osm_drive_estimated", "estimated": true}, "geometry": {"type": "LineString", "coordinates": [[110.36014288772952, -7.801236698318434], [110.3599674, -7.8011837], [110.3601798, -7.8011892], [110.3602274, -7.8011905], [110.3604445, -7.8011962], [110.3606337, -7.8012012], [110.3608454, -7.8012071], [110.361012, -7.801217], [110.3614848, -7.8012428], [110.3616409, -7.8012534], [110.3619047, -7.8012779], [110.3620292, -7.8012782], [110.3621559, -7.8012827], [110.3624188, -7.8012921], [110.3625068, -7.8012953], [110.3633322, -7.8013249], [110.3634928, -7.8013306], [110.3644284, -7.8013642], [110.3644546, -7.8013651], [110.3647527, -7.8013747], [110.3649376, -7.8013683], [110.365023, -7.8013654], [110.3650472, -7.8013662], [110.3656884, -7.8013887], [110.3656856, -7.8014132], [110.3656822, -7.8014432], [110.3656707, -7.8015444], [110.3656613, -7.8016272], [110.3656614, -7.80164], [110.3656659, -7.8016529], [110.3656759, -7.8016625], [110.3656887, -7.8016685], [110.3659536, -7.801688], [110.3665908, -7.8017349], [110.3666876, -7.8017421], [110.3666969, -7.801605], [110.3667053, -7.8014824], [110.36717622423924, -7.801414970393125]]}}, {"type": "Feature", "properties": {"route_id": "10", "from_stop_sequence": 13, "to_stop_sequence": 14, "from_activity_id": "6a86b6ff89acf23707a33178", "to_activity_id": "6a86b9d289acf23707a33b42", "distance_m": 663.3715520164326, "source": "osm_drive_estimated", "estimated": true}, "geometry": {"type": "LineString", "coordinates": [[110.36717622423924, -7.801414970393125], [110.3667053, -7.8014824], [110.3666969, -7.801605], [110.3666876, -7.8017421], [110.3667738, -7.8017491], [110.3668841, -7.8017581], [110.3669498, -7.8017634], [110.3670809, -7.801774], [110.3672352, -7.8017866], [110.367281, -7.8017903], [110.3673268, -7.801794], [110.367545, -7.8018117], [110.3676941, -7.8018239], [110.3687803, -7.8019123], [110.3688732, -7.8019198], [110.369222, -7.8019482], [110.369223, -7.8019082], [110.3692247, -7.8018456], [110.3692287, -7.8016961], [110.3692292, -7.8016774], [110.3692318, -7.8015781], [110.3692693, -7.8015089], [110.3692786, -7.8012292], [110.3692909, -7.8008615], [110.3692929, -7.8008002], [110.3692947, -7.8007474], [110.3693031, -7.8004957], [110.3693048, -7.800445], [110.3693068, -7.8003844], [110.3693237, -7.7998777], [110.3693337, -7.7995775], [110.3693405, -7.7993739], [110.36930165994437, -7.799249914845774]]}}, {"type": "Feature", "properties": {"route_id": "10", "from_stop_sequence": 16, "to_stop_sequence": 17, "from_activity_id": "6a86baac0235f477d358e46e", "to_activity_id": "6a85506ebbd0aa678bab6390", "distance_m": 441.1489859034293, "source": "osm_drive_estimated", "estimated": true}, "geometry": {"type": "LineString", "coordinates": [[110.36803342412259, -7.794265961281729], [110.3678043, -7.7938994], [110.3677895, -7.7938634], [110.3677246, -7.7938599], [110.367717, -7.7938596], [110.3673349, -7.7938397], [110.3658154, -7.7937606], [110.3657878, -7.7937585], [110.3657395, -7.7937561], [110.3657116, -7.7937547], [110.3656783, -7.7940203], [110.36559857460782, -7.795185718747462]]}}, {"type": "Feature", "properties": {"route_id": "10", "from_stop_sequence": 17, "to_stop_sequence": 18, "from_activity_id": "6a85506ebbd0aa678bab6390", "to_activity_id": "6a86be25460277aa8415118b", "distance_m": 1887.3254726860864, "source": "osm_drive_estimated", "estimated": true}, "geometry": {"type": "LineString", "coordinates": [[110.36559857460782, -7.795185718747462], [110.3656783, -7.7940203], [110.3656488, -7.7942553], [110.365528, -7.795218], [110.365448, -7.7958554], [110.3653845, -7.7963616], [110.3654639, -7.7963682], [110.3668521, -7.7964837], [110.367502, -7.7965377], [110.3676872, -7.7965532], [110.3682372, -7.7965989], [110.3683909, -7.7966116], [110.3688548, -7.7966498], [110.368889, -7.7966526], [110.3691029, -7.7966702], [110.3690379, -7.796599], [110.3690274, -7.7965169], [110.3690278, -7.7965057], [110.3690626, -7.795635], [110.3690577, -7.7954794], [110.3690453, -7.795275], [110.3689395, -7.7948567], [110.3689037, -7.7947739], [110.3688556, -7.7947153], [110.3687943, -7.7946526], [110.3687449, -7.7946199], [110.368208, -7.7943234], [110.3681494, -7.7942639], [110.36788, -7.7939903], [110.3678043, -7.7938994], [110.3677895, -7.7938634], [110.3676987, -7.7936934], [110.3676546, -7.7934812], [110.3676358, -7.7932978], [110.3676138, -7.7930345], [110.3676056, -7.7929372], [110.367593, -7.7927667], [110.3675944, -7.7927072], [110.3675994, -7.7923025], [110.3676084, -7.7915801], [110.3676112, -7.7913535], [110.3676179, -7.7908164], [110.3676604, -7.7906781], [110.3676724, -7.7906452], [110.3676865, -7.7906157], [110.3677056, -7.7905826], [110.3677266, -7.79055], [110.3677438, -7.7905282], [110.3677598, -7.7905079], [110.3677793, -7.7904877], [110.3677958, -7.7904724], [110.3678154, -7.7904562], [110.3678384, -7.7904393], [110.3678606, -7.7904265], [110.3680021, -7.790353], [110.3680617, -7.7903246], [110.3680877, -7.7903179], [110.3681162, -7.7903157], [110.3681501, -7.7903179], [110.3681853, -7.7903187], [110.3682174, -7.7903127], [110.3682478, -7.7903031], [110.36827, -7.7902882], [110.3682862, -7.790263], [110.3683293, -7.790178], [110.3683786, -7.7900757], [110.3683952, -7.790033], [110.3684193, -7.7899708], [110.3684244, -7.7899525], [110.3684286, -7.7899317], [110.3684442, -7.7898474], [110.3684485, -7.7898188], [110.3684544, -7.7897704], [110.3684612, -7.7897412], [110.3684704, -7.7897219], [110.3684808, -7.7897053], [110.3685449, -7.7896762], [110.368637, -7.7896941], [110.3689199, -7.7897397], [110.3689548, -7.7897258], [110.3690083, -7.7896918], [110.3691857, -7.7895755], [110.3692201, -7.7895601], [110.3692554, -7.7895474], [110.3692961, -7.7895393], [110.3693394, -7.7895342], [110.3695854, -7.7895002], [110.3696318, -7.7894943], [110.3696814, -7.7894856], [110.3697305, -7.7894756], [110.3697737, -7.7894607], [110.3698151, -7.789444], [110.37010514084454, -7.789256599640282]]}}, {"type": "Feature", "properties": {"route_id": "10", "from_stop_sequence": 18, "to_stop_sequence": 19, "from_activity_id": "6a86be25460277aa8415118b", "to_activity_id": "6a86c045460277aa84151af0", "distance_m": 1028.633696552273, "source": "osm_drive_estimated", "estimated": true}, "geometry": {"type": "LineString", "coordinates": [[110.37010514084454, -7.789256599640282], [110.3698151, -7.789444], [110.3698662, -7.7894225], [110.3700712, -7.7892839], [110.3704924, -7.7889944], [110.3713342, -7.7884179], [110.3714903, -7.7883123], [110.3715791, -7.7882568], [110.371703, -7.7881835], [110.3717716, -7.7881471], [110.3718438, -7.7881106], [110.3719488, -7.7880657], [110.3721709, -7.787984], [110.3722698, -7.7879509], [110.3723458, -7.7879285], [110.3724303, -7.7879104], [110.3725181, -7.7878936], [110.3726104, -7.7878797], [110.3727041, -7.7878671], [110.3730853, -7.7878434], [110.3731108, -7.787834], [110.3731332, -7.7878159], [110.3731489, -7.7877921], [110.3731609, -7.7877585], [110.3731794, -7.7876642], [110.3731687, -7.7874495], [110.3731671, -7.7873097], [110.3731711, -7.7872518], [110.3731786, -7.7871889], [110.3731917, -7.7871294], [110.3732062, -7.7870772], [110.3732217, -7.7870301], [110.3732393, -7.7869883], [110.3732625, -7.7869464], [110.3732872, -7.7869202], [110.3733179, -7.7868893], [110.3734534, -7.7868662], [110.3735448, -7.786853], [110.3736312, -7.786844], [110.3737159, -7.7868399], [110.3738018, -7.7868371], [110.3738659, -7.7868398], [110.373933, -7.7868447], [110.3740135, -7.7868535], [110.3740844, -7.786861], [110.3741459, -7.7868678], [110.3741808, -7.7868576], [110.3742073, -7.7868461], [110.3742268, -7.7868334], [110.3742423, -7.7868204], [110.3742558, -7.7868024], [110.3742638, -7.7867827], [110.3742788, -7.7867037], [110.3743337, -7.7863868], [110.3744272, -7.7858282], [110.3745164, -7.7858651], [110.3744236, -7.7864015], [110.3743979, -7.7865469], [110.3743679, -7.7867166], [110.3743681, -7.7867608], [110.3743721, -7.7867771], [110.3743806, -7.7867925], [110.3743933, -7.7868054], [110.3744093, -7.7868177], [110.3744276, -7.786829], [110.3744478, -7.7868389], [110.374612, -7.7868931], [110.3747054, -7.7869267], [110.3747875, -7.7869613], [110.3748544, -7.7869911], [110.3749174, -7.7870244], [110.3749769, -7.7870621], [110.3750411, -7.787107], [110.375131, -7.7871741], [110.3752071, -7.7872328], [110.375283, -7.7872902], [110.3753372, -7.7873414], [110.3753854, -7.7873942], [110.37537075941361, -7.787363850950726]]}}, {"type": "Feature", "properties": {"route_id": "10", "from_stop_sequence": 19, "to_stop_sequence": 20, "from_activity_id": "6a86c045460277aa84151af0", "to_activity_id": "6a82aa139870dcf66e458f1f", "distance_m": 828.6034040100162, "source": "osm_drive_estimated", "estimated": true}, "geometry": {"type": "LineString", "coordinates": [[110.37537075941361, -7.787363850950726], [110.3753854, -7.7873942], [110.3754517, -7.7874021], [110.375515, -7.78742], [110.3758135, -7.787518], [110.3760016, -7.7875748], [110.3760521, -7.7875851], [110.3760941, -7.7875861], [110.3761208, -7.7875781], [110.3761492, -7.7875654], [110.3761853, -7.7875454], [110.3762372, -7.7875017], [110.376514, -7.7869837], [110.3765487, -7.7869894], [110.3774067, -7.7871314], [110.3783839, -7.787305], [110.3784847, -7.7873249], [110.3785459, -7.7873362], [110.3785884, -7.7873439], [110.3785636, -7.7874741], [110.3785526, -7.7875318], [110.3784804, -7.7879107], [110.3784622, -7.7880064], [110.3784467, -7.788104], [110.3784866, -7.7883175], [110.3784749, -7.7885332], [110.3784617, -7.7886909], [110.3784464, -7.7888478], [110.3783644, -7.7893109], [110.3783367, -7.7894329], [110.3782832, -7.7896865], [110.3782745, -7.7897398], [110.3782706, -7.7897618], [110.3782632, -7.7898073], [110.3782557, -7.7898555], [110.378236, -7.7899466], [110.3782272, -7.7899958], [110.3781404, -7.7903932], [110.378026, -7.7902373], [110.37746284627354, -7.790234774910843]]}}, {"type": "Feature", "properties": {"route_id": "10", "from_stop_sequence": 30, "to_stop_sequence": 31, "from_activity_id": "6a939468dc237a3a8a7a0bf6", "to_activity_id": "6a86baac0235f477d358e46e", "distance_m": 1531.3916339253558, "source": "osm_drive_estimated", "estimated": true}, "geometry": {"type": "LineString", "coordinates": [[110.37780935550774, -7.7956066832174855], [110.3777492, -7.7959586], [110.3777064, -7.7959617], [110.3776622, -7.7959585], [110.3772681, -7.7959143], [110.3771466, -7.7958912], [110.3770416, -7.7958801], [110.3767445, -7.7958396], [110.3764628, -7.7957895], [110.3763902, -7.7960064], [110.3763825, -7.7960207], [110.3763751, -7.7960247], [110.3763315, -7.7960177], [110.3762648, -7.7960024], [110.3759852, -7.7959699], [110.3759842, -7.7959925], [110.3756093, -7.7959785], [110.3754531, -7.7959576], [110.3754452, -7.7960075], [110.375337, -7.7965211], [110.3753216, -7.7967432], [110.3753042, -7.7968083], [110.3752814, -7.7968761], [110.3752398, -7.7969305], [110.3751536, -7.7970319], [110.3750159, -7.7970254], [110.3749152, -7.7970155], [110.3742408, -7.796973], [110.3738444, -7.7969456], [110.3727903, -7.7968523], [110.3726462, -7.7968395], [110.3724778, -7.7968301], [110.3715823, -7.7967826], [110.3713929, -7.7967694], [110.3711162, -7.7967637], [110.3706628, -7.7967543], [110.3702314, -7.7967387], [110.3700697, -7.7967347], [110.3699339, -7.7967298], [110.3694244, -7.7967113], [110.3693412, -7.7967047], [110.3693078, -7.7967014], [110.3692406, -7.7966946], [110.3691029, -7.7966702], [110.3690379, -7.796599], [110.3690274, -7.7965169], [110.3690278, -7.7965057], [110.3690626, -7.795635], [110.3690577, -7.7954794], [110.3690453, -7.795275], [110.3689395, -7.7948567], [110.3689037, -7.7947739], [110.3688556, -7.7947153], [110.3687943, -7.7946526], [110.3687449, -7.7946199], [110.368208, -7.7943234], [110.3681494, -7.7942639], [110.36788, -7.7939903], [110.3678043, -7.7938994], [110.36803342412259, -7.794265961281729]]}}, {"type": "Feature", "properties": {"route_id": "10", "from_stop_sequence": 31, "to_stop_sequence": 32, "from_activity_id": "6a86baac0235f477d358e46e", "to_activity_id": "6a85506ebbd0aa678bab6390", "distance_m": 441.1489859034293, "source": "osm_drive_estimated", "estimated": true}, "geometry": {"type": "LineString", "coordinates": [[110.36803342412259, -7.794265961281729], [110.3678043, -7.7938994], [110.3677895, -7.7938634], [110.3677246, -7.7938599], [110.367717, -7.7938596], [110.3673349, -7.7938397], [110.3658154, -7.7937606], [110.3657878, -7.7937585], [110.3657395, -7.7937561], [110.3657116, -7.7937547], [110.3656783, -7.7940203], [110.36559857460782, -7.795185718747462]]}}, {"type": "Feature", "properties": {"route_id": "10", "from_stop_sequence": 32, "to_stop_sequence": 33, "from_activity_id": "6a85506ebbd0aa678bab6390", "to_activity_id": "6a854da0bbd0aa678bab5d44", "distance_m": 2021.1474447913147, "source": "osm_drive_estimated", "estimated": true}, "geometry": {"type": "LineString", "coordinates": [[110.36559857460782, -7.795185718747462], [110.3656783, -7.7940203], [110.3656488, -7.7942553], [110.365528, -7.795218], [110.365448, -7.7958554], [110.3653845, -7.7963616], [110.3654639, -7.7963682], [110.3668521, -7.7964837], [110.367502, -7.7965377], [110.3676872, -7.7965532], [110.3682372, -7.7965989], [110.3683909, -7.7966116], [110.3688548, -7.7966498], [110.368889, -7.7966526], [110.3691029, -7.7966702], [110.3690379, -7.796599], [110.3690274, -7.7965169], [110.3690278, -7.7965057], [110.3690626, -7.795635], [110.3690577, -7.7954794], [110.3690453, -7.795275], [110.3689395, -7.7948567], [110.3689037, -7.7947739], [110.3688556, -7.7947153], [110.3687943, -7.7946526], [110.3687449, -7.7946199], [110.368208, -7.7943234], [110.3681494, -7.7942639], [110.36788, -7.7939903], [110.3678043, -7.7938994], [110.3677895, -7.7938634], [110.3676987, -7.7936934], [110.3676546, -7.7934812], [110.3676358, -7.7932978], [110.3676138, -7.7930345], [110.3676056, -7.7929372], [110.367593, -7.7927667], [110.3675944, -7.7927072], [110.3675994, -7.7923025], [110.3676084, -7.7915801], [110.3676112, -7.7913535], [110.3676179, -7.7908164], [110.3675996, -7.7906871], [110.367603, -7.7905828], [110.3676086, -7.7904263], [110.3676075, -7.7904118], [110.3676044, -7.7903976], [110.3676002, -7.7903854], [110.3675936, -7.7903744], [110.3674693, -7.790208], [110.3674552, -7.7901919], [110.3674363, -7.7901756], [110.3673772, -7.7901352], [110.3668984, -7.7901076], [110.3668177, -7.7901032], [110.3667364, -7.7900986], [110.3666589, -7.7901187], [110.3666321, -7.7901222], [110.3666062, -7.7901229], [110.3663424, -7.7901111], [110.3662409, -7.790106], [110.3662051, -7.7901043], [110.3661948, -7.7901049], [110.3661847, -7.7901092], [110.3661761, -7.7901165], [110.3661701, -7.790125], [110.3661661, -7.7901355], [110.366114, -7.7905501], [110.3660791, -7.7908276], [110.3660387, -7.7911494], [110.3660157, -7.7913323], [110.3659763, -7.7916462], [110.3659611, -7.7917676], [110.36611832728073, -7.790937054153417]]}}, {"type": "Feature", "properties": {"route_id": "10", "from_stop_sequence": 33, "to_stop_sequence": 34, "from_activity_id": "6a854da0bbd0aa678bab5d44", "to_activity_id": "6a85506ebbd0aa678bab6390", "distance_m": 476.2677190200377, "source": "osm_drive_estimated", "estimated": true}, "geometry": {"type": "LineString", "coordinates": [[110.36611832728073, -7.790937054153417], [110.3659611, -7.7917676], [110.3659265, -7.7920425], [110.3658892, -7.7923395], [110.3658511, -7.792643], [110.3657116, -7.7937547], [110.3656783, -7.7940203], [110.36559857460782, -7.795185718747462]]}}, {"type": "Feature", "properties": {"route_id": "10", "from_stop_sequence": 34, "to_stop_sequence": 35, "from_activity_id": "6a85506ebbd0aa678bab6390", "to_activity_id": "6a8555e83dbe4dacc7849c7a", "distance_m": 789.2145458063991, "source": "osm_drive_estimated", "estimated": true}, "geometry": {"type": "LineString", "coordinates": [[110.36559857460782, -7.795185718747462], [110.3656783, -7.7940203], [110.3656488, -7.7942553], [110.365528, -7.795218], [110.365448, -7.7958554], [110.3653845, -7.7963616], [110.3652559, -7.7974366], [110.3651367, -7.7983519], [110.3651059, -7.7985886], [110.3650744, -7.7988304], [110.3650428, -7.7990731], [110.364989, -7.7994861], [110.3649645, -7.799674], [110.36499709175035, -7.79990342392729]]}}, {"type": "Feature", "properties": {"route_id": "10", "from_stop_sequence": 35, "to_stop_sequence": 36, "from_activity_id": "6a8555e83dbe4dacc7849c7a", "to_activity_id": "6a855e58bbd0aa678bab72c7", "distance_m": 764.1996041567986, "source": "osm_drive_estimated", "estimated": true}, "geometry": {"type": "LineString", "coordinates": [[110.36499709175035, -7.79990342392729], [110.3649645, -7.799674], [110.3649435, -7.7998427], [110.3648985, -7.8002039], [110.3648936, -7.8002437], [110.3648289, -7.8007629], [110.364814, -7.800883], [110.364792, -7.8010596], [110.3647891, -7.8010829], [110.3647786, -7.8011672], [110.3647527, -7.8013747], [110.3644546, -7.8013651], [110.3644284, -7.8013642], [110.3634928, -7.8013306], [110.3633322, -7.8013249], [110.3625068, -7.8012953], [110.3624188, -7.8012921], [110.3621559, -7.8012827], [110.3620292, -7.8012782], [110.3619047, -7.8012779], [110.3616409, -7.8012534], [110.3614848, -7.8012428], [110.361012, -7.801217], [110.3608454, -7.8012071], [110.3606337, -7.8012012], [110.3604445, -7.8011962], [110.3602274, -7.8011905], [110.3601798, -7.8011892], [110.3599674, -7.8011837], [110.36014288772952, -7.801236698318434]]}}, {"type": "Feature", "properties": {"route_id": "10", "from_stop_sequence": 36, "to_stop_sequence": 37, "from_activity_id": "6a855e58bbd0aa678bab72c7", "to_activity_id": "6a856e91bbd0aa678bab879c", "distance_m": 764.3244901045865, "source": "osm_drive_estimated", "estimated": true}, "geometry": {"type": "LineString", "coordinates": [[110.36014288772952, -7.801236698318434], [110.3599674, -7.8011837], [110.3593269, -7.8011789], [110.3592095, -7.8011747], [110.3579919, -7.8011633], [110.3567211, -7.8011515], [110.356683, -7.8011505], [110.3566362, -7.8011493], [110.3566051, -7.8011485], [110.3564715, -7.8011474], [110.3564655, -7.8013438], [110.3564648, -7.8013696], [110.3564255, -7.8027625], [110.3564248, -7.8028136], [110.3564189, -7.8031897], [110.3564138, -7.8034357], [110.3562815, -7.8034363], [110.3562582, -7.8034449], [110.3562413, -7.803456], [110.35623, -7.8034734], [110.3562238, -7.8034984], [110.3562199, -7.8036345], [110.3562113, -7.8039838], [110.35626401421268, -7.803758428469791]]}}, {"type": "Feature", "properties": {"route_id": "10", "from_stop_sequence": 45, "to_stop_sequence": 46, "from_activity_id": "6a8aa8c20d6732db988c2ee6", "to_activity_id": "6a8aaaab0d6732db988c32ce", "distance_m": 792.6331676428854, "source": "osm_drive_estimated", "estimated": true}, "geometry": {"type": "LineString", "coordinates": [[110.31877570245945, -7.801671229224345], [110.3195887, -7.8023855], [110.3196645, -7.8024048], [110.3198898, -7.8016248], [110.3199475, -7.8013896], [110.319862, -7.8013717], [110.3193668, -7.8014561], [110.318458, -7.801619], [110.3181461, -7.8016752], [110.317404, -7.8018221], [110.3171622, -7.8018613], [110.3171062, -7.8018689], [110.3170619, -7.801874], [110.315974, -7.8020499], [110.3158555, -7.8020698], [110.31510380107005, -7.802371471196194]]}}, {"type": "Feature", "properties": {"route_id": "11", "from_stop_sequence": 1, "to_stop_sequence": 2, "from_activity_id": "6a8d6eb952d86e03b51ac23f", "to_activity_id": "6a8d37e352d86e03b51a8a8b", "distance_m": 1900.9825593292906, "source": "osm_drive_estimated", "estimated": true}, "geometry": {"type": "LineString", "coordinates": [[110.39183977163486, -7.834127418517099], [110.3918521, -7.833002], [110.3913043, -7.8329336], [110.3913254, -7.8330362], [110.3913579, -7.8332667], [110.3913787, -7.8333026], [110.3913784, -7.8333398], [110.391378, -7.8334016], [110.3913876, -7.8335239], [110.3913876, -7.8335805], [110.3913669, -7.8339623], [110.3913505, -7.8339845], [110.3913193, -7.8339964], [110.390663, -7.8339602], [110.3907045, -7.8340061], [110.3907237, -7.8340273], [110.390849, -7.8343007], [110.3908858, -7.8343892], [110.3909366, -7.8345113], [110.3910129, -7.8346948], [110.3910394, -7.8347484], [110.3912432, -7.8351888], [110.3916584, -7.8360799], [110.3917115, -7.8361938], [110.3917313, -7.8362363], [110.3917642, -7.8363069], [110.391834, -7.8364543], [110.3918786, -7.8365527], [110.3917542, -7.8365453], [110.391533, -7.8365316], [110.3913697, -7.8365215], [110.391254, -7.836549], [110.3911752, -7.836558], [110.3908838, -7.8365321], [110.3905834, -7.8365214], [110.3904225, -7.8364816], [110.3903072, -7.8364431], [110.3901301, -7.836368], [110.3899625, -7.8362883], [110.3897868, -7.8361813], [110.3896151, -7.8360578], [110.3894918, -7.8359475], [110.3893818, -7.8358239], [110.389308, -7.8357362], [110.3891927, -7.8355516], [110.3890935, -7.8353603], [110.3889567, -7.8350321], [110.3888413, -7.8347757], [110.3887998, -7.834692], [110.3887287, -7.8345897], [110.3886482, -7.834494], [110.3885369, -7.8343837], [110.3884323, -7.8342907], [110.3883491, -7.834227], [110.3882244, -7.8341592], [110.3880648, -7.8341034], [110.3879307, -7.8340755], [110.3877678, -7.8340749], [110.3876826, -7.8340702], [110.3870147, -7.8340888], [110.3865406, -7.8340868], [110.3864756, -7.8340915], [110.3861484, -7.8341207], [110.3860463, -7.8341294], [110.3857622, -7.8341818], [110.3854671, -7.8342575], [110.3851815, -7.8343492], [110.3844299, -7.8345992], [110.3840852, -7.8347286], [110.3838983, -7.8347988], [110.3837378, -7.8348591], [110.3832181, -7.835072], [110.3828989, -7.8351836], [110.382691, -7.83525], [110.38305739882435, -7.835201499990965]]}}, {"type": "Feature", "properties": {"route_id": "11", "from_stop_sequence": 10, "to_stop_sequence": 11, "from_activity_id": "6a856ccabbd0aa678bab85c4", "to_activity_id": "6a856e91bbd0aa678bab879c", "distance_m": 744.2506538995142, "source": "osm_drive_estimated", "estimated": true}, "geometry": {"type": "LineString", "coordinates": [[110.35606982877533, -7.807940761615626], [110.356391, -7.8076058], [110.3563856, -7.8078632], [110.356362, -7.8086423], [110.3561761, -7.8086263], [110.3560625, -7.8086167], [110.3560702, -7.8084178], [110.3560834, -7.8080796], [110.3560877, -7.8079701], [110.3560846, -7.8070141], [110.3561505, -7.8053919], [110.3561734, -7.8049133], [110.3561821, -7.8045055], [110.3561889, -7.804454], [110.3561663, -7.804433], [110.3561512, -7.8044184], [110.3561398, -7.8044031], [110.3561331, -7.8043805], [110.3561305, -7.8043536], [110.3562113, -7.8039838], [110.35626401421268, -7.803758428469791]]}}, {"type": "Feature", "properties": {"route_id": "11", "from_stop_sequence": 11, "to_stop_sequence": 12, "from_activity_id": "6a856e91bbd0aa678bab879c", "to_activity_id": "6a8d470c52d86e03b51aa113", "distance_m": 698.0168601211125, "source": "osm_drive_estimated", "estimated": true}, "geometry": {"type": "LineString", "coordinates": [[110.35626401421268, -7.803758428469791], [110.3562113, -7.8039838], [110.3562199, -7.8036345], [110.3562238, -7.8034984], [110.35623, -7.8034734], [110.3562413, -7.803456], [110.3562582, -7.8034449], [110.3562815, -7.8034363], [110.3564138, -7.8034357], [110.3564189, -7.8031897], [110.3564248, -7.8028136], [110.3564255, -7.8027625], [110.3564648, -7.8013696], [110.3564655, -7.8013438], [110.3564715, -7.8011474], [110.3564234, -7.801145], [110.3562964, -7.8011385], [110.3562385, -7.8011356], [110.3561915, -7.8011334], [110.3561655, -7.8011322], [110.3561234, -7.8011293], [110.3561024, -7.8011281], [110.355883, -7.8011156], [110.3555242, -7.8010973], [110.3549455, -7.8010677], [110.3549161, -7.8010662], [110.3548289, -7.8010653], [110.3546722, -7.8010645], [110.3545861, -7.8010636], [110.3545547, -7.8010633], [110.3544394, -7.8010621], [110.3538166, -7.8010558], [110.3542366775277, -7.801076533486338]]}}, {"type": "Feature", "properties": {"route_id": "11", "from_stop_sequence": 16, "to_stop_sequence": 17, "from_activity_id": "6a8ba82fa4262ae1033d0be2", "to_activity_id": "6a882a323be6880665735cad", "distance_m": 1410.9548145115261, "source": "osm_drive_estimated", "estimated": true}, "geometry": {"type": "LineString", "coordinates": [[110.3598915994072, -7.786639735892905], [110.3599521, -7.7867931], [110.3597391, -7.7871503], [110.3597152, -7.7872263], [110.3596782, -7.7875199], [110.3596708, -7.7875555], [110.3596566, -7.787589], [110.359636, -7.7876191], [110.3596098, -7.7876446], [110.3595792, -7.7876646], [110.3595476, -7.7876775], [110.3595142, -7.7876845], [110.3594801, -7.7876854], [110.3594463, -7.7876801], [110.3594115, -7.7876677], [110.3593799, -7.7876487], [110.3593526, -7.7876239], [110.3593309, -7.7875942], [110.3593154, -7.7875609], [110.3593069, -7.7875252], [110.3593056, -7.7874886], [110.3593116, -7.7874524], [110.3593237, -7.7874202], [110.3593415, -7.7873907], [110.3593646, -7.7873651], [110.359392, -7.787344], [110.3594229, -7.7873284], [110.359568, -7.7871841], [110.3596507, -7.7870872], [110.3598685, -7.7867412], [110.3600605, -7.7864433], [110.3604505, -7.7857103], [110.3606567, -7.7853228], [110.36069, -7.7852313], [110.3607032, -7.7851472], [110.3607061, -7.7848916], [110.3607067, -7.7848342], [110.3607408, -7.7839367], [110.3607867, -7.7830353], [110.3607877, -7.783011], [110.3607898, -7.7828855], [110.3607794, -7.782879], [110.3607635, -7.7828632], [110.360754, -7.782843], [110.360752, -7.7828208], [110.3607537, -7.7828105], [110.3607578, -7.7827992], [110.3607668, -7.7827854], [110.3607707, -7.7827809], [110.3607872, -7.7827691], [110.3608065, -7.7827629], [110.3608268, -7.7827629], [110.360836, -7.7827654], [110.3609308, -7.7827674], [110.3610294, -7.7827707], [110.3623273, -7.7827983], [110.3625408, -7.7828034], [110.3633177, -7.7828201], [110.3636702, -7.7828277], [110.3637404, -7.7828668], [110.3640513, -7.7828693], [110.3649774, -7.7828816], [110.3662464, -7.7828984], [110.36565971152436, -7.7829259605858025]]}}, {"type": "Feature", "properties": {"route_id": "11", "from_stop_sequence": 19, "to_stop_sequence": 20, "from_activity_id": "6a8d77b552d86e03b51acbf3", "to_activity_id": "6a8d799852d86e03b51acfac", "distance_m": 893.3689365175911, "source": "osm_drive_estimated", "estimated": true}, "geometry": {"type": "LineString", "coordinates": [[110.37518200888871, -7.78119792960976], [110.3751793, -7.7818328], [110.3751009, -7.7818283], [110.3751167, -7.7817365], [110.3751605, -7.7814813], [110.3751887, -7.7813168], [110.3752069, -7.7812107], [110.3752601, -7.7809012], [110.3753055, -7.7806327], [110.3753415, -7.7804197], [110.3753735, -7.7802192], [110.3753845, -7.7801501], [110.3754062, -7.7800087], [110.3754528, -7.7797223], [110.375495, -7.7797206], [110.3755365, -7.7797201], [110.3762729, -7.779819], [110.3769314, -7.7799013], [110.3770422, -7.7799139], [110.3770876, -7.7795869], [110.3771288, -7.7792896], [110.377052, -7.7792831], [110.3770148, -7.7792775], [110.3768171, -7.7792704], [110.376589, -7.7792663], [110.3766017, -7.7790334], [110.3766024, -7.7790212], [110.3766212, -7.7788332], [110.3766292, -7.7786412], [110.3766386, -7.7784598], [110.3766487, -7.7783774], [110.3766534, -7.7783136], [110.3766601, -7.7781927], [110.3766654, -7.7781628], [110.3766673, -7.7781556], [110.3766687, -7.7781518], [110.3766432, -7.7781284], [110.3766165, -7.7781057], [110.3765749, -7.7780852], [110.3763499, -7.7780536], [110.3758141, -7.7779856], [110.37573404625363, -7.777552952341509]]}}, {"type": "Feature", "properties": {"route_id": "11", "from_stop_sequence": 20, "to_stop_sequence": 21, "from_activity_id": "6a8d799852d86e03b51acfac", "to_activity_id": "6a8d0a83eca288692ef377ee", "distance_m": 1358.3032215798014, "source": "osm_drive_estimated", "estimated": true}, "geometry": {"type": "LineString", "coordinates": [[110.37573404625363, -7.777552952341509], [110.3758141, -7.7779856], [110.3755365, -7.7797201], [110.375495, -7.7797206], [110.3754528, -7.7797223], [110.3757757, -7.7776997], [110.3758046, -7.777518], [110.3759357, -7.7766963], [110.376011, -7.7761793], [110.3759958, -7.7761738], [110.3759764, -7.7761634], [110.3759544, -7.7761476], [110.3759333, -7.776128], [110.375916, -7.7761055], [110.3759034, -7.7760812], [110.3758946, -7.7760557], [110.3758895, -7.7760275], [110.3758899, -7.7759998], [110.3758931, -7.7759722], [110.3759011, -7.775945], [110.3759137, -7.7759207], [110.3759297, -7.7758979], [110.3759494, -7.775878], [110.3759731, -7.7758606], [110.3760024, -7.775846], [110.3760329, -7.7758381], [110.3760633, -7.7758339], [110.3760752, -7.7758334], [110.3761735, -7.7755352], [110.3762753, -7.7752065], [110.3763532, -7.7749445], [110.3766252, -7.7740383], [110.3766613, -7.7739194], [110.376834, -7.7739682], [110.3768957, -7.773985], [110.3769586, -7.7740657], [110.3776676, -7.7742735], [110.3773373, -7.775406], [110.3779638, -7.7754815], [110.3781959, -7.7755021], [110.37822992213239, -7.776234113554651]]}}, {"type": "Feature", "properties": {"route_id": "11", "from_stop_sequence": 21, "to_stop_sequence": 22, "from_activity_id": "6a8d0a83eca288692ef377ee", "to_activity_id": "6a8d00b0eca288692ef3728a", "distance_m": 1422.7841953712114, "source": "osm_drive_estimated", "estimated": true}, "geometry": {"type": "LineString", "coordinates": [[110.37822992213239, -7.776234113554651], [110.3781959, -7.7755021], [110.3779638, -7.7754815], [110.3773373, -7.775406], [110.3776676, -7.7742735], [110.3769586, -7.7740657], [110.37686, -7.7741063], [110.3767968, -7.7740881], [110.3766402, -7.7745983], [110.3765411, -7.7749281], [110.3765117, -7.7750264], [110.3764713, -7.7751621], [110.3764451, -7.7752558], [110.3763469, -7.7755851], [110.3762365, -7.7759513], [110.3762428, -7.7759761], [110.3762459, -7.7760073], [110.3762443, -7.7760376], [110.3762376, -7.7760701], [110.3762261, -7.7760949], [110.3762168, -7.7761086], [110.3762069, -7.7761213], [110.3761857, -7.776144], [110.3761639, -7.7761597], [110.3761384, -7.7761736], [110.3761132, -7.7761828], [110.3760889, -7.7761874], [110.376016, -7.7766766], [110.3760131, -7.776707], [110.3760086, -7.776753], [110.3759666, -7.7770372], [110.3759288, -7.7772666], [110.3758838, -7.7775398], [110.3758496, -7.7777531], [110.3758193, -7.7779511], [110.3758141, -7.7779856], [110.3755365, -7.7797201], [110.3753794, -7.7806449], [110.3753335, -7.7809118], [110.3751937, -7.781747], [110.3751793, -7.7818328], [110.3751576, -7.7819616], [110.3750962, -7.7823259], [110.3750391, -7.7826652], [110.37512734006174, -7.782377312450095]]}}, {"type": "Feature", "properties": {"route_id": "11", "from_stop_sequence": 26, "to_stop_sequence": 27, "from_activity_id": "6a8ba3eca4262ae1033d0aed", "to_activity_id": "6a8ba64f52d86e03b519bfcf", "distance_m": 936.3740808229039, "source": "osm_drive_estimated", "estimated": true}, "geometry": {"type": "LineString", "coordinates": [[110.36955864583643, -7.782965837983895], [110.3702229, -7.7829441], [110.3700677, -7.7829422], [110.3699201, -7.7829405], [110.3697945, -7.782939], [110.3697103, -7.7829379], [110.3695926, -7.7829365], [110.3695465, -7.782936], [110.3694231, -7.7829345], [110.3693918, -7.7829341], [110.3693211, -7.7829333], [110.3692681, -7.7829327], [110.3691789, -7.7829316], [110.3691188, -7.7829309], [110.3690197, -7.7829297], [110.368975, -7.7829292], [110.3688658, -7.7829279], [110.368831, -7.7829274], [110.3687634, -7.7829266], [110.368601, -7.7829247], [110.3684602, -7.782923], [110.3683321, -7.7829561], [110.3678994, -7.7829506], [110.3674561, -7.7829442], [110.367369, -7.782943], [110.3673432, -7.7829425], [110.3672153, -7.7829394], [110.3672005, -7.7829855], [110.3671706, -7.7830238], [110.3671337, -7.7830477], [110.3670912, -7.7830592], [110.3670533, -7.7830612], [110.3670283, -7.7830534], [110.367006, -7.7830416], [110.3669822, -7.7830256], [110.3669697, -7.7830129], [110.3669556, -7.7829953], [110.3669449, -7.7829763], [110.366937, -7.7829539], [110.3668495, -7.7829523], [110.3663695, -7.7829393], [110.3663139, -7.7829379], [110.3662464, -7.7828984], [110.3649774, -7.7828816], [110.3640513, -7.7828693], [110.3637404, -7.7828668], [110.3636725, -7.7828955], [110.3634134, -7.7828906], [110.3633178, -7.7828885], [110.3630352, -7.7828824], [110.362807, -7.7828774], [110.3626296, -7.7828742], [110.3625563, -7.7828719], [110.3625377, -7.7828715], [110.36255287491576, -7.782872521318353]]}}, {"type": "Feature", "properties": {"route_id": "11", "from_stop_sequence": 27, "to_stop_sequence": 28, "from_activity_id": "6a8ba64f52d86e03b519bfcf", "to_activity_id": "6a8a7c760d6732db988bef49", "distance_m": 770.9972499285104, "source": "osm_drive_estimated", "estimated": true}, "geometry": {"type": "LineString", "coordinates": [[110.36255287491576, -7.782872521318353], [110.3625377, -7.7828715], [110.3624421, -7.7828695], [110.3623266, -7.782867], [110.3622604, -7.7828655], [110.3619539, -7.7828588], [110.3619079, -7.7828578], [110.3617559, -7.7828545], [110.3615642, -7.7828503], [110.3615159, -7.7828493], [110.3610571, -7.7828393], [110.3610295, -7.7828387], [110.3609395, -7.7828368], [110.3608807, -7.7828364], [110.3608745, -7.7828555], [110.3608625, -7.7828718], [110.3608542, -7.7828794], [110.3608503, -7.7830126], [110.3607958, -7.7842221], [110.360775, -7.7848923], [110.3607744, -7.7849199], [110.3607693, -7.7851567], [110.3607568, -7.785255], [110.3606978, -7.7854222], [110.3606526, -7.7855179], [110.3605348, -7.7857431], [110.3603294, -7.786144], [110.3601365, -7.7864759], [110.3599637, -7.7867732], [110.3599521, -7.7867931], [110.3597391, -7.7871503], [110.3597152, -7.7872263], [110.3596782, -7.7875199], [110.3598252281177, -7.787233112145842]]}}, {"type": "Feature", "properties": {"route_id": "11", "from_stop_sequence": 28, "to_stop_sequence": 29, "from_activity_id": "6a8a7c760d6732db988bef49", "to_activity_id": "6a8d4dbb52d86e03b51aa8ae", "distance_m": 1141.472873336997, "source": "osm_drive_estimated", "estimated": true}, "geometry": {"type": "LineString", "coordinates": [[110.3598252281177, -7.787233112145842], [110.3596782, -7.7875199], [110.3596708, -7.7875555], [110.3596566, -7.787589], [110.359636, -7.7876191], [110.3596098, -7.7876446], [110.3595792, -7.7876646], [110.3595476, -7.7876775], [110.3595142, -7.7876845], [110.3594801, -7.7876854], [110.3594463, -7.7876801], [110.3593203, -7.7876694], [110.3592171, -7.7876919], [110.3590592, -7.7877599], [110.3589005, -7.7878482], [110.3587503, -7.7879126], [110.3585639, -7.7879722], [110.3582849, -7.7880526], [110.3577363, -7.7882019], [110.357676, -7.788226], [110.3576153, -7.7882724], [110.357591, -7.7883012], [110.3575567, -7.7883752], [110.3575328, -7.788926], [110.3575265, -7.7891283], [110.3575253, -7.7893485], [110.357481, -7.7893516], [110.3573466, -7.7893917], [110.3572519, -7.7894267], [110.3569365, -7.7895588], [110.3569165, -7.7895681], [110.356339, -7.7898591], [110.3562944, -7.7898792], [110.3562571, -7.7898959], [110.3562428, -7.7899018], [110.355934, -7.7900583], [110.3558777, -7.790083], [110.3558629, -7.7900943], [110.3557308, -7.7901428], [110.3556762, -7.7901633], [110.355602, -7.7901886], [110.3555162, -7.7902125], [110.3553472, -7.7902511], [110.3551575, -7.7902769], [110.3549683, -7.7902823], [110.3547612, -7.7902617], [110.3540738, -7.790166], [110.3539873, -7.790154], [110.3538794, -7.7901394], [110.3538667, -7.7902497], [110.3538531, -7.7903547], [110.3538103, -7.7906856], [110.3537882, -7.7908497], [110.3537788, -7.7908942], [110.3537332, -7.79114], [110.3536668, -7.7915054], [110.3535917, -7.791916], [110.3535582, -7.7921631], [110.3534764, -7.7926534], [110.35353826170126, -7.792417567752096]]}}, {"type": "Feature", "properties": {"route_id": "11", "from_stop_sequence": 32, "to_stop_sequence": 33, "from_activity_id": "6a856e91bbd0aa678bab879c", "to_activity_id": "6a8560833dbe4dacc784a905", "distance_m": 677.7432752697687, "source": "osm_drive_estimated", "estimated": true}, "geometry": {"type": "LineString", "coordinates": [[110.35626401421268, -7.803758428469791], [110.3562113, -7.8039838], [110.3561305, -7.8043536], [110.3561331, -7.8043805], [110.3561398, -7.8044031], [110.3561512, -7.8044184], [110.3561663, -7.804433], [110.3561889, -7.804454], [110.3561821, -7.8045055], [110.3561734, -7.8049133], [110.3561505, -7.8053919], [110.3560846, -7.8070141], [110.3560877, -7.8079701], [110.3560834, -7.8080796], [110.3560702, -7.8084178], [110.3560625, -7.8086167], [110.3560525, -7.808788], [110.3560476, -7.8088721], [110.3560163, -7.8094116], [110.3560131, -7.8095059], [110.35602512687007, -7.809813718604147]]}}, {"type": "Feature", "properties": {"route_id": "11", "from_stop_sequence": 40, "to_stop_sequence": 41, "from_activity_id": "6a8d37e352d86e03b51a8a8b", "to_activity_id": "6a8d6eb952d86e03b51ac23f", "distance_m": 2432.3495534982244, "source": "osm_drive_estimated", "estimated": true}, "geometry": {"type": "LineString", "coordinates": [[110.38305739882435, -7.835201499990965], [110.382691, -7.83525], [110.3824776, -7.8353043], [110.3822035, -7.8353652], [110.381193, -7.8355762], [110.3811823, -7.835521], [110.3787084, -7.8360197], [110.3778583, -7.8361846], [110.3778409, -7.8361261], [110.3805668, -7.8355695], [110.3822176, -7.83525], [110.3827541, -7.8351131], [110.3830115, -7.8350268], [110.3838457, -7.834676], [110.3846504, -7.8343612], [110.3850742, -7.8342349], [110.3852727, -7.8341659], [110.3856026, -7.8340808], [110.385797, -7.8340463], [110.3861967, -7.8339931], [110.3869195, -7.8339559], [110.3875914, -7.833944], [110.3875901, -7.8338962], [110.3877161, -7.8338895], [110.3877658, -7.8338882], [110.3878638, -7.8338922], [110.3879736, -7.8338962], [110.3880967, -7.8339201], [110.3882748, -7.8339366], [110.3884077, -7.8339452], [110.3891263, -7.8339327], [110.3894556, -7.8339194], [110.3904708, -7.8339134], [110.390619, -7.8338988], [110.3906267, -7.8339201], [110.390663, -7.8339602], [110.3913193, -7.8339964], [110.3913505, -7.8339845], [110.3913669, -7.8339623], [110.3913876, -7.8335805], [110.3913876, -7.8335239], [110.391378, -7.8334016], [110.3913784, -7.8333398], [110.3913787, -7.8333026], [110.3913579, -7.8332667], [110.3913254, -7.8330362], [110.3913043, -7.8329336], [110.3918521, -7.833002], [110.39183977163486, -7.834127418517099]]}}, {"type": "Feature", "properties": {"route_id": "12", "from_stop_sequence": 5, "to_stop_sequence": 6, "from_activity_id": "6a8e970046690fc6c68d9f71", "to_activity_id": "6a8d39db52d86e03b51a8ece", "distance_m": 978.3339507923745, "source": "osm_drive_estimated", "estimated": true}, "geometry": {"type": "LineString", "coordinates": [[110.38929278399246, -7.775092965334977], [110.3891739, -7.7754395], [110.3890446, -7.7761249], [110.3889973, -7.7763757], [110.3889529, -7.7766109], [110.3889409, -7.7766749], [110.3888634, -7.7770745], [110.388832, -7.7772523], [110.3887548, -7.777661], [110.3887467, -7.7777044], [110.3887446, -7.7777149], [110.3887161, -7.7778627], [110.3886415, -7.7778474], [110.388507, -7.7778199], [110.3884819, -7.7778146], [110.3876791, -7.777636], [110.3876231, -7.7776233], [110.3876006, -7.7776185], [110.3875596, -7.7776098], [110.3875433, -7.7776074], [110.3875265, -7.7776053], [110.3874996, -7.7776043], [110.3874714, -7.7776058], [110.3874416, -7.777609], [110.387408, -7.7776142], [110.3871556, -7.777673], [110.3867198, -7.7777787], [110.3863259, -7.7778774], [110.3862759, -7.7778875], [110.3862337, -7.777891], [110.3861927, -7.7778901], [110.3861506, -7.7778857], [110.3859352, -7.7778244], [110.3850592, -7.7775672], [110.3850417, -7.7775623], [110.3848945, -7.777519], [110.3849695, -7.7775811], [110.3850178, -7.7776207], [110.3850451, -7.777639], [110.385643, -7.7780408], [110.3860873, -7.7782749], [110.38656902084153, -7.777819224696188]]}}, {"type": "Feature", "properties": {"route_id": "12", "from_stop_sequence": 6, "to_stop_sequence": 7, "from_activity_id": "6a8d39db52d86e03b51a8ece", "to_activity_id": "6a8d05a3eca288692ef3754c", "distance_m": 1475.3948308024649, "source": "osm_drive_estimated", "estimated": true}, "geometry": {"type": "LineString", "coordinates": [[110.38656902084153, -7.777819224696188], [110.3860873, -7.7782749], [110.385643, -7.7780408], [110.3850451, -7.777639], [110.3850178, -7.7776207], [110.3849695, -7.7775811], [110.3848945, -7.777519], [110.3848234, -7.7775017], [110.3847134, -7.7774597], [110.3845727, -7.777406], [110.3840268, -7.7772014], [110.3837761, -7.777113], [110.3835386, -7.7770473], [110.3832987, -7.7769959], [110.3829777, -7.7769548], [110.3828541, -7.7769449], [110.382189, -7.7768567], [110.381548, -7.776723], [110.3813885, -7.7767096], [110.3812091, -7.7766945], [110.3808408, -7.7766574], [110.3806801, -7.7766342], [110.380569, -7.7766555], [110.380282, -7.776619], [110.3802523, -7.776614], [110.3800431, -7.7765878], [110.3798889, -7.7765662], [110.3798629, -7.7765604], [110.3798359, -7.7765511], [110.3798152, -7.7765407], [110.3794866, -7.776347], [110.3794614, -7.7763308], [110.3793968, -7.7762758], [110.3793688, -7.776262], [110.3793232, -7.776253], [110.3792576, -7.7762445], [110.3791826, -7.7762379], [110.3786077, -7.776201], [110.3782095, -7.776179], [110.3779871, -7.7761661], [110.3777586, -7.7761542], [110.3775852, -7.7761489], [110.377546, -7.7761472], [110.377052, -7.7761329], [110.3768412, -7.7761276], [110.3762168, -7.7761086], [110.3762069, -7.7761213], [110.3761857, -7.776144], [110.3761639, -7.7761597], [110.3761384, -7.7761736], [110.3761132, -7.7761828], [110.3760889, -7.7761874], [110.376016, -7.7766766], [110.3760131, -7.776707], [110.3760086, -7.776753], [110.3759666, -7.7770372], [110.3759288, -7.7772666], [110.3758838, -7.7775398], [110.3758496, -7.7777531], [110.3758193, -7.7779511], [110.3758141, -7.7779856], [110.37576845816852, -7.77756971391652]]}}, {"type": "Feature", "properties": {"route_id": "12", "from_stop_sequence": 7, "to_stop_sequence": 8, "from_activity_id": "6a8d05a3eca288692ef3754c", "to_activity_id": "6a8cfb1f52d86e03b51a5dd9", "distance_m": 1183.936212905239, "source": "osm_drive_estimated", "estimated": true}, "geometry": {"type": "LineString", "coordinates": [[110.37576845816852, -7.77756971391652], [110.3758141, -7.7779856], [110.3755365, -7.7797201], [110.375495, -7.7797206], [110.3754528, -7.7797223], [110.3757757, -7.7776997], [110.3758046, -7.777518], [110.3759357, -7.7766963], [110.376011, -7.7761793], [110.3759958, -7.7761738], [110.3756974, -7.7761701], [110.3755583, -7.7761689], [110.3750679, -7.7761635], [110.3749241, -7.7761601], [110.3748024, -7.7761532], [110.374727, -7.7761478], [110.3746907, -7.7761452], [110.3745982, -7.7761336], [110.3745702, -7.7761299], [110.3745037, -7.7761191], [110.3744289, -7.7761044], [110.3743483, -7.7760854], [110.3744065, -7.7759382], [110.374406, -7.7758775], [110.3744117, -7.7758632], [110.3744214, -7.7758404], [110.3746299, -7.7753369], [110.374675, -7.7752882], [110.3746873, -7.7752585], [110.3747889, -7.7750139], [110.3749266, -7.7746828], [110.3749858, -7.7745405], [110.3750388, -7.7744121], [110.3750776, -7.7743186], [110.3751675, -7.7741018], [110.3751857, -7.7740577], [110.3752708, -7.7738525], [110.3749454685335, -7.774505145151281]]}}, {"type": "Feature", "properties": {"route_id": "12", "from_stop_sequence": 8, "to_stop_sequence": 9, "from_activity_id": "6a8cfb1f52d86e03b51a5dd9", "to_activity_id": "6a8cf57152d86e03b51a5a67", "distance_m": 489.1554478591769, "source": "osm_drive_estimated", "estimated": true}, "geometry": {"type": "LineString", "coordinates": [[110.3749454685335, -7.774505145151281], [110.3752708, -7.7738525], [110.3753211, -7.7737289], [110.3754067, -7.7735169], [110.375431, -7.773457], [110.3755316, -7.7732082], [110.3756975, -7.7728131], [110.3758183, -7.7725258], [110.3758552, -7.7724335], [110.375976, -7.7721415], [110.3761614, -7.7717007], [110.3756672, -7.7715527], [110.3756515, -7.7715377], [110.3754417, -7.7714742], [110.3751965, -7.7714], [110.3750355, -7.7713513], [110.37520499526164, -7.771397214324622]]}}, {"type": "Feature", "properties": {"route_id": "12", "from_stop_sequence": 9, "to_stop_sequence": 10, "from_activity_id": "6a8cf57152d86e03b51a5a67", "to_activity_id": "6a8ceff1eca288692ef36913", "distance_m": 633.0132459940766, "source": "osm_drive_estimated", "estimated": true}, "geometry": {"type": "LineString", "coordinates": [[110.37520499526164, -7.771397214324622], [110.3750355, -7.7713513], [110.3750193, -7.7713554], [110.3747614, -7.7712781], [110.3744097, -7.7711728], [110.3743887, -7.7711547], [110.3737539, -7.7709611], [110.3733758, -7.7708458], [110.3733558, -7.7708365], [110.3733353, -7.7708235], [110.3733152, -7.7708072], [110.3732915, -7.7707823], [110.3732716, -7.7707567], [110.3732554, -7.7707291], [110.3732407, -7.7706988], [110.3732356, -7.7706811], [110.3732321, -7.7706629], [110.3732305, -7.7706418], [110.3732325, -7.7706191], [110.3732384, -7.7705985], [110.373229, -7.7705575], [110.3733348, -7.770261], [110.3733846, -7.7701213], [110.3734522, -7.7699318], [110.3735715, -7.7695973], [110.3736856, -7.7692775], [110.3738506, -7.7688149], [110.3739104, -7.7686472], [110.3742105, -7.7678057], [110.3742786, -7.7676148], [110.3743185, -7.7676292], [110.37420361014381, -7.767887440982534]]}}, {"type": "Feature", "properties": {"route_id": "12", "from_stop_sequence": 10, "to_stop_sequence": 11, "from_activity_id": "6a8ceff1eca288692ef36913", "to_activity_id": "6a8cf2aceca288692ef36aa9", "distance_m": 570.5004992841947, "source": "osm_drive_estimated", "estimated": true}, "geometry": {"type": "LineString", "coordinates": [[110.37420361014381, -7.767887440982534], [110.3743185, -7.7676292], [110.3742786, -7.7676148], [110.3743956, -7.7672867], [110.3744948, -7.7670289], [110.3745143, -7.7669853], [110.3745328, -7.7669461], [110.3745551, -7.7669074], [110.3745788, -7.7668726], [110.3747153, -7.7667124], [110.3748175, -7.7665925], [110.3748512, -7.7665555], [110.3748908, -7.7665121], [110.3749708, -7.7664419], [110.3749972, -7.7664151], [110.3750195, -7.7663845], [110.3750416, -7.7663441], [110.3750584, -7.7663016], [110.3751407, -7.766083], [110.3751739, -7.7659488], [110.3752437, -7.7656489], [110.375309, -7.765387], [110.3753565, -7.7651342], [110.3754081, -7.7650294], [110.375452, -7.7649748], [110.3755171, -7.7649287], [110.3756085, -7.7648805], [110.3756841, -7.7648392], [110.3757565, -7.7647999], [110.3758089, -7.7647743], [110.3758611, -7.7647456], [110.3758629, -7.7647092], [110.3758746, -7.7646745], [110.3758952, -7.7646442], [110.3759231, -7.7646204], [110.3759635, -7.7646029], [110.3760072, -7.764599], [110.3760501, -7.7646092], [110.3760874, -7.7646323], [110.3761154, -7.7646659], [110.3761793, -7.7646966], [110.3765647, -7.7648615], [110.3767341, -7.7649353], [110.3769241, -7.7650181], [110.3770802220306, -7.76505529366294]]}}, {"type": "Feature", "properties": {"route_id": "12", "from_stop_sequence": 50, "to_stop_sequence": 51, "from_activity_id": "6a89118b52d86e03b5181907", "to_activity_id": "6a8cf35c52d86e03b51a595f", "distance_m": 676.0257191575224, "source": "osm_drive_estimated", "estimated": true}, "geometry": {"type": "LineString", "coordinates": [[110.37992598967958, -7.762818007809386], [110.3800006, -7.7624174], [110.3797708, -7.7629548], [110.3794413, -7.7637253], [110.3793824, -7.7638696], [110.3791584, -7.7643833], [110.3790573, -7.7646231], [110.3787466, -7.7653782], [110.3786615, -7.7655769], [110.3785995, -7.7657517], [110.3785792, -7.7657948], [110.3785436, -7.7658818], [110.3785251, -7.7659346], [110.378487, -7.7659188], [110.3770348, -7.7653162], [110.3769834, -7.7652949], [110.3768435, -7.7652368], [110.3767941399006, -7.765264836068539]]}}, {"type": "Feature", "properties": {"route_id": "12", "from_stop_sequence": 53, "to_stop_sequence": 54, "from_activity_id": "6a8cf57152d86e03b51a5a67", "to_activity_id": "6a8cf95352d86e03b51a5c10", "distance_m": 461.63036347263744, "source": "osm_drive_estimated", "estimated": true}, "geometry": {"type": "LineString", "coordinates": [[110.37520499526164, -7.771397214324622], [110.3750355, -7.7713513], [110.3751965, -7.7714], [110.3754417, -7.7714742], [110.3756515, -7.7715377], [110.3756744, -7.7715345], [110.3758025, -7.7715728], [110.3761686, -7.7716823], [110.3761614, -7.7717007], [110.375976, -7.7721415], [110.3758552, -7.7724335], [110.3758183, -7.7725258], [110.3756975, -7.7728131], [110.3755316, -7.7732082], [110.375431, -7.773457], [110.3754067, -7.7735169], [110.3753211, -7.7737289], [110.3752708, -7.7738525], [110.37513742326371, -7.774292469348211]]}}, {"type": "Feature", "properties": {"route_id": "12", "from_stop_sequence": 56, "to_stop_sequence": 57, "from_activity_id": "6a8d39db52d86e03b51a8ece", "to_activity_id": "6a8e9ac146690fc6c68da2e3", "distance_m": 945.6236501776809, "source": "osm_drive_estimated", "estimated": true}, "geometry": {"type": "LineString", "coordinates": [[110.38656902084153, -7.777819224696188], [110.3860873, -7.7782749], [110.3861338, -7.7782968], [110.3867157, -7.7785182], [110.3869517, -7.7786139], [110.3871648, -7.7787201], [110.3872127, -7.7787559], [110.3872441, -7.7787936], [110.3872532, -7.7788553], [110.3871986, -7.7791353], [110.3871727, -7.7794473], [110.3877178, -7.7795581], [110.3878431, -7.7796184], [110.3882183, -7.7796974], [110.3882998, -7.779712], [110.3883566, -7.7794004], [110.3883971, -7.7791784], [110.3884333, -7.7789798], [110.3886017, -7.7780561], [110.3886103, -7.7780091], [110.3886133, -7.7779924], [110.3886415, -7.7778474], [110.3886718, -7.77769], [110.3890758, -7.775548], [110.3890989, -7.7754255], [110.38906775739389, -7.775019362075398]]}}, {"type": "Feature", "properties": {"route_id": "12", "from_stop_sequence": 57, "to_stop_sequence": 58, "from_activity_id": "6a8e9ac146690fc6c68da2e3", "to_activity_id": "6a8e78f452d86e03b51b44d5", "distance_m": 1376.3178604471723, "source": "osm_drive_estimated", "estimated": true}, "geometry": {"type": "LineString", "coordinates": [[110.38906775739389, -7.775019362075398], [110.3890989, -7.7754255], [110.3891607, -7.7750485], [110.3891661, -7.7750199], [110.3892098, -7.7747878], [110.3892977, -7.7743039], [110.3893105, -7.7742269], [110.3893307, -7.7741185], [110.3894037, -7.7736999], [110.3894565, -7.7734315], [110.3896206, -7.7725742], [110.3896807, -7.772278], [110.3897803, -7.7717877], [110.3899115, -7.7712244], [110.3899787, -7.770942], [110.3902978, -7.7702403], [110.3907708, -7.7692791], [110.3907868, -7.7692482], [110.3908058, -7.7692042], [110.3909925, -7.7687969], [110.3912676, -7.7682033], [110.3913893, -7.7679233], [110.3915219, -7.7675868], [110.3916784, -7.7671432], [110.3917783, -7.7668899], [110.3918802, -7.7666258], [110.391959, -7.7664042], [110.3919902, -7.7663166], [110.3923155, -7.7655336], [110.3924436, -7.7652782], [110.3925324, -7.7650875], [110.3925564, -7.7650361], [110.3926618, -7.7650933], [110.39233672460091, -7.765872802964594]]}}, {"type": "Feature", "properties": {"route_id": "13", "from_stop_sequence": 46, "to_stop_sequence": 47, "from_activity_id": "6a86c045460277aa84151af0", "to_activity_id": "6a86be25460277aa8415118b", "distance_m": 1329.3357168255834, "source": "osm_drive_estimated", "estimated": true}, "geometry": {"type": "LineString", "coordinates": [[110.37537075941361, -7.787363850950726], [110.3753854, -7.7873942], [110.3752319, -7.7876675], [110.3751657, -7.7877883], [110.3750712, -7.7879606], [110.375022, -7.7880503], [110.374864, -7.7883515], [110.374832, -7.7883869], [110.3747934, -7.7884173], [110.37473, -7.7884592], [110.374664, -7.7884961], [110.3745943, -7.7885256], [110.3745316, -7.7885458], [110.3744613, -7.788561], [110.3743841, -7.7885693], [110.3742929, -7.7885758], [110.3741994, -7.788573], [110.3740572, -7.7885634], [110.3739748, -7.7885526], [110.3738854, -7.7885252], [110.3735805, -7.7884292], [110.3735076, -7.7883998], [110.3734461, -7.7883739], [110.3733895, -7.7883422], [110.3733434, -7.7883054], [110.3733048, -7.7882636], [110.3732715, -7.7882185], [110.3732434, -7.7881618], [110.3732263, -7.7881088], [110.3732127, -7.78804], [110.3732, -7.7880031], [110.3731846, -7.7879755], [110.3731619, -7.7879506], [110.3731341, -7.7879314], [110.3730977, -7.7879179], [110.3730548, -7.7879088], [110.373004, -7.7879077], [110.3727092, -7.7879261], [110.3726243, -7.787938], [110.3725341, -7.7879516], [110.3724574, -7.7879657], [110.3723765, -7.7879833], [110.3722925, -7.7880073], [110.3722055, -7.788036], [110.3721258, -7.7880648], [110.3720347, -7.7880989], [110.3719533, -7.7881319], [110.3718587, -7.788176], [110.371789, -7.7882102], [110.3717229, -7.7882454], [110.3716389, -7.7882917], [110.3715577, -7.7883434], [110.3713694, -7.7884671], [110.3705235, -7.7890492], [110.3701368, -7.789316], [110.3699183, -7.789464], [110.3698672, -7.7894919], [110.3698137, -7.7895153], [110.369749, -7.7895358], [110.3696885, -7.7895488], [110.3696511, -7.7895539], [110.3694199, -7.7895803], [110.3693737, -7.7895878], [110.3693287, -7.789598], [110.3692311, -7.7896302], [110.3691749, -7.7896622], [110.3691291, -7.7897095], [110.3690921, -7.7897588], [110.369062, -7.789794], [110.3690206, -7.7898214], [110.368995, -7.7898164], [110.3689599, -7.7897878], [110.368927, -7.7897589], [110.3686246, -7.7897113], [110.368582, -7.7897039], [110.3685571, -7.7897097], [110.3685417, -7.7897325], [110.3685309, -7.7897989], [110.3685265, -7.789833], [110.3685214, -7.7898615], [110.3685065, -7.7899463], [110.3684999, -7.7899717], [110.3684705, -7.7900554], [110.3684521, -7.7901044], [110.3684024, -7.7902199], [110.3683503, -7.7903239], [110.3683311, -7.7903461], [110.368312, -7.7903607], [110.3682833, -7.7903766], [110.3682555, -7.790386], [110.3682143, -7.7903915], [110.3681758, -7.7903928], [110.3681377, -7.7903919], [110.3681058, -7.7903889], [110.368076, -7.7903823], [110.3680021, -7.790353], [110.3680617, -7.7903246], [110.3680877, -7.7903179], [110.3681162, -7.7903157], [110.3681501, -7.7903179], [110.3681853, -7.7903187], [110.3682174, -7.7903127], [110.3682478, -7.7903031], [110.36827, -7.7902882], [110.3682862, -7.790263], [110.3683293, -7.790178], [110.3683786, -7.7900757], [110.3683952, -7.790033], [110.3684193, -7.7899708], [110.3684244, -7.7899525], [110.3684286, -7.7899317], [110.3684442, -7.7898474], [110.3684485, -7.7898188], [110.3684544, -7.7897704], [110.3684612, -7.7897412], [110.3684704, -7.7897219], [110.3684808, -7.7897053], [110.3685449, -7.7896762], [110.368637, -7.7896941], [110.3689199, -7.7897397], [110.3689548, -7.7897258], [110.3690083, -7.7896918], [110.3691857, -7.7895755], [110.3692201, -7.7895601], [110.3692554, -7.7895474], [110.3692961, -7.7895393], [110.3693394, -7.7895342], [110.3695854, -7.7895002], [110.3696318, -7.7894943], [110.3696814, -7.7894856], [110.3697305, -7.7894756], [110.3697737, -7.7894607], [110.3698151, -7.789444], [110.37010514084454, -7.789256599640282]]}}, {"type": "Feature", "properties": {"route_id": "13", "from_stop_sequence": 47, "to_stop_sequence": 48, "from_activity_id": "6a86be25460277aa8415118b", "to_activity_id": "6a854da0bbd0aa678bab5d44", "distance_m": 2306.0762358512243, "source": "osm_drive_estimated", "estimated": true}, "geometry": {"type": "LineString", "coordinates": [[110.37010514084454, -7.789256599640282], [110.3698151, -7.789444], [110.3698662, -7.7894225], [110.3700712, -7.7892839], [110.3704924, -7.7889944], [110.3713342, -7.7884179], [110.3714903, -7.7883123], [110.3715791, -7.7882568], [110.371703, -7.7881835], [110.3717716, -7.7881471], [110.3718438, -7.7881106], [110.3719488, -7.7880657], [110.3721709, -7.787984], [110.3722698, -7.7879509], [110.3723458, -7.7879285], [110.3724303, -7.7879104], [110.3725181, -7.7878936], [110.3726104, -7.7878797], [110.3727041, -7.7878671], [110.3730853, -7.7878434], [110.3731108, -7.787834], [110.3731332, -7.7878159], [110.3731489, -7.7877921], [110.3731609, -7.7877585], [110.3731794, -7.7876642], [110.3731687, -7.7874495], [110.3731671, -7.7873097], [110.3731711, -7.7872518], [110.3731786, -7.7871889], [110.3731917, -7.7871294], [110.3732062, -7.7870772], [110.3732217, -7.7870301], [110.3732393, -7.7869883], [110.3732625, -7.7869464], [110.3732872, -7.7869202], [110.3733179, -7.7868893], [110.3734534, -7.7868662], [110.3735448, -7.786853], [110.3736312, -7.786844], [110.3737159, -7.7868399], [110.3738018, -7.7868371], [110.3738659, -7.7868398], [110.373933, -7.7868447], [110.3740135, -7.7868535], [110.3740844, -7.786861], [110.3741459, -7.7868678], [110.374229, -7.7868774], [110.3742863, -7.786887], [110.374336, -7.7868972], [110.3743875, -7.7869105], [110.3744433, -7.7869274], [110.3745136, -7.7869497], [110.3746355, -7.7869914], [110.3747331, -7.7870306], [110.374825, -7.7870728], [110.3749137, -7.7871216], [110.3750088, -7.7871858], [110.3751514, -7.7872986], [110.375171, -7.7873119], [110.3752026, -7.7873467], [110.3752235, -7.7873774], [110.375241, -7.7874106], [110.3752505, -7.7874441], [110.3752556, -7.7874797], [110.3752576, -7.7875249], [110.3752536, -7.787571], [110.3752463, -7.7876139], [110.3752319, -7.7876675], [110.3751657, -7.7877883], [110.3750712, -7.7879606], [110.375022, -7.7880503], [110.374864, -7.7883515], [110.374832, -7.7883869], [110.3747934, -7.7884173], [110.37473, -7.7884592], [110.374664, -7.7884961], [110.3745943, -7.7885256], [110.3745316, -7.7885458], [110.3744613, -7.788561], [110.3743841, -7.7885693], [110.3742929, -7.7885758], [110.3741994, -7.788573], [110.3740572, -7.7885634], [110.3739748, -7.7885526], [110.3738854, -7.7885252], [110.3735805, -7.7884292], [110.3735076, -7.7883998], [110.3734461, -7.7883739], [110.3733895, -7.7883422], [110.3733434, -7.7883054], [110.3733048, -7.7882636], [110.3732715, -7.7882185], [110.3732434, -7.7881618], [110.3732263, -7.7881088], [110.3732127, -7.78804], [110.3732, -7.7880031], [110.3731846, -7.7879755], [110.3731619, -7.7879506], [110.3731341, -7.7879314], [110.3730977, -7.7879179], [110.3730548, -7.7879088], [110.373004, -7.7879077], [110.3727092, -7.7879261], [110.3726243, -7.787938], [110.3725341, -7.7879516], [110.3724574, -7.7879657], [110.3723765, -7.7879833], [110.3722925, -7.7880073], [110.3722055, -7.788036], [110.3721258, -7.7880648], [110.3720347, -7.7880989], [110.3719533, -7.7881319], [110.3718587, -7.788176], [110.371789, -7.7882102], [110.3717229, -7.7882454], [110.3716389, -7.7882917], [110.3715577, -7.7883434], [110.3713694, -7.7884671], [110.3705235, -7.7890492], [110.3701368, -7.789316], [110.3699183, -7.789464], [110.3698672, -7.7894919], [110.3698137, -7.7895153], [110.369749, -7.7895358], [110.3696885, -7.7895488], [110.3696511, -7.7895539], [110.3694199, -7.7895803], [110.3693737, -7.7895878], [110.3693287, -7.789598], [110.3692311, -7.7896302], [110.3691749, -7.7896622], [110.3691291, -7.7897095], [110.3690921, -7.7897588], [110.369062, -7.789794], [110.3690206, -7.7898214], [110.368995, -7.7898164], [110.3689599, -7.7897878], [110.368927, -7.7897589], [110.3686246, -7.7897113], [110.368582, -7.7897039], [110.3685571, -7.7897097], [110.3685417, -7.7897325], [110.3685309, -7.7897989], [110.3685265, -7.789833], [110.3685214, -7.7898615], [110.3685065, -7.7899463], [110.3684999, -7.7899717], [110.3684705, -7.7900554], [110.3684521, -7.7901044], [110.3684024, -7.7902199], [110.3683503, -7.7903239], [110.3683311, -7.7903461], [110.368312, -7.7903607], [110.3682833, -7.7903766], [110.3682555, -7.790386], [110.3682143, -7.7903915], [110.3681758, -7.7903928], [110.3681377, -7.7903919], [110.3681058, -7.7903889], [110.368076, -7.7903823], [110.3680021, -7.790353], [110.367956, -7.7903025], [110.3679303, -7.7902786], [110.3679051, -7.7902629], [110.3676698, -7.7901607], [110.3676355, -7.7901528], [110.367602, -7.790148], [110.3673772, -7.7901352], [110.3668984, -7.7901076], [110.3668177, -7.7901032], [110.3667364, -7.7900986], [110.3666589, -7.7901187], [110.3666321, -7.7901222], [110.3666062, -7.7901229], [110.3663424, -7.7901111], [110.3662409, -7.790106], [110.3662051, -7.7901043], [110.3661948, -7.7901049], [110.3661847, -7.7901092], [110.3661761, -7.7901165], [110.3661701, -7.790125], [110.3661661, -7.7901355], [110.366114, -7.7905501], [110.3660791, -7.7908276], [110.3660387, -7.7911494], [110.3660157, -7.7913323], [110.3659763, -7.7916462], [110.3659611, -7.7917676], [110.36611832728073, -7.790937054153417]]}}, {"type": "Feature", "properties": {"route_id": "15", "from_stop_sequence": 3, "to_stop_sequence": 4, "from_activity_id": "6a856e91bbd0aa678bab879c", "to_activity_id": "6a8560833dbe4dacc784a905", "distance_m": 677.7432752697687, "source": "osm_drive_estimated", "estimated": true}, "geometry": {"type": "LineString", "coordinates": [[110.35626401421268, -7.803758428469791], [110.3562113, -7.8039838], [110.3561305, -7.8043536], [110.3561331, -7.8043805], [110.3561398, -7.8044031], [110.3561512, -7.8044184], [110.3561663, -7.804433], [110.3561889, -7.804454], [110.3561821, -7.8045055], [110.3561734, -7.8049133], [110.3561505, -7.8053919], [110.3560846, -7.8070141], [110.3560877, -7.8079701], [110.3560834, -7.8080796], [110.3560702, -7.8084178], [110.3560625, -7.8086167], [110.3560525, -7.808788], [110.3560476, -7.8088721], [110.3560163, -7.8094116], [110.3560131, -7.8095059], [110.35602512687007, -7.809813718604147]]}}, {"type": "Feature", "properties": {"route_id": "15", "from_stop_sequence": 40, "to_stop_sequence": 41, "from_activity_id": "6a86b6ff89acf23707a33178", "to_activity_id": "6a86b9d289acf23707a33b42", "distance_m": 663.3715520164326, "source": "osm_drive_estimated", "estimated": true}, "geometry": {"type": "LineString", "coordinates": [[110.36717622423924, -7.801414970393125], [110.3667053, -7.8014824], [110.3666969, -7.801605], [110.3666876, -7.8017421], [110.3667738, -7.8017491], [110.3668841, -7.8017581], [110.3669498, -7.8017634], [110.3670809, -7.801774], [110.3672352, -7.8017866], [110.367281, -7.8017903], [110.3673268, -7.801794], [110.367545, -7.8018117], [110.3676941, -7.8018239], [110.3687803, -7.8019123], [110.3688732, -7.8019198], [110.369222, -7.8019482], [110.369223, -7.8019082], [110.3692247, -7.8018456], [110.3692287, -7.8016961], [110.3692292, -7.8016774], [110.3692318, -7.8015781], [110.3692693, -7.8015089], [110.3692786, -7.8012292], [110.3692909, -7.8008615], [110.3692929, -7.8008002], [110.3692947, -7.8007474], [110.3693031, -7.8004957], [110.3693048, -7.800445], [110.3693068, -7.8003844], [110.3693237, -7.7998777], [110.3693337, -7.7995775], [110.3693405, -7.7993739], [110.36930165994437, -7.799249914845774]]}}, {"type": "Feature", "properties": {"route_id": "EV3", "from_stop_sequence": 1, "to_stop_sequence": 2, "from_activity_id": "6a82732138bb192425f47850", "to_activity_id": "6a8abfd40d6732db988c587d", "distance_m": 1755.1701608507565, "source": "osm_drive_estimated", "estimated": true}, "geometry": {"type": "LineString", "coordinates": [[110.36128820793846, -7.747511361346895], [110.3606272, -7.7474096], [110.360734, -7.7477148], [110.3607513, -7.7478877], [110.3607427, -7.7480582], [110.360729, -7.7484166], [110.3614229, -7.7487253], [110.3616479, -7.7488264], [110.3618191, -7.748894], [110.3619671, -7.7489483], [110.361987, -7.7490071], [110.3619862, -7.749069], [110.3619648, -7.7491272], [110.3619252, -7.7491751], [110.3618786, -7.7492034], [110.3617972, -7.7491689], [110.360721, -7.7486881], [110.3606862, -7.7490653], [110.3606788, -7.7491533], [110.360635, -7.7497116], [110.3606098, -7.7501929], [110.3605925, -7.7505233], [110.3605781, -7.7507984], [110.3605543, -7.7512524], [110.3605479, -7.7513743], [110.3604771, -7.7522816], [110.3604515, -7.7523607], [110.3600304, -7.7530995], [110.3599962, -7.7532158], [110.359962, -7.75337], [110.3599392, -7.7536178], [110.359919, -7.7537946], [110.3599083, -7.753938], [110.359915, -7.7540311], [110.3599224, -7.7541334], [110.3602602, -7.7541405], [110.3607635, -7.7541833], [110.3611709, -7.7542039], [110.3614745, -7.7542149], [110.3617126, -7.7542039], [110.3620581, -7.7541998], [110.3621011, -7.7541997], [110.3621198, -7.7537161], [110.3621259, -7.7535586], [110.3621328, -7.753418], [110.3621387, -7.7532961], [110.3621436, -7.7531773], [110.3621738, -7.7524509], [110.3621796, -7.7523114], [110.362217, -7.7514112], [110.3622385, -7.7508925], [110.36238089063244, -7.750937298556053]]}}, {"type": "Feature", "properties": {"route_id": "EV3", "from_stop_sequence": 9, "to_stop_sequence": 10, "from_activity_id": "6a8c457252d86e03b51a39d3", "to_activity_id": "6a8bac5fa4262ae1033d0d42", "distance_m": 362.3193316648358, "source": "osm_drive_estimated", "estimated": true}, "geometry": {"type": "LineString", "coordinates": [[110.36683935985099, -7.784749271429504], [110.366858, -7.7846282], [110.3668419, -7.7847574], [110.3668199, -7.7849344], [110.3667509, -7.7854877], [110.366697, -7.7859204], [110.366661, -7.7862091], [110.3666257, -7.7864925], [110.3665898, -7.7867806], [110.3665533, -7.7870735], [110.3665197, -7.7873434], [110.3664799, -7.7876631], [110.3664769, -7.7876871], [110.3665164836438, -7.787650230803976]]}}, {"type": "Feature", "properties": {"route_id": "EV3", "from_stop_sequence": 10, "to_stop_sequence": 11, "from_activity_id": "6a8bac5fa4262ae1033d0d42", "to_activity_id": "6a854da0bbd0aa678bab5d44", "distance_m": 2877.226140807492, "source": "osm_drive_estimated", "estimated": true}, "geometry": {"type": "LineString", "coordinates": [[110.3665164836438, -7.787650230803976], [110.3664769, -7.7876871], [110.3664448, -7.7879442], [110.3664231, -7.7881185], [110.3663983, -7.7883175], [110.3663795, -7.7884683], [110.3663526, -7.7886843], [110.3663352, -7.7888235], [110.3663257, -7.7889001], [110.366316, -7.7889779], [110.3663029, -7.7890834], [110.3663482, -7.789186], [110.3663538, -7.7892064], [110.3663537, -7.7892285], [110.3663165, -7.7895408], [110.3663484, -7.7895578], [110.3663825, -7.789572], [110.3664161, -7.7895794], [110.3675496, -7.7896716], [110.3677163, -7.7896791], [110.3678796, -7.789678], [110.3682897, -7.7896638], [110.3683114, -7.7896644], [110.3684252, -7.7896643], [110.3685449, -7.7896762], [110.368637, -7.7896941], [110.3689199, -7.7897397], [110.3689548, -7.7897258], [110.3690083, -7.7896918], [110.3691857, -7.7895755], [110.3692201, -7.7895601], [110.3692554, -7.7895474], [110.3692961, -7.7895393], [110.3693394, -7.7895342], [110.3695854, -7.7895002], [110.3696318, -7.7894943], [110.3696814, -7.7894856], [110.3697305, -7.7894756], [110.3697737, -7.7894607], [110.3698151, -7.789444], [110.3698662, -7.7894225], [110.3700712, -7.7892839], [110.3704924, -7.7889944], [110.3713342, -7.7884179], [110.3714903, -7.7883123], [110.3715791, -7.7882568], [110.371703, -7.7881835], [110.3717716, -7.7881471], [110.3718438, -7.7881106], [110.3719488, -7.7880657], [110.3721709, -7.787984], [110.3722698, -7.7879509], [110.3723458, -7.7879285], [110.3724303, -7.7879104], [110.3725181, -7.7878936], [110.3726104, -7.7878797], [110.3727041, -7.7878671], [110.3730853, -7.7878434], [110.3731108, -7.787834], [110.3731332, -7.7878159], [110.3731489, -7.7877921], [110.3731609, -7.7877585], [110.3731794, -7.7876642], [110.3731687, -7.7874495], [110.3731671, -7.7873097], [110.3731711, -7.7872518], [110.3731786, -7.7871889], [110.3731917, -7.7871294], [110.3732062, -7.7870772], [110.3732217, -7.7870301], [110.3732393, -7.7869883], [110.3732625, -7.7869464], [110.3732872, -7.7869202], [110.3733179, -7.7868893], [110.3734534, -7.7868662], [110.3735448, -7.786853], [110.3736312, -7.786844], [110.3737159, -7.7868399], [110.3738018, -7.7868371], [110.3738659, -7.7868398], [110.373933, -7.7868447], [110.3740135, -7.7868535], [110.3740844, -7.786861], [110.3741459, -7.7868678], [110.374229, -7.7868774], [110.3742863, -7.786887], [110.374336, -7.7868972], [110.3743875, -7.7869105], [110.3744433, -7.7869274], [110.3745136, -7.7869497], [110.3746355, -7.7869914], [110.3747331, -7.7870306], [110.374825, -7.7870728], [110.3749137, -7.7871216], [110.3750088, -7.7871858], [110.3751514, -7.7872986], [110.375171, -7.7873119], [110.3752026, -7.7873467], [110.3752235, -7.7873774], [110.375241, -7.7874106], [110.3752505, -7.7874441], [110.3752556, -7.7874797], [110.3752576, -7.7875249], [110.3752536, -7.787571], [110.3752463, -7.7876139], [110.3752319, -7.7876675], [110.3751657, -7.7877883], [110.3750712, -7.7879606], [110.375022, -7.7880503], [110.374864, -7.7883515], [110.374832, -7.7883869], [110.3747934, -7.7884173], [110.37473, -7.7884592], [110.374664, -7.7884961], [110.3745943, -7.7885256], [110.3745316, -7.7885458], [110.3744613, -7.788561], [110.3743841, -7.7885693], [110.3742929, -7.7885758], [110.3741994, -7.788573], [110.3740572, -7.7885634], [110.3739748, -7.7885526], [110.3738854, -7.7885252], [110.3735805, -7.7884292], [110.3735076, -7.7883998], [110.3734461, -7.7883739], [110.3733895, -7.7883422], [110.3733434, -7.7883054], [110.3733048, -7.7882636], [110.3732715, -7.7882185], [110.3732434, -7.7881618], [110.3732263, -7.7881088], [110.3732127, -7.78804], [110.3732, -7.7880031], [110.3731846, -7.7879755], [110.3731619, -7.7879506], [110.3731341, -7.7879314], [110.3730977, -7.7879179], [110.3730548, -7.7879088], [110.373004, -7.7879077], [110.3727092, -7.7879261], [110.3726243, -7.787938], [110.3725341, -7.7879516], [110.3724574, -7.7879657], [110.3723765, -7.7879833], [110.3722925, -7.7880073], [110.3722055, -7.788036], [110.3721258, -7.7880648], [110.3720347, -7.7880989], [110.3719533, -7.7881319], [110.3718587, -7.788176], [110.371789, -7.7882102], [110.3717229, -7.7882454], [110.3716389, -7.7882917], [110.3715577, -7.7883434], [110.3713694, -7.7884671], [110.3705235, -7.7890492], [110.3701368, -7.789316], [110.3699183, -7.789464], [110.3698672, -7.7894919], [110.3698137, -7.7895153], [110.369749, -7.7895358], [110.3696885, -7.7895488], [110.3696511, -7.7895539], [110.3694199, -7.7895803], [110.3693737, -7.7895878], [110.3693287, -7.789598], [110.3692311, -7.7896302], [110.3691749, -7.7896622], [110.3691291, -7.7897095], [110.3690921, -7.7897588], [110.369062, -7.789794], [110.3690206, -7.7898214], [110.368995, -7.7898164], [110.3689599, -7.7897878], [110.368927, -7.7897589], [110.3686246, -7.7897113], [110.368582, -7.7897039], [110.3685571, -7.7897097], [110.3685417, -7.7897325], [110.3685309, -7.7897989], [110.3685265, -7.789833], [110.3685214, -7.7898615], [110.3685065, -7.7899463], [110.3684999, -7.7899717], [110.3684705, -7.7900554], [110.3684521, -7.7901044], [110.3684024, -7.7902199], [110.3683503, -7.7903239], [110.3683311, -7.7903461], [110.368312, -7.7903607], [110.3682833, -7.7903766], [110.3682555, -7.790386], [110.3682143, -7.7903915], [110.3681758, -7.7903928], [110.3681377, -7.7903919], [110.3681058, -7.7903889], [110.368076, -7.7903823], [110.3680021, -7.790353], [110.367956, -7.7903025], [110.3679303, -7.7902786], [110.3679051, -7.7902629], [110.3676698, -7.7901607], [110.3676355, -7.7901528], [110.367602, -7.790148], [110.3673772, -7.7901352], [110.3668984, -7.7901076], [110.3668177, -7.7901032], [110.3667364, -7.7900986], [110.3666589, -7.7901187], [110.3666321, -7.7901222], [110.3666062, -7.7901229], [110.3663424, -7.7901111], [110.3662409, -7.790106], [110.3662051, -7.7901043], [110.3661948, -7.7901049], [110.3661847, -7.7901092], [110.3661761, -7.7901165], [110.3661701, -7.790125], [110.3661661, -7.7901355], [110.366114, -7.7905501], [110.3660791, -7.7908276], [110.3660387, -7.7911494], [110.3660157, -7.7913323], [110.3659763, -7.7916462], [110.3659611, -7.7917676], [110.36611832728073, -7.790937054153417]]}}, {"type": "Feature", "properties": {"route_id": "EV3", "from_stop_sequence": 13, "to_stop_sequence": 14, "from_activity_id": "6a8555e83dbe4dacc7849c7a", "to_activity_id": "6a8a88b40d6732db988bfbb8", "distance_m": 380.206482124675, "source": "osm_drive_estimated", "estimated": true}, "geometry": {"type": "LineString", "coordinates": [[110.36499709175035, -7.79990342392729], [110.3649645, -7.799674], [110.3648397, -7.7996082], [110.3645569, -7.799459], [110.3644609, -7.7994291], [110.3643633, -7.7993261], [110.3642992, -7.7992891], [110.3640669, -7.7992772], [110.3634145, -7.7992061], [110.3632777, -7.7991911], [110.3629403, -7.7992063], [110.3628474, -7.7992079], [110.362803, -7.7992148], [110.3626871, -7.7992252], [110.3625503, -7.7992225], [110.3624716, -7.7992148], [110.3620968, -7.7991748], [110.36208001256682, -7.799398820735533]]}}, {"type": "Feature", "properties": {"route_id": "EV3", "from_stop_sequence": 14, "to_stop_sequence": 15, "from_activity_id": "6a8a88b40d6732db988bfbb8", "to_activity_id": "6a8a8a110d6732db988bfe24", "distance_m": 400.0257422201485, "source": "osm_drive_estimated", "estimated": true}, "geometry": {"type": "LineString", "coordinates": [[110.36208001256682, -7.799398820735533], [110.3620968, -7.7991748], [110.3621366, -7.7984505], [110.3621406, -7.7981323], [110.3621428, -7.7978363], [110.3621351, -7.7976402], [110.362149, -7.7971658], [110.3621715, -7.7968187], [110.3621694, -7.7967146], [110.3621662, -7.7964945], [110.3621554, -7.7963667], [110.3621482, -7.7963089], [110.3621422, -7.7962647], [110.3621322, -7.7962233], [110.3621176, -7.7961872], [110.3621028, -7.7961594], [110.3620769, -7.7961284], [110.3620474, -7.7960983], [110.3620079, -7.7960669], [110.3618854, -7.7959903], [110.36181950219066, -7.7960169118630205]]}}]}
